Source-Opus;Titel;Autoren;Englischer Titel;Urheber (Inst.);sonst. Beteiligte;sonst.bet.Inst.;Autorenversion;Schlagwörter;Schlagwörter englisch;Sprache des 1. Abstracts;1. Abstract;Sprache des 2. Abstracts;2. Abstract;Erstellungsjahr;Dokumentart;DDC-Sachgruppe;Sprache;ISBNs;ISSNs;Quelle;Klassifikationen;Publikationsdatum;URN;DOI;Lizenz;Begutachtungsstatus;Bemerkung;Link auf Nachweis;Link pdf-Dateien
"11850";"Editorial. Schwerpunktthema: Einstellungsforschung zum inklusiven Unterricht";"Schwab, Susanne; Feyerer, Ewald";"";"";"";"";"Originalveröffentlichung";"Inklusion; Schule; Integrative Pädagogik; Integrative Schule; Sonderpädagogik; Einstellung <Psy>; Behinderter; Deutschland; Österreich";"Inclusion; School; Inclusive education; Inclusive school; Disabled person; Handicapped; Germany";"Deutsch";"Die Erforschung von Einstellungen über schulische Inklusion zählt zu den Themen, welche in den letzten Jahrzehnten boomen. [...] Die Entwicklung in Richtung inklusive Schulsysteme stellt für alle Beteiligten sowie für die gesamte Bevölkerung eine Herausforderung dar und ist mitunter auch von positiven Einstellungen abhängig. Das vorliegende Heft versucht der aktuellen Entwicklung Rechnung zu tragen, indem Forschungsergebnisse aus Deutschland und Österreich mit verschiedenen Forschungsdesigns (insbesondere qualitative und quantitative Designs) als auch unterschiedlichen Zielgruppen (Schülerinnen und Schüler, Lehramtsstudierende, Lehrkräfte) in einem Heft zusammengeführt werden. Dadurch eröffnet sich die Möglichkeit ein tieferes Verständnis in Bezug auf die aktuelle Einstellungsforschung zu erlangen. Forschungsbezogene Ideen können identifiziert werden, um die künftige Forschung weiterzuentwickeln. (DIPF/Orig.)";"Deutsch";"";"2016";"Aufsatz (Zeitschrift)";"370";"ger";"";"1869-4845";"Empirische Sonderpädagogik 8 (2016) 1, S. 3-4";"Pädagogische Teildisziplin: Sonderpädagogik";"08.03.2016";"urn:nbn:de:0111-pedocs-118508";10.25656/01:11850;"Deutsches Urheberrecht";Peer-Review;"";"https://www.pedocs.de/volltexte/2016/11850/";"https://www.pedocs.de/volltexte/2016/11850/pdf/ESP_2016_1_Schwab_Feyerer_Editorial.pdf"
"11851";"Konstruktion und empirische Validierung eines Instrumentes zur Erfassung der Einstellungen von Schülerinnen und Schülern gegenüber Peers mit Beeinträchtigung, anderer Herkunft und niedrigem sozioökonomischem Status";"Lindemann, Holger";"Construction and empirical validation of an instrument for measuring attitudes of school pupils towards their peers with disability, of other origin and with low socioeconomic status";"";"";"";"Originalveröffentlichung";"Schüler; Einstellung <Psy>; Behinderter; Soziale Herkunft; Sozioökonomischer Status; Messinstrument; Akzeptanz; Erhebungsinstrument; Integrative Schule; Inklusion; Sekundarbereich; Reliabilität; Validität; Faktorenanalyse; Empirische Untersuchung; Deutschland";"Pupil; Pupils; Disabled person; Handicapped; Social origin; Socio-economic status; Socioeconomic status; Measurement instrument; Acceptance; Mail surveys; Inclusive education; Inclusive school; Inclusion; Secondary education; Reliability; Factor analysis; Empirical study; Germany";"Deutsch";"Aktuelle Instrumente zur Erfassung der Einstellungen gegenüber Peers mit Beeinträchtigung differenzieren nicht zwischen verschiedenen Formen von Beeinträchtigung. Sie berücksichtigen nicht, was die befragten Schülerinnen und Schüler unter Beeinträchtigung verstehen. Des Weiteren messen sie auch keine Einstellungen gegenüber anderen Personengruppen, wie Peers anderer Herkunft, oder aus schwierigen sozioökonomischen Verhältnissen. Es wurde ein Instrument konstruiert, das die Einstellungen gegenüber unterschiedlichen Personengruppen differenziert erfassen soll. Berichtet werden die Ergebnisse einer Untersuchung mit 428 Schülerinnen und Schülern der Klassenstufen 5 bis 10. Die zur Erfassung der Einstellungen gegenüber verschiedenen Personengruppen formulierten Items wurden in einer zufallsgenerierten Teilstichprobe explorativ auf ihre Faktorenstruktur hin untersucht (EFA). Anhand der zweiten Teilstichprobe wurde eine konfirmatorische Faktorenanalyse (KFA) zur Kreuzvalidierung des explorativ erstellten Modells durchgeführt. Die Untersuchung ergab eine dreifaktorielle Struktur, mit Skalen zu „Einstellungen zu Peers mit Beeinträchtigung“ (Faktor 1), „Einstellungen zu Peers anderer Herkunft“ (Faktor 2) und „Einstellungen zu Peers mit schwierigem sozioökonomischem Hintergrund“ (Faktor 3). Berichtet werden die Ergebnisse der Faktoren-, Reliabilitäts- und Validitätsanalysen. (DIPF/Orig.)";"Englisch";"Current instruments for measuring the attitudes towards peers with disabilities do not differentiate between different forms of handicap. They also don’t ask after the students understanding of disability. In addition, they don’t measure the attitudes towards other groups, such as peers of other origins, or from difficult socio-economic conditions. An instrument was designed to measure differentiated attitudes towards diverse groups of peers. Reported are the results of a study with 428 students from grades 5 to 10. In a randomized subsample the items constructed to measure the attitudes towards different groups of peers underwent an Exploratory Factor Analysis (EFA). On the basis of the second subsample a Confirmatory Factor Analysis (CFA) was conducted for a cross-validation of the model that was created in the EFA. Reported are the results of both factor analyzes and thereon based analyzes of variance. The study revealed a structure with three factors: „Attitudes towards peers with disabilities“ (factor 1), „Attitudes towards peers of other origins“ (factor 2) and „Attitudes towards peers with difficult socio-economic background“ (factor 3). Reported are the results of the different factor analyses, the analyses of reliability and validity. (DIPF/Orig.)";"2016";"Aufsatz (Zeitschrift)";"370";"ger";"";"1869-4845";"Empirische Sonderpädagogik 8 (2016) 1, S. 5-21";"Pädagogische Teildisziplin: Schulpädagogik; Sonderpädagogik";"08.03.2016";"urn:nbn:de:0111-pedocs-118512";10.25656/01:11851;"Deutsches Urheberrecht";Peer-Review;"";"https://www.pedocs.de/volltexte/2016/11851/";"https://www.pedocs.de/volltexte/2016/11851/pdf/ESP_2016_1_Lindemann_Konstruktion_und_empirische_Validierung.pdf"
"11852";"Konstruktion und Validierung eines Einstellungsfragebogens zu Inklusion für Lehrkräfte (EFI-L)";"Seifried, Stefanie; Heyl, Vera";"Construction and validation of a questionnaire on attitudes towards inclusion for teachers";"";"";"";"Originalveröffentlichung";"Inklusion; Einstellung <Psy>; Schule; Lehrer; Allgemein bildende Schule; Sonderschule; Grundschule; Weiterführende Schule; Fragebogen; Validität; Fragebogenerhebung; Deutschland";"Inclusion; School; Teacher; General education school; School for the handicapped; Special needs school; Special school; Elementary School; Primary school; Primary school lower level; Questionnaire; Questionnaire survey; Germany; Inclusive education; Inclusive school";"Deutsch";"Im vorliegenden Beitrag wird die Konstruktion und Validierung des „Einstellungsfragebogens zu Inklusion für Lehrkräfte“ (EFI-L) dargestellt. Ziel der Studie war es, einen Fragebogen für Lehrkräfte zu erstellen, der sowohl die kognitive als auch die behaviorale sowie die affektive Komponente der Einstellung zu Inklusion abbildet und dabei schüler- sowie lehrerbezogene Einstellungen berücksichtigt. Die Validierung des Instruments wurde an einer Stichprobe von n=652 Lehrkräften an Grund-, Sonder- und weiterführenden Schulen vorgenommen. Über eine Hauptkomponentenanalyse sowie eine konfirmatorische Faktorenanalyse (Strukturgleichungsmodellierung) konnte eine dreifaktorielle Struktur identifiziert werden, die die beiden schülerbezogenen Faktoren „Fachliche Förderung im inklusiven Unterricht“ und „Soziale Inklusion im Unterricht“ umfasst sowie den lehrerbezogenen Faktor „Persönliche Bereitschaft zu inklusivem Unterricht“. Die Faktoren bilden sowohl kognitive als auch behavioral-affektive Komponenten der Einstellung ab. (DIPF/Orig.)";"Englisch";"This paper describes the construction and validation of the “Questionnaire on Attitudes towards Inclusion for Teachers”. The study aims to develop a questionnaire for teachers that comprises cognitive, behavioral, as well as affective components of attitudes towards inclusion and at the same time considers student- and teacher-focused attitudes. Validation was conducted based on data from n=652 primary school, secondary school, and special education teachers. Principal component analysis and confirmatory factor analysis (structural equation modeling) identified a three-dimensional structure involving two student-focused factors, i.e., “Promoting academic competencies in inclusive classrooms” and “Social inclusion in school”, and the teacher-focused factor “Individual readiness for inclusive education”. The factors represent cognitive and behavioral-affective attitude components. (DIPF/Orig.)";"2016";"Aufsatz (Zeitschrift)";"370";"ger";"";"1869-4845";"Empirische Sonderpädagogik 8 (2016) 1, S. 22-35";"Pädagogische Teildisziplin: Schulpädagogik; Sonderpädagogik";"08.03.2016";"urn:nbn:de:0111-pedocs-118527";10.25656/01:11852;"Deutsches Urheberrecht";Peer-Review;"";"https://www.pedocs.de/volltexte/2016/11852/";"https://www.pedocs.de/volltexte/2016/11852/pdf/ESP_2016_1_Seifried_Heyl_Konstruktion_und_Validierung.pdf"
"11853";"Entwicklung und Validierung eines Online-Surveys zur Erhebung von Kompetenzen und Einstellungen von Lehrkräften bezüglich der Inklusion";"Przibilla, Bodo; Lauterbach, Alexandra; Boshold, Frederik; Linderkamp, Friedrich; Krezmien, Michael";"Development and validation of an online-survey to assess inclusive competence and attitudes of teachers";"";"";"";"Originalveröffentlichung";"Inklusion; Einstellung <Psy>; Lehrer; Erhebungsinstrument; Online; Survey; Integrative Schule; Pädagogische Kompetenz; Schule; Validität; Reliabilität; Interview; Deutschland";"Inclusion; Teacher; Mail surveys; On line; Inclusive education; Inclusive school; School; Reliability; Germany";"Deutsch";"Inklusiver Unterricht konfrontiert Lehrpersonen mit neuen und komplexen Herausforderungen, zu deren Bewältigung positive Einstellungen und professionelle Kompetenzen zentrale Ressourcen darstellen. Vorliegende Erhebungsinstrumente zu ausgewählten Einstellungsaspekten sind mehrheitlich methodisch eindimensional konzipiert, handlungsleitendes Wissen und Kompetenzen werden nicht ausreichend berücksichtigt. Der Beitrag dokumentiert die Entwicklung und Validierung eines mixed-method Online-Fragebogens zur Erhebung der Einstellungen und Kompetenzen von Lehrkräften zur Inklusion. Zur Überprüfung der inhaltlichen Validität sowie der Testnebengütekriterien wurden kognitive Interviews mit 12 Lehrpersonen geführt und inhaltsanalytisch ausgewertet. Zur Reliabilitätsprüfung wurde das Instrument an einer Stichprobe von N = 77 Lehrpersonen pilotiert und statistisch analysiert. Die Ergebnisse belegen gute Reliabilitätskennwerte sowie eine inhaltlich valide, drei-dimensionale Faktorenstruktur. Die Aussagen der Interviewpartner lieferten eine hochwertige Datengrundlage zur empirisch-begründeten Revision des Instruments hinsichtlich Item-Formulierung, Antwortformate und Online-Präsentation. (DIPF/Orig.)";"Englisch";"Inclusive Education signifies new and complex challenges for teachers. To meet these challenges favorable attitudes and professional competencies are essential requirements. Current instruments focusing on specific attitude aspects are constructed methodologically one-dimensional. Practice related knowledge and competencies are taken into account insufficiently. The paper presents the generation and validation of a mixed-method Online-Questionnaire for measuring attitudes and competencies of teachers regarding inclusion. To access content validity and a high methodological quality, cognitive interviews with 12 teachers were run and analyzed using content-analysis. For reliability analysis the instrument was piloted in a sample of N =77 teachers. Statistical analyzis show high reliability scores and a valid, three dimensional factor structure. The statements of the interviewees provide detailed and sophisticated data for empirical revisions of the instrument regarding question-wording, response-format and online-presentation. (DIPF/Orig.)";"2016";"Aufsatz (Zeitschrift)";"370";"ger";"";"1869-4845";"Empirische Sonderpädagogik 8 (2016) 1, S. 36-53";"Pädagogische Teildisziplin: Schulpädagogik; Sonderpädagogik";"08.03.2016";"urn:nbn:de:0111-pedocs-118534";10.25656/01:11853;"Deutsches Urheberrecht";Peer-Review;"";"https://www.pedocs.de/volltexte/2016/11853/";"https://www.pedocs.de/volltexte/2016/11853/pdf/ESP_2016_1_Przibilla_ua_Entwicklung_und_Validierung.pdf"
"11854";"Einstellung zu Inklusion? Implikationen aus Sicht qualitativer Forschung im Kontext der Entwicklung inklusiver Schulen";"Gasterstädt, Julia; Urban, Michael";"Attitudes to inclusion? Implications from the perspective of qualitative research in the context of the development of inclusive schools";"";"";"";"Originalveröffentlichung";"Inklusion; Einstellung <Psy>; Integrative Schule; Affektive Entwicklung; Soziale Entwicklung; Erziehungshilfe; Lehrer; Forschungsstand; Schulentwicklung; Empirische Forschung";"Inclusion; Inclusive education; Inclusive school; Affective development; Social change; Social development; Voluntary supervision; Teacher; School development; Empirical research";"Deutsch";"Die Einstellung zu Integration oder Inklusion wird als wichtiger Faktor im Kontext der Entwicklung inklusiver Schulen betrachtet. Insbesondere die Einstellung von Lehrkräften zu Integration oder Inklusion wird auf Grund der Annahme untersucht, dass sie Einfluss auf das Handeln der Lehrkräfte habe. Der vorliegende Beitrag beschäftigt sich mit der Frage, welches Erkenntnispotenzial durch die Forschung über Einstellung zu Inklusion oder Integration eröffnet wird. Dazu wird zunächst der Forschungsstand bezogen auf konzeptionell ungeklärte Aspekte untersucht. Anschließend werden Ergebnisse aus dem Forschungsprojekt „Sozial-emotionale Entwicklung und schulische Erziehungshilfe – Ausdifferenzierung von Handlungsformen und reflexiven Strukturen in inklusiven Schulen“ hinzugezogen, um auf Basis dieser qualitativ-explorativ angelegten Studie alternative Zugänge zu Einstellungen und deren Bedeutung für die Realisierung eines inklusiven Schulsystems zu skizzieren. (DIPF/Orig.)";"Englisch";"Based on the assumption that the attitudes towards integration or inclusion impact on the behavior of teachers, attitudes are considered as an important factor for the development of inclusive schools. This article is going to discuss the question, what insights the research on attitudes to integration or inclusion can or cannot give us. First, we will summarize with a critical view the state of research on attitudes towards integration or inclusion in the context of inclusive schools to then identify those issues that have not been sufficiently addressed and conceptualized so far. Second, we will consult findings of the qualitative research project “Social-emotional Development and educational Support in Schools – Differentiation of Forms of Action and reflexive Structures in inclusive Schools”. On the basis of these findings we will propose and discuss an alternative analytical approach to the study of attitudes and their meaning for the development of inclusive practices in schools. (DIPF/Orig.)";"2016";"Aufsatz (Zeitschrift)";"370";"ger";"";"1869-4845";"Empirische Sonderpädagogik 8 (2016) 1, S. 54-66";"Pädagogische Teildisziplin: Schulpädagogik; Sonderpädagogik";"08.03.2016";"urn:nbn:de:0111-pedocs-118547";10.25656/01:11854;"Deutsches Urheberrecht";Peer-Review;"";"https://www.pedocs.de/volltexte/2016/11854/";"https://www.pedocs.de/volltexte/2016/11854/pdf/ESP_2016_1_Gasterstaedt_Urban_Einstellung_zu_Inklusion.pdf"
"11855";"Einstellungen und Motivation von Lehramtsstudentinnen und -studenten in Bezug auf den inklusiven Unterricht in der Grundschule. Ein Vergleich zwischen Deutschland und Österreich";"Hellmich, Frank; Görel, Gamze; Schwab, Susanne";"Pre-service teachers’ attitudes and motivation in relation to inclusive education in primary school. A comparison between Germany and Austria";"";"";"";"Originalveröffentlichung";"Inklusion; Einstellung <Psy>; Lehrer; Lehramtsstudent; Lehrerausbildung; Integrative Schule; Selbstwirksamkeit; Motivation; Internationaler Vergleich; Deutschland; Österreich";"Inclusion; Teacher; Student teachers; Teacher education; Teacher training; Inclusive education; Inclusive school; Self efficacy; Cross-national comparison; International comparison; Germany";"Deutsch";"In Folge der Ratifizierung der UN-Konvention über die Rechte von Menschen mit Behinderungen durch die deutschsprachigen Länder ergeben sich an verschiedenen Stellen in den Bildungssystemen Herausforderungen, die es zukünftig mit dem Blick auf die Gestaltung inklusiver Bildungsprozesse erfolgreich zu bewältigen gilt. Im Besonderen stellt sich gegenwärtig die Frage nach effizienten Möglichkeiten der Ausbildung angehender Lehrerinnen und Lehrer für inklusive Schulen. In unserer Studie untersuchen wir einerseits Unterschiede in Einstellungen zur Inklusion, Selbstwirksamkeitsüberzeugungen, Motivation sowie Erfahrungen aus dem integrativen bzw. inklusiven Unterricht im Rahmen von Schulpraktika zwischen Lehramtsstudentinnen und -studenten mit dem Studienschwerpunkt Grundschule aus Deutschland (N=765) und Österreich (N=519). Die Ergebnisse geben Hinweise darauf, dass die österreichischen Studentinnen und Studenten über signifikant positivere Einstellungen zur Inklusion sowie über signifikant höhere Selbstwirksamkeitsüberzeugungen in Bezug auf die zukünftige Gestaltung inklusiven Unterrichts verfügen als die deutschen Studentinnen und Studenten. Darüber hinaus wird anhand von Strukturgleichungsmodellen deutlich, dass sich Einstellungen zur Inklusion in beiden Stichproben über die Selbstwirksamkeitsüberzeugungen sowie über die Erfahrungen mit inklusivem Unterricht aus Schulpraktika bei den Studentinnen und Studenten erklären lassen. Die Motivation, sich im Studium mit inklusionspädagogischen Fragestellungen zu beschäftigen, wird in beiden Stichproben über die Einstellungen zur Inklusion vorhergesagt. (DIPF/Orig.)";"Englisch";"The ratification of the UN-Convention on the Rights of Persons with Disabilities by the Germanspeaking countries leads to challenges in the educational systems. In particular, this concerns effective ways of elaborating inclusive learning processes on the one hand and creating opportunities for a systematic training of teachers for inclusive schools on the other hand. In this study, we investigate differences in attitudes towards inclusion, self-efficacy beliefs, motivation and experiences in joint education of children with and without special needs between pre-service teachers from Germany (N=765) and Austria (N=519). The results show that the Austrian students have significantly more positive attitudes towards inclusion and significantly higher selfefficacy beliefs in terms of the elaboration of inclusive learning than the German students. The results from structural equation modelling illustrate the importance of self-efficacy beliefs and experiences in joint education of children with and without special needs regarding the pre-service teachers’ attitudes towards inclusive education. In both samples pre-service teachers’ motivation to engage in inclusive educational issues during their studies are predicted by their attitudes towards inclusive education. (DIPF/Orig.)";"2016";"Aufsatz (Zeitschrift)";"370";"ger";"";"1869-4845";"Empirische Sonderpädagogik 8 (2016) 1, S. 67-85";"Pädagogische Teildisziplin: Interkulturelle und International Vergleichende Erziehungswissenschaft; Sonderpädagogik";"08.03.2016";"urn:nbn:de:0111-pedocs-118552";10.25656/01:11855;"Deutsches Urheberrecht";Peer-Review;"";"https://www.pedocs.de/volltexte/2016/11855/";"https://www.pedocs.de/volltexte/2016/11855/pdf/ESP_2016_1_Hellmich_ua_Einstellungen_und_Motivation.pdf"
"11856";"Einstellungen und inklusionsbezogene Selbstwirksamkeitsüberzeugungen von Lehramtsstudierenden und Lehrpersonen im Berufseinstieg. Messverfahren und Befunde aus einem Mixed-Methods-Design";"Hecht, Petra; Niedermair, Claudia; Feyerer, Ewald";"Teachers’ efficacy of student teachers and novice teachers to implement inclusive practices as a question of research methods. Results from a mixed-methods design";"";"";"";"Originalveröffentlichung";"Inklusion; Einstellung <Psy>; Lehrer; Lehramtsstudent; Selbstwirksamkeit; Professionalisierung; Pädagogische Kompetenz; Fragebogenerhebung; Gruppendiskussion; Österreich";"Inclusion; Teacher; Student teachers; Self efficacy; Professionalization; Questionnaire survey; Group discussion; Austria";"Deutsch";"Im folgenden Beitrag werden Messverfahren und ausgewählte Befunde aus dem Forschungsprojekt „Einstellungen und Kompetenzen von LehramtsstudentInnen und LehrerInnen für die Umsetzung inklusiver Bildung“ (2011 – 2013) diskutiert. Die Studie zweier pädagogischer Hochschulen aus Österreich war im Kontext einer Neuausrichtung der Studienarchitektur zur Bildung von Pädagoginnen und Pädagogen angesiedelt. Im Zentrum standen hochschuldidaktische Faktoren, die den Aufbau von Einstellungen und Selbstwirksamkeitsüberzeugungen zur Umsetzung inklusiver Bildung begünstigen. In einem Mixed-Methods-Design (N=1532) wurden diese mit zwei Skalen erfasst, die erstmalig im deutschen Sprachraum zur Anwendung kamen. Ergänzend zur quantitativen Erhebung erfolgte die Erfassung qualitativer Daten mittels Gruppendiskussionen. Es zeigte sich, dass die Studierenden über eher befürwortende Einstellungen und hohe inklusive Selbstwirksamkeitsüberzeugungen verfügen, die sich im Zuge der Ausbildung positiv verändern. Die Gruppendiskussionen erlauben vertiefende Einblicke, sodass bestätigende, aber auch abweichende Befunde zu berichten sind. (DIPF/Orig.)";"Englisch";"This paper examines sentiments, attitudes and self-efficacy beliefs of prospective and in-service teachers to implement inclusive education. The study is based on a mixed methods design, which included a questionnaire study and group discussions. As part of the study the questionnaire was translated from English into German. The Data indicate that the students show rather positive attitudes and largely high teacher efficacy beliefs. In addition they experienced positive changes in the course of their teacher education. Group discussions provide a range of further insights and contribute to identify factors of attitudes and teacher efficacy beliefs to implement inclusive education. (DIPF/Orig.)";"2016";"Aufsatz (Zeitschrift)";"370";"ger";"";"1869-4845";"Empirische Sonderpädagogik 8 (2016) 1, S. 86-102";"Pädagogische Teildisziplin: Sonderpädagogik";"08.03.2016";"urn:nbn:de:0111-pedocs-118568";10.25656/01:11856;"Deutsches Urheberrecht";Peer-Review;"";"https://www.pedocs.de/volltexte/2016/11856/";"https://www.pedocs.de/volltexte/2016/11856/pdf/ESP_2016_1_Hecht_ua_Einstellungen_und_inklusionsbezogene.pdf"
"11857";"Die Entwicklung der Einstellung zum inklusiven Lernen und der Selbstwirksamkeit von Grundschullehrkräften";"Bosse, Stefanie; Henke, Thorsten; Jäntsch, Christian; Lambrecht, Jennifer; Vock, Miriam; Spörer, Nadine";"The development of inclusive attitudes and self-efficacy of primary school teachers";"";"";"";"Originalveröffentlichung";"Inklusion; Einstellung <Psy>; Lehrer; Selbstwirksamkeit; Einflussfaktor; Grundschule; Fragebogenerhebung; Empirische Untersuchung; Deutschland";"Inclusion; Teacher; Self efficacy; Elementary School; Primary school; Primary school lower level; Questionnaire survey; Empirical study; Germany";"Deutsch";"Die vorliegende Studie fokussierte die längsschnittliche Entwicklung der Einstellung zum inklusiven Lernen und der Selbstwirksamkeit von Grundschullehrkräften sowie die Prädiktion des Belastungserlebens durch diese beiden Konstrukte. Hierfür wurden Daten von N = 321 Grundschullehrkräften zu drei Messzeitpunkten per Onlinefragebogen erhoben. Zur Prüfung der Zusammenhänge wurden lineare Strukturgleichungsmodelle gerechnet. Es zeigte sich, dass die Messeigenschaften beider Konstrukte über die Zeit vergleichbar waren und die Stabilität der Konstrukte über die Zeit hoch ausfiel. Darüber hinaus wurden keine bedeutsamen kreuzverzögerten Effekte der Selbstwirksamkeit auf die Einstellung ermittelt. Gleichwohl ergaben die Analysen statistisch bedeutsame prädiktive Effekte der Einstellung auf die unterrichtsbezogenen Belastungen. Je positiver die Einstellung, desto weniger Belastungen wurden berichtet. Hinsichtlich der Selbstwirksamkeit blieb der prädiktive Effekt auf die Belastung aus. (DIPF/Orig.)";"Englisch";"The present study investigated the longitudinal development of attitudes towards inclusive education and self-efficacy of primary school teachers. Furthermore, it analyzed if attitudes as well as self-efficacy predict teachers’ experience of stress. Therefore, at three measurement points N = 321 primary school teachers completed an online-questionnaire. Structural equation models and a latent autoregressive model were applied for the statistical analysis. Measurement invariance could be determined for both the attitude and the self-efficacy scale. Results showed a high stability of both attributes. However, no cross-lagged effects were found. Finally, inclusive attitudes had statistically significant predictive effects on the experience of stress. In this sense, a more positive attitude was associated with less perceived stress. With regard to self-efficacy, no predictive effect on the experience of stress was found. (DIPF/Orig.)";"2016";"Aufsatz (Zeitschrift)";"370";"ger";"";"1869-4845";"Empirische Sonderpädagogik 8 (2016) 1, S. 103-116";"Pädagogische Teildisziplin: Schulpädagogik; Sonderpädagogik";"08.03.2016";"urn:nbn:de:0111-pedocs-118570";10.25656/01:11857;"Deutsches Urheberrecht";Peer-Review;"";"https://www.pedocs.de/volltexte/2016/11857/";"https://www.pedocs.de/volltexte/2016/11857/pdf/ESP_2016_1_Bosse_ua_Die_Entwicklung_der_Einstellung.pdf"
"12300";"Wie lässt sich Klassenführungsexpertise messen? Überprüfung eines videobasierten Erhebungsinstruments für Lehrkräfte unter Anwendung der Generalisierbarkeitstheorie";"Casale, Gino; Strauß, Sarah; Hennemann, Thomas; König, Johannes";"How can classroom management expertise be measured? An examination of a video-based assessment for teachers using generalizability theory";"";"";"";"Originalveröffentlichung";"Lehrer; Kompetenz; Klassenführung; Kompetenzmessung; Videoaufzeichnung; Test; Testkonstruktion; Erhebungsinstrument; Evaluation; Reliabilität; Validität; Verallgemeinerung; Theorie";"Teacher; Competency; Classroom techniques; Competency measurement; Skills measurement; Skills measurements; Mail surveys; Reliability; Theory";"Deutsch";"Klassenführungsexpertise stellt ein wesentliches Merkmal der professionellen Kompetenz von Lehrkräften dar und geht mit positiven Wirkungen sowohl hinsichtlich der Qualität des Unterrichts als auch im Kontext sonderpädagogischer Förderung einher. Um kognitive Anforderungsdimensionen von Klassenführungsexpertise zu erfassen, wurde ein Testverfahren entwickelt, das anhand von 4 Videovignetten und 27 Items die Genauigkeit der Wahrnehmung (1), die holistische Wahrnehmung (2) und die Rechtfertigung einer Handlung (3) als situationsspezifische Eigenschaften von Klassenführungsexpertise misst. In der vorliegenden Generalisierbarkeitsstudie wurde unter Verwendung einer Stichprobe (n=188) von Lehramtsstudierenden, Referendaren und Referendarinnen sowie berufstätigen Lehrpersonen den Fragen nachgegangen, (a) wieviel Varianz auf die verschiedenen Facetten (Personen, Videos, Items) zurückzuführen ist sowie b) ob sich die Generalisierbarkeit der Befunde durch eine höhere Anzahl an Videovignetten verbessern lässt. Die Ergebnisse zeigen erwartungskonform, dass der Großteil der erklärbaren Varianz auf die Items (22%) zurückzuführen ist. Die Videovignetten (0.54%) bzw. die Interaktion der Videos mit den Personen (1.77%) erklären hingegen nur einen marginalen Varianzanteil. Es bleibt ein großer Anteil nicht aufzuklärender Residualvarianz (66%). Der Generalisierbarkeitskoeffizient liegt mit Ep2=.75 im zufriedenstellenden Bereich und lässt sich durch eine höhere Anzahl an Videos nur geringfügig steigern (Ep2=.84 bei 10 Videos). Die Ergebnisse weisen darauf hin, dass die gewählten Videovignetten eine repräsentative Auswahl an Unterrichtssituationen darstellen, eine höhere Anzahl an Videos aus ökonomischen Gründen jedoch nicht zu empfehlen ist. (DIPF/Orig.)";"Englisch";"Classroom Management Expertise (CME) is a substantial feature of teachers’ professional competence. A high level of CME has positive effects on both the quality of teaching and the success of special education interventions. To measure 3 cognitive demands of CME (accuracy of perception, holistic perception, justification of action), a test consisting of 4 video clips and 27 items was developed. In this generalizability study, we used a sample (n=188) of undergraduate student teachers, graduate student teachers and trained teachers to analyze a) how much of the variance can be attributed to various factors (person, video, item) and b) the number of video clips we need for a good generalizability. Most of the variance is attributable to the items (22%). Only a marginal amount of variance is attributable to the video clips (0.54%) and to the videos’ interaction effect with the persons (1.77%). A large amount of residual variance remains unexplainable (66%). The generalizability coefficient reaches an acceptable value of Ep2=.75, while there is just a slight increase of the G coefficient when more clips are used (Ep2=.84 for 10 lips). Our results underline the generalizability of the video clips used in the test. Thus from a cost-benefit perspective, the use of a larger number video clips is not recommended. (DIPF/Orig.)";"2016";"Aufsatz (Zeitschrift)";"370";"ger";"";"1869-4845";"Empirische Sonderpädagogik 8 (2016) 2, S. 119-139";"Pädagogische Teildisziplin: Empirische Bildungsforschung; Schulpädagogik";"13.07.2016";"urn:nbn:de:0111-pedocs-123007";10.25656/01:12300;"Deutsches Urheberrecht";Peer-Review;"";"https://www.pedocs.de/volltexte/2016/12300/";"https://www.pedocs.de/volltexte/2016/12300/pdf/ESP_2016_2_Casale_et_al_Wie_laesst_sich_Klassenfuehrungsexpertise.pdf"
"12301";"Der Zusammenhang der Theorie des geplanten Verhaltens mit der selbstberichteten Individualisierungspraxis von Lehrpersonen";"Schüle, Christoph; Schriek, Josina; Besa, Kris-Stephen; Arnold, Karl-Heinz";"The theory of planned behavior in relation to teachers’ self-reported individualized teaching";"";"";"";"Originalveröffentlichung";"Lehrer; Selbstwirksamkeit; Überzeugung; Einstellung <Psy>; Soziale Norm; Verhaltenstheorie; Individualisierender Unterricht; Inklusion; Einflussfaktor; Erhebungsinstrument; Faktorenanalyse; Fragebogen; Reliabilität; Validität";"Teacher; Self efficacy; Social norm; Individualized instruction; Inclusion; Mail surveys; Factor analysis; Questionnaire; Reliability";"Deutsch";"Einstellungen stellen als Teil der professionellen Handlungskompetenz von Lehrpersonen eine wichtige handlungsleitende Determinante des Unterrichtsgeschehens dar. Hierzu wird auf Basis der Theorie des geplanten Verhaltens ein Erwartungs-mal-Wert-theoretisches Einstellungsinstrument faktoriell validiert und der Zusammenhang der inklusiven Einstellung, Normvorstellung und Lehrerselbstwirksamkeitsüberzeugung mit der selbstberichteten Individualisierungspraxis von Lehrpersonen betrachtet. Die Ergebnisse einer exploratorischen Faktorenanalyse zeigen in Studie I drei Einstellungsfaktoren, die in Studie II konfirmatorisch bestätigt wurden. Studie III zeigt, dass die selbstberichtete Individualisierungspraxis durch die Normvorstellung und die Intention, sich den Herausforderungen eines inklusiven Unterrichtes anzunehmen, vorhergesagt werden kann. Die Intention mediiert dabei den Zusammenhang der selbstberichteten Individualisierungspraxis mit der Einstellung vollständig und mit der Normvorstellung partiell. Die Lehrerselbstwirksamkeitsüberzeugung sagt demgegenüber die selbstberichtete Individualisierungspraxis weder direkt noch indirekt vorher. (DIPF/Orig.)";"Englisch";"As part of the professional competence the attitudes of general classroom teachers play a key role in regard to their instructional quality. On the basis of the expectation – value theory of planned behavior the factorial structure of an inclusive attitude instrument is validated and the relation between inclusive attitudes, subjective inclusive norms, teachers’ self-efficacy and teachers’ self-reported individualized teaching is investigated. The results of an exploratory factor analysis in study I suggested three dimensions of attitude, which were confirmed by a confirmatory factor analysis in study II. The results of study III indicate that teachers’ self-reported individualized teaching can be predicted by subjective inclusive norms and the intention to meet the challenge to make adaption in the general education classroom setting. The intention thereby completely mediates the relation between teachers’ self-reported individualized teaching and inclusive attitudes and it mediates partially the relation between teachers’ self-reported individualized teaching and subjective inclusive norms. In contrast to that, teachers’ self-efficacy does not predict the level of teachers’ self-reported individualized teaching neither directly nor indirectly. (DIPF/Orig.)";"2016";"Aufsatz (Zeitschrift)";"370";"ger";"";"1869-4845";"Empirische Sonderpädagogik 8 (2016) 2, S. 140-152";"Pädagogische Teildisziplin: Empirische Bildungsforschung; Sonderpädagogik";"13.07.2016";"urn:nbn:de:0111-pedocs-123017";10.25656/01:12301;"Deutsches Urheberrecht";Peer-Review;"";"https://www.pedocs.de/volltexte/2016/12301/";"https://www.pedocs.de/volltexte/2016/12301/pdf/ESP_2016_2_Schuele_et_al_Zusammenhang_der_Theorie.pdf"
"12302";"Kommunikative Partizipation und Integrationserleben hörgeschädigter Schülerinnen und Schüler an einer Schwerpunktschule";"Fortmüller, Nicole; Hennies, Johannes; Hintermair, Manfred; Nedden, Thomas";"Classroom participation and inclusion of deaf and hard of hearing students at a specialized school";"";"";"";"Originalveröffentlichung";"Hörbehinderung; Behinderter; Kommunikation; Partizipation; Stadtteil; Schule; Förderklasse; Psychosoziale Entwicklung; Affektive Entwicklung; Jugendlicher; Inklusion; Umfrage; Empirische Untersuchung; Hamburg; Deutschland";"Aural handicap; Hearing impairment; Disabled person; Handicapped; Communication; Urban district; School; Learning support class; Psychosocial development; Affective development; Adolescent; Inclusion; Empirical study; Germany";"Deutsch";"Schwerpunktschulen, die von einer größeren Anzahl von hörgeschädigten Schülerinnen und Schülern besucht werden, stellen in Bezug auf die psychosoziale Entwicklung hörgeschädigter Kinder eine in den letzten Jahren vermehrt in die Diskussion gebrachte alternative Bildungsoption zur Einzelinklusion dar. In der vorliegenden Fragebogenstudie wurden 35 Schülerinnen und Schüler einer Schwerpunktschule in Bezug auf ihre erlebte Partizipation im Unterricht, ihr Integrationserleben sowie auf Verhaltensauffälligkeiten und Lebensqualität untersucht. Die Ergebnisse zeigen insgesamt eine positive Entwicklung in allen überprüften Bereichen mit behinderungsspezifischen Besonderheiten, die in der pädagogischen Begleitung hörgeschädigter Kinder beachtet werden müssen. Vergleiche zu Daten aus anderen Studien mit einzelintegrierten hörgeschädigten Kindern ergeben keine Unterschiede. Pädagogische Konsequenzen sowie Herausforderungen für weiterführende Studien werden diskutiert. (DIPF/Orig.)";"Englisch";"Regular schools with the focus to include not only one deaf or hard of hearing (DHH) child but a significant number of DHH students on their campus, provide an alternative educational option regarding the psychosocial development for DHH students which is discussed increasingly for some years. In the present questionnaire study 35 students attending such a school were investigated in terms of their classroom participation, their experiences regarding inclusion as well as regarding behavioral problems and quality of life. The results reveal an overall positive development in all tested domains but also show some deaf related characteristics that must be considered in the promotion of DHH children. Compared to data from other studies with single included DHH children there are no significant differences to note. Educational implications and challenges for future studies are discussed. (DIPF/Orig.)";"2016";"Aufsatz (Zeitschrift)";"370";"ger";"";"1869-4845";"Empirische Sonderpädagogik 8 (2016) 2, S. 153-170";"Pädagogische Teildisziplin: Empirische Bildungsforschung; Sonderpädagogik";"13.07.2016";"urn:nbn:de:0111-pedocs-123020";10.25656/01:12302;"Deutsches Urheberrecht";Peer-Review;"";"https://www.pedocs.de/volltexte/2016/12302/";"https://www.pedocs.de/volltexte/2016/12302/pdf/ESP_2016_2_Fortmueller_et_al_Kommunikative_Partizipation.pdf"
"12303";"Viel bringt viel? Effekte lernzeitverlängernder Maßnahmen auf die Lese- und Mathematikleistungen von Grundschülerinnen und Grundschülern mit ungünstiger Lernausgangslage";"Blumenthal, Yvonne; Voß, Stefan; Tresp, Timo; Koch, Katja";"The more the better? Effects of extended learning time on reading and mathematics outcomes of primary-school students at risk";"";"";"";"Originalveröffentlichung";"Grundschule; Schüler; Risikokind; Lernschwäche; Lesen; Rechnen; Lernen; Zeit; Verlängerung; Wirkung; Sitzen bleiben; Forschungsstand; Leistungsentwicklung; Beschulung; Modell; Längsschnittuntersuchung; Empirische Untersuchung; Mecklenburg-Vorpommern; Deutschland";"Elementary School; Primary school; Primary school lower level; Pupil; Pupils; Child at risk; Arithmetic; Learning; Time; Repeat a school year; Repeating; Educational provision; Longitudinal analysis; Longitudinal study; Empirical study; Mecklenburg-Western Pomerania; Germany";"Deutsch";"Der vorliegende Beitrag untersucht die Effekte von lernzeitverlängernden Maßnahmen für Grundschülerinnen und Grundschüler in Mecklenburg-Vorpommern mit einer ungünstigen Lernausgangslage zum Zeitpunkt der Einschulung. Dazu wurde über die gesamte Grundschulzeit hinweg die Leistungsentwicklung von 67 Kindern in den Bereichen Lesen und Rechnen erfasst. Bei 19 Kindern wurde eine Lernzeitverlängerung durch Diagnoseförderklassen (DFK) realisiert, bei 18 durch eine Klassenwiederholung (KW) und 30 Kinder lernten in regulären Grundschulklassen (GSK) ohne eine Lernzeitverlängerung. Die Auswertungen der Daten mittels Hierarchisch-linearer Modelle (HLM) weisen auf gleiche Entwicklungsverläufe der drei Untersuchungsgruppen in den Bereichen Lesen und Mathematik hin. Zum Ende der Klasse 4 erreichten die drei Gruppen ähnliche Leistungsniveaus. In allen drei Settings fiel auf, dass die Entwicklung mathematischer Kompetenzen über die Schulzeit hinweg verzögert erfolgte. Ungünstige Lernausgangslagen im Bereich Mathematik konnten den Analysen zufolge durch keine der untersuchten Beschulungsformen ausreichend kompensiert werden. (DIPF/Orig.)";"Englisch";"This study analyses the effects of procedures to extend the period of learning for primary-school students from Mecklenburg-Western Pomerania that have a disadvantageous initial learning situation at the time of school enrollment. This survey includes 67 children which show low learning prerequisites in subjects such as reading and mathematics. As a method to prevent the necessity for special education 19 students were educated in special classes (Diagnoseförderklassen, DFK) with extended learning time, 18 children received an extended learning time due to grade repetition, and 30 children visited regular primary-school classes. The HLM analysis implies no differences in the developmental trajectories of the three study groups in the areas of reading and math. In addition, there were no differences in academic achievement at the end of fourth grade regarding reading and mathematics for any of the groups. The results showed a delay of math achievement development over time and supported the fact that a disadvantageous initial learning situation in mathematics cannot be compensated sufficiently in any of the approaches. (DIPF/Orig.)";"2016";"Aufsatz (Zeitschrift)";"370";"ger";"";"1869-4845";"Empirische Sonderpädagogik 8 (2016) 2, S. 171-188";"Pädagogische Teildisziplin: Empirische Bildungsforschung; Sonderpädagogik";"13.07.2016";"urn:nbn:de:0111-pedocs-123032";10.25656/01:12303;"Deutsches Urheberrecht";Peer-Review;"";"https://www.pedocs.de/volltexte/2016/12303/";"https://www.pedocs.de/volltexte/2016/12303/pdf/ESP_2016_2_Blumenthal_et_al_Viel_bringt_viel.pdf"
"12304";"Fragebogen zur Erfassung von Störungen im Unterricht: die Faktorenstruktur der Schülerinnen- und Schülerversion";"Wettstein, Alexander; Scherzinger, Marion; Wyler, Sara";"Questionnaire for the assessment of classroom disturbances: the factor structure of the pupil’s version";"";"";"";"Originalveröffentlichung";"Fragebogen; Unterrichtsstörung; Aggressivität; Schüler; Soziale Interaktion; Einflussfaktor; Lehrerverhalten; Schülerverhalten; Klassenführung; Testkonstruktion; Testtheorie; Schüler-Schüler-Beziehung; Schüler-Lehrer-Beziehung; Schuljahr 05; Schuljahr 06; Fragebogenerhebung; Empirische Untersuchung; Faktorenanalyse; Bern; Schweiz";"Questionnaire; Aggressiveness; Pupil; Pupils; Social interaction; Learning behavior; Teacher behaviour; Teachers' behavior; Pupil Attitudes; Pupil behavior; Pupil behaviour; Classroom techniques; Test theory; Pupil-teacher relation; Pupil-teacher relationship; School year 05; School year 06; Questionnaire survey; Empirical study; Factor analysis; Switzerland";"Deutsch";"In diesem Beitrag wird ein neu entwickelter Schülerinnen- und Schülerfragebogen zur Erfassung aggressiver und nicht aggressiver Schülerstörungen, aggressiven Lehrerverhaltens, Störungen des methodisch-didaktischen Settings sowie Klassenführung und Beziehung vorgestellt und die testtheoretischen Kennwerte diskutiert. Die faktorielle Struktur wurde an einer Stichprobe von N=1341 Schülerinnen und Schüler der fünften und sechsten Klasse ermittelt. Eine explorative Faktorenanalyse mit Oblimin-Rotation ergab sieben eindeutige, gut interpretierbare Faktoren, welche den theoretisch postulierten Konstrukten entsprechen. Vier Faktoren erfassen Störungen und drei Faktoren umfassen störungspräventive Merkmale des Unterrichts. Die internen Konsistenzen der Skalen liegen zwischen .60 und .88. (DIPF/Orig.)";"Englisch";"In this contribution we present a newly developed student questionnaire for the assessment of aggressive and non-aggressive student behavior, teacher aggression and disruption of the class setting as well as classroom management and relationship and we focus on the statistical proprieties of the questionnaire. The factor structure of this questionnaire was identified on a sample of 1341 pupils of grades 5 and 6. In an exploratory factor analysis using direct oblimin-rotation, 7 clear factors, which correspond to the theoretical constructs, were obtained. Four factors assess disruptions and three factors capture preventive features. The internal consistencies of the scales are between .60 and .88. (DIPF/Orig.)";"2016";"Aufsatz (Zeitschrift)";"370";"ger";"";"1869-4845";"Empirische Sonderpädagogik 8 (2016) 2, S. 189-202";"Pädagogische Teildisziplin: Empirische Bildungsforschung; Schulpädagogik";"13.07.2016";"urn:nbn:de:0111-pedocs-123045";10.25656/01:12304;"Deutsches Urheberrecht";Peer-Review;"";"https://www.pedocs.de/volltexte/2016/12304/";"https://www.pedocs.de/volltexte/2016/12304/pdf/ESP_2016_2_Wettstein_et_al_Fragebogen.pdf"
"12938";"Effekte eines schulbasierten sozial-kognitiven Trainings bei Jugendlichen mit dem Förderschwerpunkt Lernen";"Hagen, Tobias; Vierbuchen, Marie-Christine; Hillenbrand, Clemens; Hennemann, Thomas";"The effects of school-based social-cognitive training for secondary school students with learning disabilities";"";"";"";"Originalveröffentlichung";"Verhaltensauffälligkeit; Lernschwierigkeit; Jugendlicher; Soziales Verhalten; Emotionales Verhalten; Förderung; Soziale Kompetenz; Emotionale Kontrolle; Kognitiver Prozess; Informationsverarbeitung; Trainingsprogramm; Rollenspiel; Sonderschule; Schuljahr 07; Schuljahr 08; Kompetenzentwicklung; Intervention; Wirkung; Varianzanalyse; Empirische Untersuchung; Deutschland";"Learning Difficulties; Learning Difficulty; Learning disorder; Adolescent; Social behavior; Social behaviour; Emotional response; Social competence; Cognitive process; Information processing; Training program; Role playing; School for the handicapped; Special needs school; Special school; School year 07; School year 08; Skill development; Empirical study; Germany";"Deutsch";"Zwischen Verhaltensauffälligkeiten und Lernschwierigkeiten besteht ein enger Zusammenhang (z.B. Fischbach et al., 2010). Bisher existieren nur wenige evaluierte Programme zur Förderung sozial-emotionaler Kompetenzen bei lernschwachen Schülerinnen und Schülern im deutschsprachigen Raum. Zudem erreichen schulbasierte Interventionen im Hinblick auf die Reduktion von Verhaltensproblemen überwiegend kleine Effekte (Durlak et al., 2011). Im vorliegenden Beitrag wird die Wirkung eines 18 Sitzungen umfassenden Trainings für lernschwache Jugendliche überprüft, das auf dem Modell der sozial-kognitiven Informationsverarbeitung basiert (Crick & Dodge, 1994; Lemerise & Arsenio, 2000). Hierzu erfolgt ein Vergleich der Entwicklung der Probanden einer Interventionsgruppe (N=74) mit einer unbehandelten Vergleichsgruppe (N=63) in einem Prä-, Post- und Follow-up-Design. Als Erhebungsinstrument wurde der Strengths and Difficulties Questionnaire (SDQ; Goodman, 1997) genutzt. Bei der varianzanalytischen Datenauswertung kam ein gemischtes Design zum Einsatz (Mixed Model). Die Analysen ergeben kleine bis mittlere Effekte der Intervention im Rückgang von Verhaltensauffälligkeiten auf den Dimensionen Gesamtproblemwert (&#951;²p=.066), Emotionale Probleme (&#951;²p=.047) sowie Hyperaktivität/Aufmerksamkeitsprobleme (&#951;²p=.034). (DIPF/Orig.)";"Englisch";"There is a close relationship between behavioral problems and learning difficulties (e.g. Fischbach et al., 2010). Up to now few programs to promote social and emotional competencies in students with learning disabilities have been evaluated in German-speaking countries. In addition, school-based interventions have for the most part only shown small effects in terms of reducing behavioral problems (Durlak et al., 2011). In the present study, the effectiveness of a comprehensive training course for young people with learning disabilities will be investigated. The intervention evaluated consists of 18 sessions and is based on the social-cognitive model of information processing (Crick & Dodge, 1994; Lemerise & Arsenio, 2000). To test the effectiveness of the program, the progress made by subjects in the experimental group (N=74) who participated in the intervention was compared with a control group (N=63) who received no treatment. A pre, post and follow-up experimental design was used. Students’ development was assessed using the Strengths and Difficulties Questionnaire (SDQ; Goodman, 1997). For the analysis of the data, a mixed-design analysis of variance model was employed. The analyses show small to medium effects of the intervention in reducing behavioral problems when comparing the values for the “total difficulties score” (&#951;²p=.066), the “emotional problems score” (&#951;²p=.047) as well as the “hyperactivity score” (&#951;²p=.034). (DIPF/Orig.)";"2016";"Aufsatz (Zeitschrift)";"370";"ger";"";"1869-4845";"Empirische Sonderpädagogik 8 (2016) 4, S. 307-326";"Pädagogische Teildisziplin: Empirische Bildungsforschung; Sonderpädagogik";"28.03.2017";"urn:nbn:de:0111-pedocs-129386";10.25656/01:12938;"Deutsches Urheberrecht";Peer-Review;"";"https://www.pedocs.de/volltexte/2017/12938/";"https://www.pedocs.de/volltexte/2017/12938/pdf/ESP_2016_4_Hagen_et_al_Effekte_eines_schulbasierten_sozial_kognitiven_Trainings.pdf"
"12939";"Soziale Distanz in inklusiven Settings (SoDiS) – Entwicklung und erste Validierung von Items zur Messung sozialer Distanz von Grundschulkindern zu Kindern mit Behinderungen und Auffälligkeiten";"Gerullis, Anita; Huber, Christian";"Social distance in inclusive settings (SoDiS) - development and validation of items measuring social distance of primary aged school children to children with disabilities";"";"";"";"Originalveröffentlichung";"Inklusion; Soziale Distanz; Kind; Behinderung; Sonderpädagogischer Förderbedarf; Gruppe <Soz>; Messung; Messverfahren; Test; Testkonstruktion; Qualität; Schüler; Grundschule; Validität; Reliabilität; Körperbehinderung; Geistige Behinderung; Lernbehinderung; Verhaltensauffälligkeit; Migrationshintergrund; Fragebogen; Regressionsanalyse; Empirische Untersuchung; Deutschland";"Inclusion; Child; Handicap; Measurement procedure; Elementary School; Primary school; Primary school lower level; Oligophrenia; Learning handicap; Immigrant background; Migration background; Questionnaire; Regression analysis; Empirical study; Germany";"Deutsch";"Diese Studie untersucht die Testgüte eines Fragebogenverfahrens zur Messung der sozialen Distanz (SoDiS) von Grundschulkindern gegenüber Kindern mit Behinderungen (Lernbehinderung, geistige Behinderung, körperliche Behinderung, Verhaltensauffälligkeit) und Migrationshintergrund. Das Verfahren beinhaltet bildliche Items, die dem Alltag der Kinder sehr nah sind und wenig sprachliche Kompetenzen verlangen. 283 Kinder der Klassenstufen drei bis sechs nahmen teil. Die Items zeigten eine akzeptable bis gute Skalenhomogenität (&#945;=.68), akzeptable bis gute Trennschärfen (.25-.49) und eine eindimensionale Faktorstruktur mit hoher Varianzaufklärung des Faktors (51.2%). Die konvergente Validität konnte anhand mittlerer Korrelationen mit zwei Außenkriterien (Children‘s Social Distance Scale, (Connolly, Fitzpatrick, Gallagher & Harris, 2006), r=.66, p=0.1; und der Kurzversion der CATCH-Skala, (Schwab, 2015a), r =.72, p=0.1) gezeigt werden. Ein Abgleich mit bisherigen Forschungsergebnissen zur sozialen Distanz und ähnlichen Konstrukten zeigte eine gute Konstruktvalidität des Verfahrens. Diese Ergebnisse weisen darauf hin, dass der SoDiS einen ökonomischen Ansatz zur Erforschung sozialer Aspekte der Inklusion im schulischen Kontext darstellt. Ausstehend bleiben weitere Möglichkeiten der Auswertung des SoDiS und die Prüfung der Test-Retest-Reliabilität. (DIPF/Orig.)";"Englisch";"This study examines the test quality of a questionnaire about social distance of primary school aged children towards children with disabilities (learning disability, intellectual disability, physical impairment, and behavioural disorder) and migrant background. The measure consists of pictorial items that describe children’s everyday life and require only little language skills. Participants were 283 children from class three to six. The items showed acceptable to good scale homogeneity (&#945;=.68), acceptable to good discriminatory power (.25-.49) and significantly contributed to the clarification of the total variance of the answers (51.61%) loading on one factor. We were able to show good criterion related validity using correlations with two external criteria (Children’s Social Distance Scale, Connolly et al. (2006) (r=.66, p=0.1) and a short version of the CATCH-Scale, Schwab (2015a) (r=.72, p=0.1)). A comparison of our data to prior research results showed good content validity. Our social distance questionnaire proofed to be an efficient approach to measuring social aspects of inclusive education. Yet to be evaluated are further methods of interpreting the social distance scores and their test-retest-reliability. (DIPF/Orig.)";"2016";"Aufsatz (Zeitschrift)";"370";"ger";"";"1869-4845";"Empirische Sonderpädagogik 8 (2016) 4, S. 327-345";"Pädagogische Teildisziplin: Empirische Bildungsforschung; Sonderpädagogik";"28.03.2017";"urn:nbn:de:0111-pedocs-129399";10.25656/01:12939;"Deutsches Urheberrecht";Peer-Review;"";"https://www.pedocs.de/volltexte/2017/12939/";"https://www.pedocs.de/volltexte/2017/12939/pdf/ESP_2016_4_Gerullis_Huber_Soziale_Distanz_in_inklusiven_Settings.pdf"
"12940";"Konstruktion und Überprüfung eines curriculumbasierten Testverfahrens im Fach Mathematik für die vierte Klasse";"Rensing, Julia; Käter, Carolina; Käter, Tobias; Hillenbrand, Clemens";"Construction and analysis of a cbm for school mathematics in grade four";"";"";"";"Originalveröffentlichung";"Curriculum; Mathematikunterricht; Schuljahr 04; Messverfahren; Formative Evaluation; Leistungsmessung; Schülerleistung; Diagnostik; Qualität; Reliabilität; Validität; Rechentest; Testtheorie; Empirische Untersuchung; Niedersachsen; Deutschland";"Mathematics lessons; Teaching of mathematics; School year 04; Measurement procedure; Formative evaluation; Achievement measurement; Performance measurement; Diagnostic; Test theory; Empirical study; Lower Saxony; Germany; Inclusion; Handicap";"Deutsch";"Schülerinnen und Schüler sollten arithmetische Operationen am Ende der Grundschulzeit sicher beherrschen (Humbach, 2009; Moser Opitz, 2009), damit eine gesicherte Grundlage für den weiteren mathematischen Kompetenzerwerb in der Sekundarstufe I besteht (Bos et al., 2007). An Lehrkräfte wird die Forderung gestellt, Lernverläufe sensibel zu dokumentieren (Strathmann & Klauer, 2010). Diese Dokumentation stellt jedoch für viele Grundschullehrkräfte eine große Herausforderung dar (Knopp & Hartke, 2010). Eine evidenzbasierte Möglichkeit des Monitorings von Lernverläufen sind dabei curriculumbasierte Messverfahren (Hartke & Diehl, 2013). In Form von Kurztests, die den Standards der wissenschaftlichen Güte entsprechen, kann die Leistungsentwicklung in einer spezifischen schulischen Domäne erhoben und dokumentiert werden. Im vorliegenden Beitrag wird ein solches curriculumbasiertes Messverfahren für das Fach Mathematik für die Jahrgangsstufe 4, das anhand eines Konstruktionsleitfadens entwickelt wurde, vorgestellt und der Überprüfung der Güte unterzogen. Die Ergebnisse zeigen, dass es sich um ein valides und reliables Instrument zur Messung des Lernverlaufs handelt.  (DIPF/Orig.)";"Englisch";"When leaving primary school, pupils should be able to master arithmetical operations (Humbach, 2009; Moser Opitz, 2009), a skill that will serve as a basis for additional mathematical skills acquisition (Bos et al., 2007). Teachers need to monitor children’s progress sensitively (Strathmann & Klauer, 2010). However, this is very challenging for many teachers at primary schools (Knopp & Hartke, 2010). One evidence-based method to monitor children’s progress is curriculum-based measurement (cbm) (Hartke & Diehl, 2013). These short tests that meet scientific standards document and assess school student’s learning process in a specific scholastic domain. In this paper a cbm that was developed by using a guideline for the school subject maths for grade four, and its psychometric criteria are presented. Analyses confirm that the developed cbm is a valid and reliable instrument to document learning process. (DIPF/Orig.)";"2016";"Aufsatz (Zeitschrift)";"370";"ger";"";"1869-4845";"Empirische Sonderpädagogik 8 (2016) 4, S. 346-366";"Pädagogische Teildisziplin: Empirische Bildungsforschung; Fachdidaktik/mathematisch-naturwissenschaftliche Fächer";"29.03.2017";"urn:nbn:de:0111-pedocs-129403";10.25656/01:12940;"Deutsches Urheberrecht";Peer-Review;"";"https://www.pedocs.de/volltexte/2017/12940/";"https://www.pedocs.de/volltexte/2017/12940/pdf/ESP_2016_4_Rensing_et_al_Konstruktion_und_Ueberpruefung.pdf"
"12941";"Exekutive Funktionen bei Kindern mit Down-Syndrom im Vorschulalter";"Sarimski, Klaus";"Executive functioning in preschool-aged children with Down syndrome";"";"";"";"Originalveröffentlichung";"Kind; Kindergarten; Vorschulalter; Behinderung; Down-Syndrom; Kognitiver Prozess; Emotionale Kontrolle; Selbststeuerung; Arbeitsgedächtnis; Aufmerksamkeit; Eltern; Umfrage; Empirische Untersuchung; Deutschland";"Child; Nursery school; Pre-school age; Preschool age; Handicap; Downs Syndrome; Cognitive process; Self-regulation; Attention; Parents; Empirical study; Germany";"Deutsch";"Exekutive Funktionen sind wichtig für die Steuerung kognitiver Prozesse und sozial-emotionaler Anpassung. Das „Verhaltensinventar zur Beurteilung exekutiver Funktionen für das Kindergartenalter“ (BRIEF-P) erlaubt eine Einschätzung der exekutiven Funktionen aus Alltagsbeobachtungen. Die Eltern von 50 Kindern mit Down-Syndrom im Alter von 5 Jahren wurden um ihre Einschätzung gebeten. Der Vergleich mit Kindern ohne intellektuelle Beeinträchtigung zeigte gehäuft Auffälligkeiten in den Bereichen „Arbeitsgedächtnis“, „Planen/Organisieren“ und „Inhibition“. Zusammenhänge zum Entwicklungsstand der adaptiven Kompetenzen wurden analysiert. Eine systematische Förderung exekutiver Funktionen ist als Teil der Frühförderung von Kindern mit Down-Syndrom indiziert. (DIPF/Orig.)";"Englisch";"Executive functions are core skills for cognitive processes and social-emotional adaptation. The “Behavior Rating Inventory of Executive Function, Preschool Version (BRIEF-P)” in its German version is an instrument to capture the real-world applications of executive functions. The parents of 50 children with Down syndrome (mean age: 5 years) reported on their observations. In comparison to children with typical development the level of scores in the scales examining “working memory”, “plan/organize” and “inhibit” were significantly elevated. Relationships with the level of adaptive competence were analyzed. Executive functions should be included as a topic in early intervention with children with Down syndrome. (DIPF/Orig.)";"2016";"Aufsatz (Zeitschrift)";"370";"ger";"";"1869-4845";"Empirische Sonderpädagogik 8 (2016) 4, S. 367-375";"Pädagogische Teildisziplin: Empirische Bildungsforschung; Sonderpädagogik";"29.03.2017";"urn:nbn:de:0111-pedocs-129415";10.25656/01:12941;"Deutsches Urheberrecht";Peer-Review;"";"https://www.pedocs.de/volltexte/2017/12941/";"https://www.pedocs.de/volltexte/2017/12941/pdf/ESP_2016_4_Sarimski_Exekutive_Funktionen_bei_Kindern.pdf"
"14997";"Verlaufsdiagnostik und Förderung im Lernbereich Sprachbetrachtung in der Sekundarstufe I mit Moodle";"Maier, Uwe";"Student progress monitoring and mastery assessment in the domain of German grammar and spelling for secondary students";"";"";"";"Originalveröffentlichung";"Deutschunterricht; Sekundarstufe I; Lernerfolg; Verlaufsdiagnostik; Sprachförderung; Sprachbetrachtung; Grammatik; Lernplattform; Digitale Medien; Testkonstruktion; Testaufgabe; Test; Nutzung; Qualität; Lehrer; Umfrage; Empirische Untersuchung; Baden-Württemberg; Deutschland";"German language teaching; Teaching of German; Lower level secondary education; Lower secondary; Lower secondary education; Secondary education lower level; Learning achievement; Grammar; Test content; Test items; Quality; Teacher; Empirical study; Baden-Wurtemberg; Baden-Wurttemberg; Germany; E-learning; Virtual learning";"Deutsch";"Verlaufsdiagnostik spielt zunehmend für Diagnostik und Förderung in heterogenen Klassen der Sekundarstufe eine Rolle. Die bisher entwickelten Verfahren fokussieren allerdings überwiegend Grundfertigkeiten in der Primarstufe. In dieser Studie wird deshalb der Frage nachgegangen, inwiefern eine Verlaufsdiagnostik nach dem Prinzip des mastery measurement geeignet ist, um Lernfortschritte im Bereich Sprachbetrachtung in der Sekundarstufe I abzubilden und individuelle Übungsangebote anzustoßen. Hierfür wurden formative Tests sowie Übungen und Glossare für Teilfacetten der Sprachbetrachtung entwickelt und in einem Moodle-Kurs umgesetzt. An der dreijährigen Begleitforschung nahmen 10 Realschulen mit 34 Lehrkräften und 820 Schülerinnen und Schülern teil. Eine systematische Nutzung der Übungen und Glossare führte zu Lernzuwächsen in den einzelnen Wissensbereichen. Mit der differenzierten Analyse der Nutzerdaten konnten jedoch auch dysfunktionale Nutzungsweisen identifiziert werden. Die Befunde werden herangezogen, um den Moodle-Kurs zu optimieren. (DIPF/Orig.)";"Englisch";"Student progress monitoring is an important prerequisite for adaptive teaching in highly diverse secondary classrooms. To date, most of the techniques and progress monitoring measures focus primary education learning goals such as basic computation skills or reading fluency. This study aims at investigating if a progress monitoring system, based on the concept of mastery measurement, helps teachers in German secondary classrooms to adapt instruction in the field of German grammar and spelling. We therefore developed a Moodle course with different learning content modules, each of them comprising formative mastery tests for progress monitoring, glossaries and adaptive assignments. We sampled 34 secondary teachers and 820 students who worked with the Moodle course during several months. Moodle test point and assignment scores, glossary clicks and final questionnaire data were analyzed. Learning gains can be explained with a systematic use of adaptive assignments and glossaries. However, results also revealed inefficient patterns of usage, either depending on the course materials or school-side implementation problems. Evaluation data were used to improve the progress monitoring system. (DIPF/Orig.)";"2017";"Aufsatz (Zeitschrift)";"370";"ger";"";"1869-4845";"Empirische Sonderpädagogik 9 (2017) 2, S. 98-115";"Pädagogische Teildisziplin: Fachdidaktik/Sprache und Literatur; Pädagogische Psychologie";"14.11.2017";"urn:nbn:de:0111-pedocs-149972";10.25656/01:14997;"Deutsches Urheberrecht";Peer-Review;"";"https://www.pedocs.de/volltexte/2017/14997/";"https://www.pedocs.de/volltexte/2017/14997/pdf/ESP_2017_2_Maier_Verlaufsdiagnostik_und_Foerderung.pdf"
"14998";"Normierung von Verfahren zur Lernverlaufsdiagnostik";"Förster, Natalie; Kuhn, Jörg-Tobias; Souvignier, Elmar";"Establishing standard measures of growth in learning progress assessment";"";"";"";"Originalveröffentlichung";"Lernerfolg; Lernverlaufsdiagnostik; Curriculum; Messverfahren; Normierung; Test; Konzeption; Reliabilität; Förderung; Methode; Wirkung";"Learning achievement; Measurement procedure; Standardization (techn.); Conception; Reliability; Method";"Deutsch";"In diesem Kurzbeitrag schildern wir Herausforderungen bei der Normierung von Verfahren zur Lernverlaufsdiagnostik, die sich bei der Statusdiagnostik in dieser Form nicht stellen. Diese betreffen insbesondere die Frage, ob Normen für regulären Unterricht oder intensive Förderung benötigt werden, aber auch die Unterschiedlichkeit von Lernzuwächsen in Abhängigkeit von der erfassten Kompetenz, des verwendeten Messverfahrens, des Untersuchungszeitraums und bestimmter Schülermerkmale. Darüber hinaus weisen Lernverläufe im Unterschied zu einmaligen Testungen die statistische Besonderheit auf, dass die Größe der Vertrauensintervalle für den Lernzuwachs von der Anzahl der verfügbaren Messungen abhängt. Basierend auf einer Analyse dieser Herausforderungen schlagen wir Designmerkmale und Analyseschritte bei der Normierung von Verfahren zur Lernverlaufsdiagnostik vor. (DIPF/Orig.)";"Englisch";"The standardization of growth in learning progress assessment faces challenges that go beyond those of typical achievement tests. These challenges concern the question whether norm values refer to business-as-usual instruction or effective treatments, and the variability of learning growth as a function of the respective competence, assessment, seasonal effects, and student characteristics. Moreover, in contrast to confidence intervals of single assessments, confidence intervals of slopes are statistically specific in that they depend on the number of assessments. Based on these challenges, we propose design features and steps for the analysis when establishing standard measures of growth for learning progress assessment. (DIPF/Orig.)";"2017";"Aufsatz (Zeitschrift)";"370";"ger";"";"1869-4845";"Empirische Sonderpädagogik 9 (2017) 2, S. 116-122";"Pädagogische Teildisziplin: Pädagogische Psychologie";"14.11.2017";"urn:nbn:de:0111-pedocs-149982";10.25656/01:14998;"Deutsches Urheberrecht";Peer-Review;"";"https://www.pedocs.de/volltexte/2017/14998/";"https://www.pedocs.de/volltexte/2017/14998/pdf/ESP_2017_2_Foerster_et_al_Normierung_von_Verfahren.pdf"
"15009";"Auf Goldmünzenjagd: Psychometrische Kennwerte verschiedener Scoringansätze bei computergestützter Lernverlaufsdiagnostik im Bereich Mathematik";"Schwenk, Christin; Kuhn, Jörg-Tobias; Doebler, Philipp; Holling, Heinz";"We are going on a gold coin hunt: Psychometric properties of different scorings in computer-based progress monitoring of mathematics ability";"";"";"";"Originalveröffentlichung";"Verlaufsdiagnostik; Computerunterstütztes Verfahren; Mathematikunterricht; Psychometrie; Lernerfolg; Test; Grundschule; Kind; Rechenschwäche; Online; Trainingskonzept; Reliabilität; Qualität; Evaluation";"Mathematics lessons; Teaching of mathematics; Psychometry; Learning achievement; Elementary School; Primary school; Primary school lower level; Child; Acalculia; Learning difficulty in arithmetic; On line; Reliability; Quality; Training (sports)";"Deutsch";"In diesem Beitrag wird der computergestützte Lernverlaufstest „Goldmünzenjagd“ vorgestellt, der in ein Online-Training für Kinder mit Rechenschwierigkeiten eingebettet ist. Der nach dem robust indicator-Ansatz konstruierte Test bildet den Lernfortschritt in zwei wichtigen mathematischen Basiskompetenzen ab: dem arithmetischen Faktenwissen (Addition bzw. Subtraktion bis 20) und dem Zahlenordnen (Zahlenreihen mit drei Elementen bis 100). Mit einem High speed, high stakes-Scoring wird die Bearbeitungseffizienz bewertet. Dieses Scoring verknüpft Geschwindigkeit und Präzision zu einem Gewinn oder Verlust von Goldmünzen auf Itemebene und zeigte sich in einer Feldstudie mit N = 241 Grundschulkindern (Klassenstufe 2 bis 4) sowohl in der Reliabilität (r = .87-.93) als auch in der Kriteriumsvalidität (r = .51) den klassischen Geschwindigkeits- und Präzisions-Scorings überlegen. Die individuellen Ergebnisse in den Lernverlaufstests waren zudem änderungssensitiv für die statusdiagnostische Entwicklung der Kinder: Für alle drei untersuchten Scorings ergab sich eine inkrementelle Varianzaufklärung der Leistung nach dem Training durch Parameter individueller Lernverläufe (random intercept: Ausgangspunkt Lernverlaufstest, random slope: Zuwachs Lernverlaufstest). Der vorgestellte Lernverlaufstest eignet sich damit als reliables und valides Tool zur formativen Evaluation der Leistungsentwicklung von Grundschulkindern in basalen mathematischen Kompetenzbereichen. Insbesondere für rechenschwache Kinder bietet das Goldmünzen-Scoring eine direkt ersichtliche Anreizstruktur, die schlechter Performanz aufgrund von Motivationsdefiziten vorbeugen kann, sowie die Entwicklung von zählenden hin zu abrufbasierten Rechenstrategien fördert. Aus diesen Gründen ist auch eine Implementation des Verfahrens in den inklusiven Unterricht denkbar. (DIPF/Orig.)";"Englisch";"Based on the robust indicator approach, a new progress monitoring instrument was developed and embedded into an online training for children with mathematical learning difficulties. The test captures the development in two basic mathematical competences: arithmetic fact knowledge (addition and subtraction up to 20) and numerical order processing (up to 100). According to the “high speed, high stakes” principle, speed and precision performance are combined into a single efficiency score on item level, expressed as the earnings or losses of gold coins. In a field study with primary school children (N = 241, grades 2 to 4), this new efficiency scoring showed both a higher reliability (r = .87-.93) and criterion validity (r = .51) than simple speed or precision scorings. Moreover, individual results in the progress monitoring test were sensitive to the sample’s performance gains related to the training: For all three scorings, parameters of individual progress trajectories (random intercepts and random slopes) were predictive for post-training performance. Taken together, the new progress monitoring test qualifies as a reliable and valid tool for the formative assessment of primary school children’s learning progress in basic mathematical abilities. Especially for low achieving children, the gold coin scoring offers an attractive incentive that should prevent low performance due to low motivation and foster the utilization of retrieval-based solution strategies. Hence, the test and training system could be implemented into remedial classroom practice. (DIPF/Orig.)";"2017";"Aufsatz (Zeitschrift)";"370";"ger";"";"1869-4845";"Empirische Sonderpädagogik 9 (2017) 2, S. 123-142";"Pädagogische Teildisziplin: Fachdidaktik/mathematisch-naturwissenschaftliche Fächer; Pädagogische Psychologie";"14.11.2017";"urn:nbn:de:0111-pedocs-150093";10.25656/01:15009;"Deutsches Urheberrecht";Peer-Review;"";"https://www.pedocs.de/volltexte/2017/15009/";"https://www.pedocs.de/volltexte/2017/15009/pdf/ESP_2017_2_Schwenk_et_al_Auf_Goldmuenzenjagd.pdf"
"15010";"Zuverlässigkeit von Verhaltensverlaufsdiagnostik über Rater und Messzeitpunkte bei Schülern mit externalisierenden Verhaltensproblemen";"Casale, Gino; Grosche, Michael; Volpe, Robert J.; Hennemann, Thomas";"Dependability of direct behavior ratings across rater and occasion in students with externalizing behavior problems";"";"";"";"Originalveröffentlichung";"Verlaufsdiagnostik; Verhalten; Schüler; Verhaltensauffälligkeit; Grundschule; Schuljahr 04; Messverfahren; Generalisierung; Messinstrument; Reliabilität; Messfehler; Einflussfaktor; Deutschland";"Pupil; Pupils; Elementary School; Primary school; Primary school lower level; School year 04; Measurement procedure; Measurement instrument; Reliability; Error of Measurement; Germany";"Deutsch";"Die vorliegende Studie untersucht die Zuverlässigkeit von Verhaltensverlaufsdiagnostik mittels Direct Behavior Rating (DBR) über Rater und Messzeitpunkte bei Schülern mit externalisierenden Verhaltensproblemen. Im Rahmen einer vollständig gekreuzten Zwei-Facetten-Generalisierbarkeitsstudie wurde das Verhalten von fünf Viertklässlern mit externalisierendem Problemverhalten (Facette Schüler) von einer Regelschullehrerin, sowie einer Lehrerin für sonderpädagogische Förderung (Facette Rater) zu insgesamt acht Unterrichtssituationen à zehn Minuten (Facette Messzeitpunkt) jeweils mit einer Single-Item-Skala (SIS) und einer Multi-Item-Skala (MIS) beurteilt. Die Ergebnisse weisen auf einen starken Einfluss der Messzeitpunkte auf die Zuverlässigkeit der Messung sowohl bei den SIS als auch bei den MIS hin. Die Facette Rater klärt hingegen nur bei den SIS einen substanziellen Anteil der Gesamtvarianz auf. Die Ergebnisse einer Simulationsstudie über eine unterschiedliche Anzahl an Messzeitpunkten zeigen, dass zuverlässige Ergebnisse zur Interpretation intraindividueller Verhaltensverläufe nur mittels MIS in einem überschaubaren Zeitraum (13 Messzeitpunkte) erzielt werden. Die Ergebnisse ermutigen für den praktischen Einsatz der Methode zur Evaluation des Erfolgs einer Verhaltensfördermaßnahme. (DIPF/Orig.)";"Englisch";"The purpose of the current study was the analysis of the reliability of Direct Behavior Ratings (DBR) across raters and occasions for students with externalizing problem behaviors. A fully-crossed Generalizability study design was conducted, wherein one female regular classroom teacher as well as one female special education teacher (facet rater) rated the externalizing problem behavior of five male fourth-graders (facet students) in eight instructional phases of independent seatwork (facet occasion) with a single item scale (SIS) and a multi item scale (MIS). The results indicate a strong influence of the time-related factor (occasion) on the reliability of both SIS and MIS. The facet rater contributes a substantial part of the total variance for the SIS. Results of a decision study across a different number of occasions yield dependable results for interpreting intra-individual behavior progress for the MIS after 13 occasions. The results strengthen the practical use of DBR to collect progress monitoring data in order to evaluate a students’ individuals response to an intervention. (DIPF/Orig.)";"2017";"Aufsatz (Zeitschrift)";"370";"ger";"";"1869-4845";"Empirische Sonderpädagogik 9 (2017) 2, S. 143-164";"Pädagogische Teildisziplin: Pädagogische Psychologie";"14.11.2017";"urn:nbn:de:0111-pedocs-150100";10.25656/01:15010;"Deutsches Urheberrecht";Peer-Review;"";"https://www.pedocs.de/volltexte/2017/15010/";"https://www.pedocs.de/volltexte/2017/15010/pdf/ESP_2017_2_Casale_et_al_Zuverlaessigkeit_von_Verhaltensverlaufsdiagnostik.pdf"
"15012";"Theoriegeleitete Testkonstruktion dargestellt am Beispiel einer Lernverlaufsdiagnostik für den mathematischen Anfangsunterricht";"Balt, Miriam; Ehlert, Antje; Fritz, Annemarie";"A theory-based assessment of the learning process in primary school mathematics";"";"";"";"Originalveröffentlichung";"Testkonstruktion; Mathematikunterricht; Verlaufsdiagnostik; Grundschule; Lernerfolg; Testtheorie; Curriculum; Adaptives Testen; Mathematische Kompetenz; Schuljahr 01; Schulanfänger; Validität; Rasch-Modell; Empirische Untersuchung; Deutschland";"Mathematics lessons; Teaching of mathematics; Elementary School; Primary school; Primary school lower level; Learning achievement; Test theory; Mathematics Achievement; Mathematics skills; School year 01; Child just starting school; Empirical study; Germany; School year";"Deutsch";"Zur Erfassung individueller Lernentwicklungen in leistungsheterogenen Schulklassen werden aussagekräftige Verfahren zur Lernverlaufsdiagnostik benötigt, die adaptiv an die unterschiedlichen Lernausgangslagen der Kinder angepasst werden können. Die Entwicklung adaptiver Einzeltests kann nicht über parallele Messungen realisiert werden, sondern setzt eine alternative Herangehensweise an die Testkonstruktion voraus. Am Beispiel der Konstruktion einer Lernverlaufsdiagnostik für den mathematischen Anfangsunterricht wird im vorliegenden Beitrag die Vorgehensweise einer auf einem Entwicklungsmodell basierenden theoriegeleiteten Testentwicklung vorgestellt. Auf Basis des Entwicklungsmodells arithmetischer Konzepte (Fritz, Ehlert, & Balzer, 2013) wurden N = 68 Aufgaben konzipiert, welche die unterschiedlichen Entwicklungsniveaus des Modells operationalisieren. Diese Aufgaben wurden in einer längsschnittlichen Untersuchung mit N = 279 Erstklässler/innen einer empirischen Prüfung unterzogen und in Bezug auf ihre Änderungssensibilität untersucht. Ziel ist es, unter Verwendung der probabilistischen Testtheorie einen Aufgabenpool aufzubauen, der zukünftig auch für adaptives Testen eingesetzt werden kann. Die Aufgaben erwiesen sich als reliabel, valide und geschlechterfair und eignen sich zur Abbildung erster Lernentwicklungen. Es zeigte sich allerdings, dass die Aufgaben noch nicht alle Leistungsbereiche abdecken. Es bedarf weiterer schwierigerer Aufgaben, die die arithmetischen Konzepte der höheren Entwicklungsniveaus erfassen. (DIPF/Orig.)";"Englisch";"In order to assess individual learning progress in heterogeneous classrooms, sound progress monitoring measures are needed, which can be adjusted to the various levels of knowledge within a given class. The development of adaptive tests cannot be realized via parallel measurements and thus requires an alternative method of test construction. This article introduces the concept of a theory-driven test construction based on a developmental model, using the construction of a progress monitoring measure for early numeracy in primary school as an example. Based on the developmental model of arithmetic concepts (Fritz et al., 2013), N = 68 tasks were designed that operationalize the different developmental levels of the model. These tasks were empirically examined in a longitudinal study with N = 279 first grade students, focusing in particular on their responsiveness to learning progress. The purpose of this study is to generate an item pool using the item-response-theory, which can later be applied in adaptive tests. The tasks proved to be reliable, valid and gender fair, and are suitable for showing initial learning progress among students. However, it was found that the items do not cover all performance ranges. More difficult items are needed to measure the higher levels of the developmental model. (DIPF/Orig.)";"2017";"Aufsatz (Zeitschrift)";"370";"ger";"";"1869-4845";"Empirische Sonderpädagogik 9 (2017) 2, S. 165-183";"Pädagogische Teildisziplin: Fachdidaktik/mathematisch-naturwissenschaftliche Fächer; Pädagogische Psychologie";"15.11.2017";"urn:nbn:de:0111-pedocs-150124";10.25656/01:15012;"Deutsches Urheberrecht";Peer-Review;"";"https://www.pedocs.de/volltexte/2017/15012/";"https://www.pedocs.de/volltexte/2017/15012/pdf/ESP_2017_2_Balt_Ehlert_Fritz_Theoriegeleitete_Testkonstruktion.pdf"
"15029";"Vorschlag zur Konzeption eines curriculumbasierten Messverfahrens zur Erfassung der Rechtschreibleistungen im Grundschulbereich";"Voß, Stefan; Sikora, Simon; Mahlau, Kathrin";"A suggestion for developing curriculum-based measurements to assess spelling skills at elementary schools";"";"";"";"Originalveröffentlichung";"Rechtschreibung; Grundschule; Schüler; Messverfahren; Konzeption; Item-Response-Theorie; Kompetenzmessung; Curriculum; Bildungsstandards; Deutschunterricht; Empirische Untersuchung; Mecklenburg-Vorpommern; Deutschland";"Elementary School; Primary school; Primary school lower level; Pupil; Pupils; Measurement procedure; Conception; Item Response theory; Competency measurement; Skills measurement; Skills measurements; Educational standard; Standards; German language teaching; Teaching of German; Empirical study; Mecklenburg-Western Pomerania; Germany";"Deutsch";"Dass die Konzeption und Evaluation von Verfahren zur Lernverlaufsdiagnostik, insbesondere auch curriculumbasierten Messverfahren (CBM; curriculum-based measurements; Deno, 1985, 2003), nicht einfach ist, zeigen die im Fachdiskurs aufgestellten Forschungskriterien (u. a. Fuchs, 2004; Wilbert & Linnemann, 2011) sowie die vergleichsweise geringe Dichte an existierenden Instrumenten. Für den Kompetenzbereich Rechtschreiben liegen derzeit noch keine deutschsprachigen CBM vor. Vorarbeiten wie die von Strathmann und Klauer (2008) und Strathmann, Klauer und Greisbach (2010) haben auf verschiedene Herausforderungen bei der Entwicklung von CBM für das Feld der Rechtschreibung aufmerksam gemacht. Im vorliegenden Beitrag wird eine Möglichkeit vorgestellt, curriculumbasierte Messverfahren zur formativen Evaluation rechtschriftlicher Kompetenzen von Grundschülerinnen und -schülern zu konstruieren. Dabei werden sowohl inhaltliche als auch psychometrische Kriterien berücksichtigt. Der Beitrag versteht sich als eine Art „Grobskizze“ zur Visualisierung einer Möglichkeit zur Itemgewinnung und -pilotierung und kann – in angepasster Form – auch auf weitere schulische Inhaltsfelder übertragen werden. (DIPF/Orig.)";"Englisch";"The conceptualization and evaluation of progress monitoring instruments regarding learning outcomes – especially curriculum-based measurements (CBM, Deno, 1985, 2003) – is not easy. This is recognizable by the extensive research criteria set out in the discourse as well as the comparatively low density of existing instruments. There is currently no German CBM available for spelling. Preliminary work such as that of Strathmann and Klauer (2008) and Strathmann, Klauer and Greisbach (2010) have drawn attention to various challenges in the development of CBM in this field. In this paper we present a possibility to construct curriculum-based measurement methods for the formative evaluation of the spelling competences of primary school students. Both contentual and psychometric criteria are considered. The study shows a possible way of item construction and can be transferred - in an adapted form - to other areas of schooling. (DIPF/Orig.)";"2017";"Aufsatz (Zeitschrift)";"370";"ger";"";"1869-4845";"Empirische Sonderpädagogik 9 (2017) 2, S. 184-194";"Pädagogische Teildisziplin: Fachdidaktik/Sprache und Literatur; Pädagogische Psychologie";"15.11.2017";"urn:nbn:de:0111-pedocs-150295";10.25656/01:15029;"Deutsches Urheberrecht";Peer-Review;"";"https://www.pedocs.de/volltexte/2017/15029/";"https://www.pedocs.de/volltexte/2017/15029/pdf/ESP_2017_2_Voss_Sikora_Mahlau_Vorschlag_zur_Konzeption.pdf"
"15157";"Stressvulnerabilität, Stresssymptomatik und Stressbewältigung bei Schülerinnen und Schülern mit und ohne sonderpädagogischen Förderbedarf";"Beck, Jennifer; Tröster, Heinrich";"Stress vulnerability, stress symptomatology and coping strategies of children with and without special educational needs";"";"";"";"Originalveröffentlichung";"Schüler; Sonderpädagogischer Förderbedarf; Lernschwäche; Soziales Verhalten; Emotionales Verhalten; Verhaltensauffälligkeit; Grundschule; Stressbewältigung; Stress; Einflussfaktor; Messinstrument; Fragebogenerhebung; Faktorenanalyse; Empirische Untersuchung; Deutschland";"Pupil; Pupils; Special Educational Needs; Social behavior; Social behaviour; Emotional response; Elementary School; Primary school; Primary school lower level; Stress management; Psychophysical stress; Stress (Psychological); Measurement instrument; Questionnaire survey; Factor analysis; Empirical study; Germany";"Deutsch";"In der vorliegenden Studie wurde der Frage nachgegangen, ob sich Schülerinnen und Schüler mit und ohne sonderpädagogischen Förderbedarf (SPF) in ihrer Stressvulnerabilität und -symptomatik sowie in ihren Stressbewältigungsstrategien unterscheiden. Dazu wurden die Stressvulnerabilität, die Stresssymptomatik und die Stressbewältigung (sozialer und leistungsbezogener Situationen) bei 428 Kindern (44.6 % Mädchen), davon 118 Kinder mit SPF (Schwerpunkt Lernen: n = 40, Schwerpunkt emotionale und soziale Entwicklung: n = 78), der dritten und vierten Klassenstufe (Alter 8 - 12) anhand des „Fragebogens zur Erhebung von Stress und Stressbewältigung im Kindes- und Jugendalter“ (SSKJ 3-8; Lohaus, Eschenbeck, Kohlmann & Klein-Heßling, 2006) untersucht. Als Voraussetzung für den Vergleich von Mittelwerten zwischen den Subgruppen wurde überprüft, ob die eingesetzten Skalen des SSKJ 3-8 für Schülerinnen und Schüler mit und ohne SPF Messinvarianz aufweisen. Unsere varianzanalytischen Ergebnisse zeigen, dass Kinder mit SPF im Schwerpunkt Lernen eine höhere Stressvulnerabilität berichten als Kinder ohne Förderbedarf und mit SPF im Schwerpunkt emotional-soziale Entwicklung. Bei Kindern mit SPF im Schwerpunkt emotional-soziale Entwicklung besteht eine höhere ärgerbezogene Stresssymptomatik als bei Kindern ohne Förderbedarf. Zur Bewältigung von Alltagsstressoren setzen Kinder beider Förderschwerpunkte im Vergleich zu Kindern ohne Förderbedarf häufiger vermeidende Bewältigungsstrategien und palliative Emotionsregulationsstrategien ein. Weiter zeigte sich, dass Kinder mit SPF im Schwerpunkt emotional-soziale Entwicklung seltener problemorientierte Bewältigungsstrategien nutzen als Kinder ohne SPF und ärgerbezogene Emotionen häufiger destruktiv regulieren als Kinder ohne SPF und Kinder mit SPF im Bereich Lernen. Kinder mit SPF im Bereich Lernen gaben an, häufiger nach sozialer Unterstützung zu suchen als Kinder ohne SPF. Die Befunde deuten drauf hin, dass die Förderung der Stressbewältigung ein wichtiger Ansatzpunkt sein könnte, um die psychosoziale Entwicklung von Kindern mit Bedarf an sonderpädagogischer Förderung zu unterstützen. (DIPF/Orig.)";"Englisch";"The present study investigated differences between children with and without special educational needs (SEN) regarding stress vulnerability and symptomatology as well as coping strategies. We assessed stress vulnerability, stress symptoms, and coping strategies (in social and academic situations) using the SSKJ 3-8 questionnaire (Lohaus, Eschenbeck, Kohlmann & Klein-Heßling, 2006) in a sample of 428 children (44.6 % girls), including 118 children with SEN (learning: n = 40, emotional and social development: n = 78), in grades 3 and 4 (aged 8 – 12 years). First of all the measurement invariance of the scales for students with and without SEN was analysed as a requirement for group comparisons of mean values. Our variance-analytical results show that children with SEN in learning report higher scores concerning stress vulnerability than children without SEN and with SEN in emotional and social development do, whereas children with SEN in emotional and social development report more psychological symptoms in the field of anger than children without SEN. Furthermore, children with SEN of both support areas achieve higher scores in avoidant coping and apply more strategies of palliative emotion regulation than the subgroup without SEN. In addition, children with SEN in emotional and social development apply significantly less problem-solving strategies than children without SEN, but achieve higher scores in destructive anger-related emotion regulation than children without SEN and with SEN in learning. Children with SEN in learning report more social-support-seeking strategies compared to the subgroup without SEN. The results indicate that the consideration of coping in adjusted programs could be important to support the psychosocial development of children with special educational needs. (DIPF/Orig.)";"2017";"Aufsatz (Zeitschrift)";"370";"ger";"";"1869-4845";"Empirische Sonderpädagogik 9 (2017) 3, S. 215-235";"Pädagogische Teildisziplin: Sonderpädagogik; Pädagogische Psychologie";"19.12.2017";"urn:nbn:de:0111-pedocs-151573";10.25656/01:15157;"Deutsches Urheberrecht";Peer-Review;"";"https://www.pedocs.de/volltexte/2017/15157/";"https://www.pedocs.de/volltexte/2017/15157/pdf/ESP_2017_3_Beck_Troester_Stressvulnerabilitaet.pdf"
"15163";"Konzeption und Güte curriculumbasierter Messverfahren zur Erfassung der arithmetischen Leistungsentwicklung in den Klassenstufen 3 und 4";"Sikora, Simon; Voß, Stefan";"Conception and quality of curriculum-based measurments for the computation performance of primary school students in grade 3 and 4";"";"";"";"Originalveröffentlichung";"Arithmetik; Lernerfolg; Verlaufsdiagnostik; Grundschule; Schüler; Schuljahr 03; Schuljahr 04; Konzeption; Messverfahren; Curriculum; Qualität; Item-Response-Theorie; Reliabilität";"Arithmetic; Learning achievement; Elementary School; Primary school; Primary school lower level; Pupil; Pupils; School year 03; School year 04; Conception; Measurement procedure; Quality; Item Response theory; Reliability; Learning; School year";"Deutsch";"Die formative Leistungsdiagnostik erfährt international wie auch national ein hohes Forschungsinteresse. Insbesondere der US-amerikanische Ansatz der Curriculum-based Measurements (CBM; Deno, 1985, 2003; Fuchs, 2004) erscheint vielversprechend, wenn es um die kurzfristige Analyse der Leistungsentwicklung in der Schule geht. Vor diesem Hintergrund wird im vorliegenden Beitrag über die Vorgehensweise bei der Konstruktion und Evaluation von CBM für jede der vier Grundrechenarten berichtet, welche im Abstand von vier Schulwochen eingesetzt werden können. In einem ersten Schritt wurden hierzu nach mathematikdidaktischen sowie empirischen Gesichtspunkten geclusterte Itempools generiert, die jeweils Grundlage zur Extraktion stratifizierter, d. h. strukturähnlicher CBM hinsichtlich Addition, Subtraktion, Multiplikation und Division für den Mathematikunterricht der 3. und 4. Klasse darstellten. Mittels eines Multi-Matrix-Designs konnten in einem zweiten Schritt empirische Kennwerte zur Güte der entwickelten CBM in einer Stichprobe von N = 463 Grundschülerinnen und Grundschülern klassenstufenübergreifend zu sechs Messzeitpunkten über zwei Schuljahre erhoben werden. In Teilstichproben wurden die CBM in vierwöchentlichem Abstand durchgeführt sowie weitere Instrumente zur Validierung der entwickelten Verfahren eingesetzt. Die Datenlage erlaubt differenzierte Aussagen hinsichtlich der statusdiagnostischen (Reliabilität und Validität) und darüber hinaus der verlaufsdiagnostischen Eignung (Skalierung nach IRT und mehrebenenanalytische Modellierung der Änderungssensibilität) der entwickelten CBM. Zusammenfassend ist festzuhalten, dass es grundlegend gelungen ist, schwierigkeitsähnliche, reliable wie auch valide CBM-Versionen für jede Grundrechenoperation zu generieren. Einschränkungen werden diskutiert und weitere Desiderata in Ausblick gestellt. (DIPF/Orig.)";"Englisch";"The progress monitoring of school performace is in the spotlight of international and national researchers. In particular, the US-American curriculum-based measurements approach (CBM; Deno, 1985, 2003, Fuchs, 2004) seems promising when it comes to the short-term analysis of students’ performance in school. The present paper deals with the construction and evaluation process of computation CBM for each of the four basic operations, which can be used in four-week intervals. In a first step, clustered pools of items were generated according to mathematical and empirical aspects. Then structural similar CBM for primary school students in grades 3 and 4 were extracted on the basis of the item clusters. In a second step, empirical values concerning the quality of the developed CBM were assessed in a sample of N = 463 primary-school students across grades 3 and 4 with a multi-matrix-design. In subsamples, the measurements were used in four-week intervals as well as further instruments to validate the developed CBM. The data presented allows differentiated statements regarding the suitability to measure status (reliability and validity) and, in addition, progress (scaling according to IRT and multi-level modeling of change sensitivity) of the tested children. In summary, it can be said that it has been fundamentally successful to generate reliable and valid CBM forms with similar difficulty for each basic operation. Restrictions are discussed and further desiderata are presented. (DIPF/Orig.)";"2017";"Aufsatz (Zeitschrift)";"370";"ger";"";"1869-4845";"Empirische Sonderpädagogik 9 (2017) 3, S. 236-257";"Pädagogische Teildisziplin: Fachdidaktik/mathematisch-naturwissenschaftliche Fächer; Pädagogische Psychologie";"19.12.2017";"urn:nbn:de:0111-pedocs-151631";10.25656/01:15163;"Deutsches Urheberrecht";Peer-Review;"";"https://www.pedocs.de/volltexte/2017/15163/";"https://www.pedocs.de/volltexte/2017/15163/pdf/ESP_2017_3_Sikora_Voss_Konzeption_und_Guete.pdf"
"15164";"Herausforderungen im Förderschwerpunkt geistige Entwicklung aus Sicht von Lehrenden: Eine Analyse mit der Methode kritischer Ereignisse";"Weiß, Sabine; Kiel, Ewald; Markowetz, Reinhard";"Challenges in the field of intellectual disabilities from a teachers’ perspective: A critical incident analysis";"";"";"";"Originalveröffentlichung";"Geistige Behinderung; Kind; Inklusion; Verhaltensauffälligkeit; Teamarbeit; Lehrer; Integrationshelfer; Belastung; Aggressivität; Unterrichtsstörung; Gruppendiskussion; Deutschland";"Oligophrenia; Child; Inclusion; Team work; Teacher; Aggressiveness; Group discussion; Germany";"Deutsch";"Die vorliegende Untersuchung identifiziert Herausforderungen für Lehrkräfte im Förderschwerpunkt geistige Entwicklung an unterschiedlichen schulischen Förderorten. Zur Identifikation der Probleme wird die Methode der kritischen Ereignisse von Flanagan (1954) herangezogen. Die Erfassung von schwierigen Situationen erfolgt in Gruppendiskussionen mit Lehrenden, die inhaltsanalytisch ausgewertet werden. Gemäß den ermittelten Ergebnissen stellt auffälliges Verhalten von Schülerinnen und Schülern die größte Herausforderung dar, vor allem aggressive Handlungen und anhaltendes Schreien. Weitere Herausforderungen liegen in nicht gelingender inklusiver Beschulung sowie im Spannungsfeld divergierender Erwartungen, Ansprüche und Konflikte, die die Kooperation unterschiedlicher Professionen und mit den Eltern charakterisieren. In der Folge sind Unterricht und Fördermaßnahmen beeinträchtigt und es entstehen Unruhe, Ängste und Konflikte. Lehrende beklagen Überforderung, verbunden mit hoher psychischer und physischer Belastung. Aus den identifizierten Ereignissen lassen sich Handlungsansätze zur Bewältigung bzw. präventiven Verhinderung entwickeln. (DIPF/Orig.)";"Englisch";"The present study identifies challenges for teachers in the field of intellectual disabilities in inclusive and special school settings. Methodologically the study is based on the critical incident technique according to Flanagan (1954). By this technique group discussions referring to critical incidents are analyzed by qualitative content analysis. The members of the group discussions were teachers and teacher educators from different schools. The analysis revealed that the greatest challenge is behavioural difficulties, in particular aggressions and long-lasting screaming. Further challenges are the failing of inclusive schooling, and tensions and conflicts, resulting from divergent expectations and aspirations, in the interdisciplinary collaboration and in the cooperation with the parents. Challenges like these impede lessons and students’ support, and cause unrest, anxiety and conflicts. Teachers complain of being overwhelmed and feel a high level of mental and physical strain. The results of this study help to develop strategies to deal with the identified challenges or to prevent them in the first place. (DIPF/Orig.)";"2017";"Aufsatz (Zeitschrift)";"370";"ger";"";"1869-4845";"Empirische Sonderpädagogik 9 (2017) 3, S. 258-276";"Pädagogische Teildisziplin: Sonderpädagogik; Pädagogische Psychologie";"19.12.2017";"urn:nbn:de:0111-pedocs-151648";10.25656/01:15164;"Deutsches Urheberrecht";Peer-Review;"";"https://www.pedocs.de/volltexte/2017/15164/";"https://www.pedocs.de/volltexte/2017/15164/pdf/ESP_2017_3_Weiss_Kiel_Markowetz_Herausforderungen_im_Foerderscchwerpunkt.pdf"
"15172";"Soziale Partizipation in inklusiven Grundschulklassen: Bedeutung von Klassen- und Lehrkraftmerkmalen";"Krawinkel, Stefanie; Südkamp, Anna Sarah; Tröster, Heinrich";"Social participation in inclusive classrooms: Relevance of classroom and teacher characteristics";"";"";"";"Originalveröffentlichung";"Grundschule; Kind; Sonderpädagogischer Förderbedarf; Inklusion; Soziale Partizipation; Soziale Anerkennung; Akzeptanz; Klassenklima; Schuljahr 03; Schuljahr 04; Selbsteinschätzung; Fragebogenerhebung; Empirische Untersuchung; Deutschland";"Elementary School; Primary school; Primary school lower level; Child; Special Educational Needs; Inclusion; Social participation; Social recognition; Acceptance; Classroom Environment; School year 03; School year 04; Self-rating; Questionnaire survey; Empirical study; Germany; School year";"Deutsch";"Die soziale Partizipation von Kindern mit sonderpädagogischem Förderbedarf (SPF) ist ein wichtiges Ziel von inklusivem Unterricht. In der vorliegenden Studie wurde in 30 inklusiven Grundschulklassen das Ausmaß der sozialen Partizipation von 665 Kindern sowie der Zusammenhang mit Klassen- und Lehrkraftmerkmalen überprüft. In Mehrebenenanalysen zeigte sich eine geringere selbst wahrgenommene soziale Partizipation und soziale Akzeptanz von Kindern mit SPF im Vergleich zu Kindern ohne SPF. Die soziale Partizipation von Kindern mit SPF war umso besser, je positiver das Klassenklima war und je stärker sich die Lehrkräfte bei der Leistungsbeurteilung an der individuellen Bezugsnorm orientierten. Die Ergebnisse legen nahe, bei der Förderung sozialer Partizipation sowohl die Individualmerkmale der Kinder als auch Klassen- und Lehrkraftmerkmale zu berücksichtigen. (DIPF/Orig.)";"Englisch";"The social participation of mainstreamed children with special educational needs (SEN) is a major goal of inclusion. In this study the social participation of 665 children from 30 third and fourth grade classes was investigated as well as its relationship with classroom and teacher characteristics. Multilevel analysis showed that children with SEN had lower peer acceptance scores and perceived their own participation as lower than classmates without SEN. A positive classroom climate and the teachers’ high individual reference norm orientation were associated with good social participation of children with SEN. The results indicate that individual characteristics of the children as well as classroom and teacher features should be considered to improve the social participation of children with SEN in inclusive classrooms. (DIPF/Orig.)";"2017";"Aufsatz (Zeitschrift)";"370";"ger";"";"1869-4845";"Empirische Sonderpädagogik 9 (2017) 3, S. 277-295";"Pädagogische Teildisziplin: Empirische Bildungsforschung; Sonderpädagogik";"19.12.2017";"urn:nbn:de:0111-pedocs-151721";10.25656/01:15172;"Deutsches Urheberrecht";Peer-Review;"";"https://www.pedocs.de/volltexte/2017/15172/";"https://www.pedocs.de/volltexte/2017/15172/pdf/ESP_2017_3_Krawinkel_et_al_Soziale_Partizipation.pdf"
"14874";"Unter welchen Voraussetzungen kooperieren Grundschullehrkräfte im inklusiven Unterricht? Eine Studie zu den Bedingungen der Kooperationsbereitschaft von Grundschullehrerinnen und -lehrern im inklusiven Unterricht";"Hellmich, Frank; Hoya, Fabian; Görel, Gamze; Schwab, Susanne";"Under which conditions do primary school teachers cooperate in inclusive education? A study on the prerequisites of primary school teachers’ willingness to cooperate in inclusive education";"";"";"";"Originalveröffentlichung";"Inklusion; Behinderung; Schüler; Grundschule; Sonderschule; Lehrer; Einstellung <Psy>; Selbstwirksamkeit; Überzeugung; Kooperation; Kooperationsbereitschaft; Gruppenarbeit; Fragebogenerhebung; Empirische Untersuchung; Nordrhein-Westfalen; Deutschland";"Inclusion; Handicap; Elementary School; Primary school; Primary school lower level; School for the handicapped; Special needs school; Special school; Teacher; Self efficacy; Cooperation; Disposition to cooperate; Group work; Questionnaire survey; Empirical study; North Rhine-Westphalia; North-Rhine Westphalia; Germany";"Deutsch";"Als wichtige Bedingungen für die Realisierung inklusiven Unterrichts in der Grundschule gelten Kooperationen von Grund- und Sonderschullehrkräften. Bislang ist wenig darüber bekannt, unter welchen Voraussetzungen Grundschullehrkräfte Bereitschaft zur Kooperation im inklusiven Unterricht zeigen. Vor diesem Hintergrund haben wir 168 Grundschullehrkräfte einerseits zu ihrer Kooperationsbereitschaft im inklusiven Unterricht und andererseits zu ihren Einstellungen zur Inklusion und zur Teamarbeit, ihren Erfahrungen aus dem integrativen bzw. inklusiven Unterricht sowie ihren Selbstwirksamkeitsüberzeugungen für die Gestaltung des inklusiven Unterrichts befragt. Die Ergebnisse aus einem Strukturgleichungsmodell geben Hinweise auf die Bedeutungen der Einstellungen zur Teamarbeit und der Erfahrungen aus dem integrativen bzw. inklusiven Unterricht für die Kooperationsbereitschaft der Grundschullehrkräfte. (DIPF/Orig.)";"Englisch";"Cooperation between primary school teachers and special education teachers is an important prerequisite in inclusive education. Until now, little is known about the willingness of primary school teachers to cooperate with special education teachers in inclusive schools. Therefore, we investigated 168 primary school teachers’ willingness to cooperate in inclusive education, their attitudes towards inclusion, their experiences in joint education of students with and without special educational needs, their self-efficacy beliefs and their attitudes regarding teamwork. The results of a structural equation model illustrate the importance of attitudes regarding teamwork and primary school teachers’ experiences in joint education of students with and without special educational needs for their willingness to cooperate in inclusive education. (DIPF/Orig.)";"2017";"Aufsatz (Zeitschrift)";"370";"ger";"";"1869-4845";"Empirische Sonderpädagogik 9 (2017) 1, S. 36-51";"Pädagogische Teildisziplin: Empirische Bildungsforschung; Sonderpädagogik";"11.09.2017";"urn:nbn:de:0111-pedocs-148742";10.25656/01:14874;"Deutsches Urheberrecht";Peer-Review;"";"https://www.pedocs.de/volltexte/2017/14874/";"https://www.pedocs.de/volltexte/2017/14874/pdf/ESP_2017_1_Hellmich_et_al_Unter_welchen_Voraussettzungen.pdf"
"14875";"Einschätzung des Arbeits- und Sozialverhaltens durch Lehrkräfte – eine Validierungsstudie";"Hennig, Timo; Schramm, Satyam A.; Linderkamp, Friedrich";"Teacher assessment of students’ work and social behavior - a validation study";"";"";"";"Originalveröffentlichung";"Lehrer; Schülerbeurteilung; Leistungsbeurteilung; Arbeitsverhalten; Soziales Verhalten; Diagnostik; Schüler; Sonderpädagogischer Förderbedarf; Behinderung; Testverfahren; Validität; Item";"Teacher; Achievement measurement; Achievement test; Pupil Evaluation; Behavior at work; Social behavior; Social behaviour; Diagnostic; Handicap; Test coaching";"Deutsch";"Beeinträchtigungen des Arbeits- und Sozialverhaltens sind in sonderpädagogischen Zielgruppen häufig und stellen ein Risiko für den schulischen Lernerfolg dar. Ziel dieser Studie ist die Validierung von Items, mit denen sonderpädagogische Lehrkräfte das aktuelle Arbeits- und Sozialverhalten ihrer Schülerinnen und Schüler erfassen können. Weiterführend könnten solche Items zur Auswahl und Evaluation von Fördermaßnahmen genutzt werden. Lehrkräfte schätzten elf Items, die erwünschtes Arbeits- und Sozialverhalten abbilden, für 373 Schülerinnen und Schüler aus vier sonderpädagogischen Gruppen (Förderbedarfe Lernen und Emotionale und Soziale Entwicklung) und einer Vergleichsgruppe ein. Zudem wurde für einen Teil der Stichprobe ein standardisiertes Fragebogenverfahren durchgeführt. Es zeigt sich erwartungskonform, dass die Gruppen mit Förderbedarf ein schlechteres Arbeits- und Sozialverhalten aufweisen als die Vergleichsgruppe. Die untersuchten Items korrelieren hoch mit dem standardisierten Fragebogen. Die Ergebnisse implizieren basierend auf der Methode bekannter Gruppen und der konkurrenten Validität, dass sich die untersuchten Items zur Erfassung des Arbeits- und Sozialverhaltens eignen. Da die Überprüfung der Dimensionalität der Items kein annehmbares Modell ergibt, wird eine modifizierte Kurzskala Erfolgreiches Arbeitsverhalten zur weiteren Überprüfung vorgeschlagen. (DIPF/Orig.)";"Englisch";"Students with special needs frequently exhibit poor work and social behavior, which represents a risk for academic success. The aim of this study is to validate items that enable special education teachers to assess the current work and social behavior of their students. Such items could also be used to select and evaluate interventions. Teachers rated eleven items on appropriate work and social behavior for 373 students from four groups with special needs (learning, emotional, and social problems) and a comparison group. In addition, a standardized questionnaire was administered to part of the sample. As expected, the groups with special needs showed poorer work and a social behavior than the comparison group. The items were found to correlate strongly with the items of the standardized questionnaire. The results imply, based on the method of known groups and the concurrent validity, that the examined items are appropriate for assessing work and social behavior. Since there was no acceptable model on the dimensionality of the items, a modified short scale, Effective Work Behavior, is proposed for further investigation. (DIPF/Orig.)";"2017";"Aufsatz (Zeitschrift)";"370";"ger";"";"1869-4845";"Empirische Sonderpädagogik 9 (2017) 1, S. 52-65";"Pädagogische Teildisziplin: Sonderpädagogik; Pädagogische Psychologie";"11.09.2017";"urn:nbn:de:0111-pedocs-148759";10.25656/01:14875;"Deutsches Urheberrecht";Peer-Review;"";"https://www.pedocs.de/volltexte/2017/14875/";"https://www.pedocs.de/volltexte/2017/14875/pdf/ESP_2017_1_Hennig_Schramm_LInderkamp_Einschaetung_des_Arbeits_und_Sozialverhaltens.pdf"
"14876";"Die Komplexität kognitiver Emotions-repräsentationen als Facette sozio-emotionaler Kompetenzen von Lehrkräften. Eine Pilotstudie zur Entwicklung von Items zur Erfassung der Levels of Emotional Awareness im Lehramtsstudium";"Krauskopf, Karsten; Knigge, Michel";"The complexity of cognitive representations of emotions as a facet of pre-service teachers' socio-emotional competencies. A pilot study on assessing Levels of Emotional Awareness in teacher training";"";"";"";"Originalveröffentlichung";"Lehramtsstudent; Soziale Kompetenz; Emotionales Verhalten; Inklusion; Schüler; Behinderung; Emotionale Intelligenz; Empathie; Studiengang; Grundschule; Sekundarstufe I; Sonderpädagogik; Messinstrument; Item; Einflussfaktor; Vignette <Methode>; Fragebogenerhebung; Faktorenanalyse; Empirische Untersuchung; Deutschland";"Student teachers; Social competence; Emotional response; Inclusion; Handicap; Emotional intelligence; Compassion; Channel of academic studies; Course of studies; Course of study; Elementary School; Primary school; Primary school lower level; Lower level secondary education; Lower secondary; Lower secondary education; Secondary education lower level; Measurement instrument; Questionnaire survey; Factor analysis; Empirical study; Germany";"Deutsch";"Das Konstrukt der Emotional Awareness (EA) stammt aus der Alexithymie-Forschung und beschreibt die Komplexität, mit der eigene emotionale Zustände sowie die anderer Personen kognitiv-sprachlich repräsentiert sind. Dieser Beitrag schlägt vor, EA als eine zentrale Facette sozio-emotionaler Kompetenzen (angehender) Lehrkräfte in (inklusiven) Bildungsprozessen zu betrachten. Vor diesem Hintergrund stellt dieser Artikel erste Items zur Entwicklung eines Performanz-Maßes für die EA in pädagogischen Kontexten vor. Deskriptive und inferenzstatistische Befunde werden basierend auf einer Stichprobe von N = 456 Lehramtsstudierenden aus vier Studiengängen (Primarstufe mit und ohne Schwerpunkt Inklusion, Sekundarstufe I/II, Sonderpädagogik) zweier deutscher Universitäten dargestellt. Ergebnisse zeigen, dass die Kodierung der Antworten reliabel erfolgte, sich jedoch keine eindimensionale Faktorstruktur ergab. Korrelative Zusammenhänge mit Selbstberichten emotionaler Intelligenz und emotionaler Erschöpfung sowie Unterschiede zwischen den Studiengängen werden in Bezug auf die Weiterentwicklung des LEA-Ansatzes und des Instruments im Hinblick auf inklusionsspezifische Kontexte und den Einsatz in Forschung, Lehre, Fort- und Weiterbildung im Bereich der Professionalisierung von Lehrkräften diskutiert. (DIPF/Orig.)";"Englisch";"In this article, we argue that the Levels of Emotional Awareness (LEA) of (future) teachers in pedagogical contexts can be considered an important facet of their professional socio-emotional competencies. Given that inclusive educational settings are often perceived as more challenging by teachers, this facet seems especially relevant. Thus, this study presents initial steps towards developing a performance-based measure for assessing (pre-service) teachers’ LEA in Pedagogical Contexts. Together with self-report measures of emotional intelligence, perspective taking and emotional exhaustion, these items were presented to a sample of N = 456 teacher students from two German universities enrolled in four different teacher education programs (primary, inclusive primary, secondary, and special needs education). The LEA coding of answers proved to be reliable. Further analyses show expected relations to regulative aspects of emotional intelligence and plausible differences between study programs. Results are discussed with regard to the further development of the suggested measure as well as its implications for the LEA approach. (DIPF/Orig.)";"2017";"Aufsatz (Zeitschrift)";"370";"ger";"";"1869-4845";"Empirische Sonderpädagogik 9 (2017) 1, S. 66-89";"Pädagogische Teildisziplin: Sonderpädagogik; Pädagogische Psychologie";"11.09.2017";"urn:nbn:de:0111-pedocs-148760";10.25656/01:14876;"Deutsches Urheberrecht";Peer-Review;"";"https://www.pedocs.de/volltexte/2017/14876/";"https://www.pedocs.de/volltexte/2017/14876/pdf/ESP_2017_1_Krauskopf_Knigge_Die_Komplexitaet.pdf"
"14867";"Adaptive Behavior Assessment System II - eine erste Überprüfung der psychometrischen Eigenschaften der deutschen Erwachsenenversion";"Zurbriggen, Carmen; Orthmann Bless, Dagmar";"Adaptive Behavior Assessment system II – a first examination of the psychometric properties of the German adult version";"";"";"";"Originalveröffentlichung";"Erwachsener; Geistig Behinderter; Kompetenz; Soziale Anpassung; Psychometrie; Messverfahren; Messinstrument; Validität; Item-Response-Theorie; Test; Modell; Qualität; Reliabilität; Empirische Untersuchung; Faktorenanalyse; Deutsche Schweiz";"Adult; Mentally disabled person; Mentally handicapped; Competency; Social adjustment; Psychometry; Measurement procedure; Measurement instrument; Item Response theory; Empirical study; Factor analysis";"Deutsch";"Adaptive Kompetenzen sind eines der drei Definitionskriterien für geistige Behinderung. An entsprechenden Assessmentinstrumenten mangelt es jedoch bislang im deutschen Sprachraum. In diesem Beitrag erfolgt deshalb eine erste Überprüfung der psychometrischen Eigenschaften einer deutschen Übersetzung der Erwachsenenversion des Adaptive Behavior Assessment System II (ABAS II). Basierend auf einer Stichprobe von 299 Teilnehmenden (MAlter = 40.95 Jahre, SDAlter = 14.90 Jahre) werden die faktorielle Validität des ABAS II, die interne Konsistenz bzw. Reliabilität der Skalen sowie die Funktionsweise der Items überprüft. Die Ergebnisse konfirmatorischer Faktorenanalysen mit kategorial geordneten Indikatoren liefern Hinweise dafür, dass mit dem ABAS II adaptive Kompetenzen generell sowie die zehn Subdimensionen – nicht aber die drei Bereiche – erfasst werden. Die zehn Skalen weisen eine hohe interne Konsistenz auf. Analysen im Rahmen der Item-Reponse-Theorie verweisen auf eine gute Diskriminationsfähigkeit der Skalen, insbesondere im unteren Bereich des jeweiligen Merkmals, sowie auf unterschiedliche Schwierigkeitsgrade der Items. Bei einigen Items deuten die Ergebnisse ferner darauf hin, dass gewisse Antwortkategorien zusammengefasst werden sollten. Abschließend werden das Potenzial des ABAS II und Ansatzpunkte zu dessen Weiterentwicklung diskutiert. (DIPF/Orig.)";"Englisch";"Adaptive behavior is one of three diagnostic criteria of intellectual disability. However, the lack of instruments for the corresponding assessment in German speaking countries is apparent. In this paper, thus, the psychometric properties of a German translation of the adult version of the Adaptive Behavior Assessment System (ABAS II) are tested. Based on a sample of 299 participants (Mage = 40.95 years, SDage = 14.90 years), the factorial validity of the ABAS II, the internal consistency or reliability of the scales and the functioning of items are examined. Results of confirmatory categorical factor analyses suggest that the ABAS II measures adaptive behavior in general as well as the ten subdimensions, but not the three domains. The ten scales show high internal consistency. Item response theory analyses indicate that the scales in particular discriminate in the lower regions of the latent trait, and that the items have varying difficulty levels. Moreover, the results imply that certain response categories of several items should be merged. To conclude, potential of the ABAS II and areas of its further development are discussed. (DIPF/Orig.)";"2017";"Aufsatz (Zeitschrift)";"370";"ger";"";"1869-4845";"Empirische Sonderpädagogik 9 (2017) 1, S. 3-18";"Pädagogische Teildisziplin: Sonderpädagogik; Pädagogische Psychologie";"08.09.2017";"urn:nbn:de:0111-pedocs-148673";10.25656/01:14867;"Deutsches Urheberrecht";Peer-Review;"";"https://www.pedocs.de/volltexte/2017/14867/";"https://www.pedocs.de/volltexte/2017/14867/pdf/ESP_2017_1_Zurbriggen_OrthmannBless_Adaptive_behaviour.pdf"
"14868";"Monitoring der sozial-emotionalen Situation von Grundschülerinnen und Grundschülern. Ist der SDQ ein geeignetes Verfahren?";"Voß, Stefan; Gebhardt, Markus";"Monitoring of the social emotional situation of elementary school students – Is the SDQ a suitable instrument?";"";"";"";"Originalveröffentlichung";"Grundschule; Schüler; Emotionales Verhalten; Soziales Verhalten; Verhaltensauffälligkeit; Lehrer; Verlaufsdiagnostik; Prävention; Messinstrument; Fragebogen; Testverfahren; Reliabilität; Rasch-Modell; Längsschnittuntersuchung; Deutschland";"Elementary School; Primary school; Primary school lower level; Emotional response; Social behavior; Social behaviour; Teacher; Measurement instrument; Questionnaire; Test coaching; Germany; Social competence";"Deutsch";"Der Strength and Difficulties Questionnaire (SDQ) ist ein in Forschung und Praxis etabliertes Screeninginstrument zur Diagnostik von Verhaltensstörungen. Im vorliegenden Artikel wird neben der statusdiagnostischen Eignung der Lehrkraftversion des SDQ über die vier Jahre der Grundschule zu je einem Messzeitpunkt hinweg die Einsetzbarkeit des Verfahrens als Instrument zur Verlaufsmessung geprüft. Um die Skalierung über die vier Messzeitpunkte zu untersuchen, wird die Problemwertskala des SDQ mittels des Raschmodells an einer Schuljahreskohorte einer deutschen Kleinstadt im Längsschnitt analysiert. Die Ergebnisse zeigen, dass der SDQ Gesamtproblemwert mit wenigen Ausnahmen messinvariant über die Zeit ist. Im Raschmodell über vier Messzeitpunkte weicht ein Item vom eindimensionalen Modell ab und wird für weitere Berechnungen entfernt. Anhand von Mehrebenenregressionen erkennt man, dass die Personenwerte der Grundschulkinder im Gesamtproblemwert über die Schuljahre leicht ansteigen. Eine Weiterentwicklung des SDQ Richtung eines Instrumentes zur Verlaufsmessung ist möglich, hierzu sollten weitere Items im schwierigen und leichten Bereich konstruiert werden. (DIPF/Orig.)";"Englisch";"The Strength and Difficulties Questionnaire (SDQ) is an established screening tool in research and practice for the purpose of diagnosing behavioral disorders. In this article the teacher version of the SDQ is analyzed in light of its status diagnostic suitability. Longitudinal data of a school year cohort from a small German town was collected to investigate if the total difficulties score over time meets the requirements of the Rasch model and thus if it’s appropriate for progress monitoring purposes too. The results support measurement equivalence of the SDQ total difficulties score over time but with few exceptions. Only one item failed the criteria of the one-dimensional Rasch model and had to be removed from further calculations. Multilevel regressions indicate a slight increase of the total difficulties score over the school years. A further development of the SDQ towards a progress monitoring measurement is possible. For this purpose, additional items should be constructed to reach a better targeting of the instrument. (DIPF/Orig.)";"2017";"Aufsatz (Zeitschrift)";"370";"ger";"";"1869-4845";"Empirische Sonderpädagogik 9 (2017) 1, S. 19-35";"Pädagogische Teildisziplin: Sonderpädagogik; Pädagogische Psychologie";"08.09.2017";"urn:nbn:de:0111-pedocs-148680";10.25656/01:14868;"Deutsches Urheberrecht";Peer-Review;"";"https://www.pedocs.de/volltexte/2017/14868/";"https://www.pedocs.de/volltexte/2017/14868/pdf/ESP_2017_1_Voss_Gebhard_Monitoring_der_sozial_emotionalen_Situation.pdf"
"20167";"Der Einsatz des Youth Self Report (YSR/11-18) bei Heranwachsenden. Eine faktorenanalytische Betrachtung im Kontext der Beruflichen Bildung";"Holtmann, Sophie Clara; Kranert, Hans-Walter; Stein, Roland";"Identification of mental stress in vocational schools. A validation of the Youth Self Report (YSR/11-18)";"";"";"";"Originalveröffentlichung";"Sonderpädagogik; Psychische Belastung; Berufsbildung; Berufsschule; Berufsfachschule; Diagnostik; Faktorenanalyse; Jugendlicher; Junger Erwachsener; Diagnostische Psychologie; Förderbedarf; Psychische Störung; Verhaltensauffälligkeit; Inklusion; Selbstbeurteilung; Fragebogenerhebung; Empirische Untersuchung; Empirische Forschung; Bayern; Deutschland";"Remedial instruction sciences; Special education for the handicapped; Special needs education; Mental stress; Vocational Education; Vocational school for apprentices; Full-time vocational school; Diagnostic; Factor analysis; Adolescent; Young adult; Mental disturbance; Inclusion; Self disclosure; Questionnaire survey; Empirical study; Empirical research; Germany";"Deutsch";"Psychische Belastungen junger Menschen stellen auch für die Gestaltung und Bewältigung Beruflicher Bildungsprozesse eine pädagogische Herausforderung dar. Insbesondere ergeben sich für Berufliche Schulen als wichtigen Ankerpunkt Beruflicher Bildung aus zwei Gründen heraus Bedarfe im Hinblick auf qualitativ hochwertige diagnostische Instrumente: zum einen, weil auch hier eine zunehmend intensive Diskussion um eine stärker inklusiv orientierte Ausrichtung im Gange ist – und zum anderen, weil neben dem Erkennen von Interventionsbedarfen, etwa über den Response-to-Intervention-Ansatz, mehr als bisher die Frage der Früherkennung und der Prävention für solche Problematiken gestellt wird. Auf Basis vorliegender Daten aus bayerischen Berufs- bzw. Berufsfachschulen wird in diesem Beitrag untersucht, inwiefern sich in der Faktorenstruktur des Instruments „Youth Self Report (YSR)“ der Achenbach-Skalen (Arbeitsgruppe Deutsche Child Behavior Checklist, 1998), trotz einer partiell abweichenden Altersstruktur der Stichprobe, mögliche Besonderungen ergeben. Eine vollständige Replikation der Struktur gelang nicht, jedoch ergaben sich einige Analogien mit einer deutlichen Reduzierung der Itemanzahl. (DIPF/Orig.)";"Englisch";"Mental stress in young adults is an educational challenge during vocational education. Especially for schools providing vocational education high-quality diagnostic instruments are relevant in two aspects: first because there are more and more discussions about a future path to inclusive learning. Second, because there is a need of early intervention, early diagnosis and prevention. Based on the data of Bavarian pupils of schools providing vocal education we investigated via factorial analysis whether the diagnostic instrument „Youth Self Report (YSR)“ (Arbeitsgruppe Deutsche Child Behavior Checklist, 1998) is valid for this sample. We investigated whether the factorial structure is stable and identic to the primary version. A complete replication of the structure wasn´t possible but similarities were found with a considerable reduction of items. One reason might be the deviating age from the original sample. (DIPF/Orig.)";"2020";"Aufsatz (Zeitschrift)";"370";"ger";"";"1869-4845";"Empirische Sonderpädagogik 12 (2020) 1, S. 3-26";"Pädagogische Teildisziplin: Sonderpädagogik; Pädagogische Psychologie";"05.06.2020";"urn:nbn:de:0111-pedocs-201677";10.25656/01:20167;"Deutsches Urheberrecht";Peer-Review;"";"https://www.pedocs.de/volltexte/2020/20167/";"https://www.pedocs.de/volltexte/2020/20167/pdf/ESP_2020_1_Holtmann_Kranert_Stein_Der_Einsatz_des_YSR.pdf"
"20168";"Entwicklung der Kurzskala zur Selbstwirksamkeit im Umgang mit heterogenen Lerngruppen (KUS-HL). Reanalysen der Skalen von Kopp (2009) und Validierung der Kurzskala";"Siegemund, Steffen; Knigge, Michel; Rotter, Carolin";"Development of the short scale for self-efficacy in dealing with heterogeneous learning groups (KUS-HL). Reanalyses of the scales by Kopp (2009) and validation of the short scale";"";"";"";"Originalveröffentlichung";"Empirische Forschung; Sonderpädagogik; Inklusion; Heterogenität; Überzeugung; Selbstwirksamkeit; Erwartungshaltung; Einstellung <Psy>; Integrative Beschulung; Heterogene Klasse; Adaptiver Unterricht; Sonderpädagogischer Förderbedarf; Integrationsklasse; Lehramtsstudent; Lehrerausbildung; Lehrerpersönlichkeit; Lehrer; Faktorenanalyse; Faktorenstruktur; Skala; Validität; Studie; Testvalidität; Explorative Datenanalyse; Hamburg; Halle <Saale>; Sachsen-Anhalt; Deutschland";"Empirical research; Remedial instruction sciences; Special education for the handicapped; Special needs education; Inclusion; Heterogeneity; Self efficacy; Heterogeneous class; Special Educational Needs; Inclusion class; Integration classes; Student teachers; Teacher education; Teacher training; Teacher; Factor analysis; Factor structure; Test validity; Saxony-Anhalt; Germany; Saxony";"Deutsch";"Die vorliegende Studie überprüft die Faktorenstruktur der Selbstwirksamkeitsskalen im Umgang mit Heterogenität bzw. mit „besonderen“ Schülerinnen und Schülern (SuS) von Kopp (2009) anhand von zwei Datensätzen mit insgesamt 725 Studierenden der Lehrämter Primar- und/oder Sekundarstufe, Gymnasium sowie Sonderpädagogik. Im Ergebnis zeigt sich ein besserer Modellfit für ein alternatives vierfaktorielles Modell. Die Aufteilung in die Faktoren „Adaptive Unterrichtsgestaltung in heterogenen Lerngruppen“ und „Adaptive Unterrichtsgestaltung für SuS mit erhöhtem sonderpädagogischen Förderbedarf“ verweist hierbei auf die viel diskutierte Unterscheidung eines engen und eines weiten Inklusionsbegriffs (vgl. Werning, 2014) auch auf Ebene der Selbstwirksamkeit von Studierenden. Die weiteren Faktoren „Inklusive Lehrerpersönlichkeit“ und „Klassenklima“ folgen der Struktur von Kopp, wenngleich die Neuordnung einiger Items eine stringentere Interpretation ermöglicht und den Modellfit verbessert. An einem dritten Datensatz (n = 456) erfolgt die Validierung der neu entwickelten Kurzskala KUS-HL. Diese bietet zusammenfassend eine ökonomische Alternative zur Messung der Selbstwirksamkeit auch für Gruppen von Studierenden mit unterschiedlichen Lehrämtern. (DIPF/Orig.)";"Englisch";"This study examines the factor structure of self-efficacy scales dealing with heterogeneity or „special“ pupils developped by Kopp (2009). This is conducted through two sets of data with a total number of 725 students pursuing a teaching degree in the fields of primary and/or secondary school or special needs education. The results show a better model fit for an alternative four-factor model. The division into the factors „Adaptive teaching structure in heterogeneous learning groups“ and „Adaptive teaching structure for pupils with increased special educational needs“ refers to the much discussed distinction between a narrow and a broad concept of inclusion (cf. Werning, 2014), also at the level of students‘ self-efficacy. The other factors, „Inclusive teacher personality“ and „Class atmosphere“, follow Kopp‘s structure, although the reorganization of some items allows a more stringent interpretation and improves the model fit. A third set of data (n = 456) is used to validate the newly developed short scale KUS-HL. In summary, this scale offers an economic alternative to measure self-efficacy even for groups of students with differing teaching degrees. (DIPF/Orig.)";"2020";"Aufsatz (Zeitschrift)";"370";"ger";"";"1869-4845";"Empirische Sonderpädagogik 12 (2020) 1, S. 27-44";"Pädagogische Teildisziplin: Empirische Bildungsforschung; Sonderpädagogik";"05.06.2020";"urn:nbn:de:0111-pedocs-201680";10.25656/01:20168;"Deutsches Urheberrecht";Peer-Review;"";"https://www.pedocs.de/volltexte/2020/20168/";"https://www.pedocs.de/volltexte/2020/20168/pdf/ESP_2020_1_Siegemund_Knigge_Rotter_Entwicklung_der_Kurzskala.pdf"
"20169";"Zur Veränderbarkeit von Heterogenitäts-Einstellungen und -Selbstwirksamkeitsüberzeugungen von Lehramtsstudierenden durch diversitätssensible hochschuldidaktische Lehrmodule";"Junker, Robin; Zeuch, Nina; Rott, David; Henke, Ina; Bartsch, Constanze; Kürten, Ronja";"Changing heterogeneity-related attitudes and perceived self-efficacy of pre-service teachers through diversity-sensitive courses in higher education";"";"";"";"Originalveröffentlichung";"Empirische Forschung; Sonderpädagogik; Inklusion; Heterogenität; Überzeugung; Selbstwirksamkeit; Erwartungshaltung; Einstellung <Psy>; Einstellungsänderung; Hochschuldidaktik; Integrative Beschulung; Heterogene Klasse; Adaptiver Unterricht; Sonderpädagogischer Förderbedarf; Integrationsklasse; Lehramtsstudent; Lehrerausbildung; Lehrerpersönlichkeit; Lehrer; Einstellungsmessung; Vielfalt; Studie; Quasi-Experiment; Messinstrument; Skala; Münster i.W.; Nordrhein-Westfalen; Deutschland";"Empirical research; Remedial instruction sciences; Special education for the handicapped; Special needs education; Inclusion; Heterogeneity; Self efficacy; Attitude change; Attitudinal change; University didactics; Heterogeneous class; Special Educational Needs; Inclusion class; Integration classes; Student teachers; Teacher education; Teacher training; Teacher; Attitude measurement; Measurement instrument; North Rhine-Westphalia; North-Rhine Westphalia; Germany; Factor analysis; Factor structure; Test validity; Saxony-Anhalt";"Deutsch";"Der effektive schulische Umgang mit Heterogenität ist einer der Hauptansatzpunkte, um der Aufrechterhaltung sozialstruktureller, gesamtgesellschaftlicher Ungleichheiten entgegenzuwirken. Dabei spielen die positiven heterogenitätsbezogenen Einstellungen und Selbstwirksamkeitsüberzeugungen von Lehrkräften eine Schlüsselrolle, da empirische Befunde die Rolle von Einstellungen und Überzeugungen für das berichtete Lehrer*innenhandeln, die Schüler*innenleistungen und die Belastungsgefühle auf Seiten der Lehrkräfte wiederholt verdeutlicht haben. Erste Studien zur Förderbarkeit von Einstellungen und Selbstwirksamkeitserwartungen haben zwar positive Wirkungen gezeigt, arbeiten aber mit eher kleinen Stichproben und einem eher eingeschränkten Heterogenitätsbegriff. Auf dieser Grundlage untersucht die vorliegende Studie in einem quasiexperimentellen Design anhand von 1703 Lehramtsstudierenden und mit Hilfe des neu entwickelten Messinstruments MESS H (Münsteraner Einstellungs- und Selbstwirksamkeitsskala zum Umgang mit Heterogenität), inwiefern sich positive Einstellungen sowie Selbstwirksamkeitsüberzeugungen in Bezug auf den Umgang mit Heterogenität durch diversitätssensible hochschuldidaktische Lehrmodule fördern lassen. Die Ergebnisse zeigen, dass die Selbstwirksamkeitsüberzeugungen von Lehramtsstudierenden durch die Lehrmodule verbessert werden können. Die Einstellungsveränderungen im Zeitraum hängen hingegen eher mit Geschlecht und Studierendenstatus (Bachelor/Master) zusammen. Mögliche Implikationen für die Förderung von positiven, heterogenitätsbezogenen Einstellungen und Selbstwirksamkeitsüberzeugungen im Lehramtsstudium werden diskutiert. (DIPF/Orig.)";"Englisch";"Dealing with students’ diversity is one of the main approaches to counter the maintenance of societal inequality. Teachers’ positive heterogeneity-related attitudes and self-efficacy beliefs play a key role as they correlate with reported adaptive teaching methods, lead to improved student performance and less teacher stress. Although initial studies on the promotion of positive attitudes and self-efficacy beliefs have shown noteworthy effects, they rely on small samples and a limited concept of heterogeneity. Using a quasi-experimental design, 1703 pre-service teachers were examined twice with the newly developed scale MESS-H (Münster‘s attitude and self-efficacy scale for dealing with heterogeneity) to find out, if positive attitudes and self-efficacy beliefs can be increased by diversity-sensitive teaching modules. On the one hand, results show that self-efficacy beliefs can be significantly optimized. On the other hand,  changes in attitude during the period were more closely related to gender and student status (Bachelor/Master) than belonging to one of the two experimental groups. Possible implications for promoting positive, heterogeneity-related attitudes and self-efficacy beliefs in teacher training are discussed. (DIPF/Orig.)";"2020";"Aufsatz (Zeitschrift)";"370";"ger";"";"1869-4845";"Empirische Sonderpädagogik 12 (2020) 1, S. 45-63";"Pädagogische Teildisziplin: Sonderpädagogik; Pädagogische Psychologie";"05.06.2020";"urn:nbn:de:0111-pedocs-201697";10.25656/01:20169;"Deutsches Urheberrecht";Peer-Review;"";"https://www.pedocs.de/volltexte/2020/20169/";"https://www.pedocs.de/volltexte/2020/20169/pdf/ESP_2020_1_Junker_et_al_Zur_Veraenderbarkeit_von_Heterogenitaets-Einstellungen.pdf"
"20170";"Dabei sein ist alles? Psychosoziale Entwicklung von Kindern mit Förderschwerpunkt Lernen in inklusiven vs. exklusiven Fördersettings";"Schwinger, Malte; Trautner, Maike; Otterpohl, Nantje; Lütje-Klose, Birgit; Wild, Elke";"Taking part is everything? Psychosocial development of children with mild learning difficulties in inclusive vs. exclusive school settings";"";"";"";"Originalveröffentlichung";"Sonderpädagogik; Psychosoziale Entwicklung; Förderschwerpunkt; Förderbedarf; Sonderpädagogischer Förderbedarf; Lernbehinderung; Kind; Inklusion; Exklusion; Förderunterricht; Schule; Selbstwertgefühl; Wohlbefinden; Schüler; Motivation; Integrative Beschulung; Primarbereich; Selbstwirksamkeit; Schuljahr 03; Schuljahr 04; Empirische Forschung; Längsschnittuntersuchung; Deutschland";"Remedial instruction sciences; Special education for the handicapped; Special needs education; Psychosocial development; Special Educational Needs; Learning handicap; Child; Inclusion; Remedial teaching; School; Well being; Well-being; Pupil; Pupils; Primary education; Primary level; Self efficacy; School year 03; School year 04; Empirical research; Longitudinal analysis; Longitudinal study; Germany; School year; Psychosis";"Deutsch";"Eine vorurteilsfreie, empirische Untersuchung der Chancen und Risiken inklusiver Beschulung stellt eine wichtige Voraussetzung zum Gelingen schulischer Inklusion im deutschen Schulsystem dar. Die vorliegende Arbeit leistet einen Beitrag zu dieser Debatte, indem sie die psychosoziale Entwicklung von N = 410 inklusiv vs. exklusiv beschulten Kindern mit Förderschwerpunkt Lernen (SPF-L) längsschnittlich über drei Messzeitpunkte am Ende der Grundschulzeit analysiert. In latenten Wachstumskurvenanalysen zeigten sich für die untersuchten Merkmale Fähigkeitsselbstkonzept, Selbstwirksamkeit, soziale Integration, allgemeiner Selbstwert und schulisches Wohlbefinden im Ausgangswert und im Entwicklungsverlauf kaum nennenswerte Unterschiede zwischen den Fördersettings. Insgesamt weisen die Befunde darauf hin, dass die Qualität der einzelnen Schule und der einzelnen Lehrkraft wichtigere Bestandteile erfolgreicher Inklusion sein dürften als formale Aspekte wie Schulgröße und Beschulungsform. (DIPF/Orig.)";"Englisch";"The successful implementation of inclusive education in the German school system requires an unbiased and objective empirical investigation of opportunities and risks of inclusive education. In the present study, we seek to contribute to this debate by providing results on the psychosocial development of primary students with mild learning difficulties in inclusive and exclusive educational settings. The analyses are based on data from the Bielefeld Longitudinal Study on Learning in Inclusive and Exclusive Forms of Special Needs Education (BiLieF) with a total of N = 410 students who participated at three measurement points at the end of primary school. Latent growth curve analyses revealed no noteworthy differences between students in inclusive and exclusive school settings with respect to most of the examined indicators of psychosocial adjustment (i.e., ability self-concept, self-efficacy, social integration, general self-esteem, and school-related well-being). These non-significant differences were consistently found for base line values (intercepts) and development over time (slopes), respectively. Taken together, our findings support the assumption that a successful implementation of inclusive education depends to a lesser degree from formal aspects (e.g., school size, inclusive vs. exclusive school settings), but rather from other, non-formal aspects of schooling (e.g., characteristics within certain schools, quality of teaching). (DIPF/Orig.)";"2020";"Aufsatz (Zeitschrift)";"370";"ger";"";"1869-4845";"Empirische Sonderpädagogik 12 (2020) 1, S. 64-78";"Pädagogische Teildisziplin: Sonderpädagogik; Pädagogische Psychologie";"05.06.2020";"urn:nbn:de:0111-pedocs-201704";10.25656/01:20170;"Deutsches Urheberrecht";Peer-Review;"";"https://www.pedocs.de/volltexte/2020/20170/";"https://www.pedocs.de/volltexte/2020/20170/pdf/ESP_2020_1_Schwinger_et_al_Dabei_sein_ist_alles.pdf"
"20171";"Was bleibt hängen? Evidenz für eine Beeinträchtigung des Behaltens von Leistungsinhalten durch einen Indikator einer motorischen Beeinträchtigung";"Tempel, Tobias; Renner, Gerolf";"What stays in memory? Evidence on how an indicator of a motor impairment affects retention of performance contents";"";"";"";"Originalveröffentlichung";"Empirische Forschung; Sonderpädagogik; Notengebung; Auffassung; Motorische Störung; Körperbehinderung; Behinderter; Leistungsbeurteilung; Stigmatisierung; Diskriminierung; Lehramtsstudent; Lehrer; Lehrerverhalten; Aufsatz; Schülertext; Experiment";"Empirical research; Remedial instruction sciences; Special education for the handicapped; Special needs education; Grading; Motoric irregularity; Physical handicap; Disabled person; Handicapped; Achievement measurement; Achievement test; Pupil Evaluation; Discrimination; Student teachers; Teacher; Learning behavior; Teacher behaviour; Teachers' behavior; Learning";"Deutsch";"In einem Experiment wurde untersucht, wie die Bewertung einer schriftlichen Leistung und das Gedächtnis für deren Inhalt durch eine Information über eine motorische Beeinträchtigung der Verfasserin des Aufsatzes beeinflusst wird. Studentische Versuchspersonen lasen zunächst einen Aufsatz und sollten diesen anschließend bewerten sowie Fragen zu dessen Inhalt beantworten. Drei Bedingungen wurden verglichen. Eine erste Gruppe erhielt einen in ansprechendem Schriftbild handschriftlich verfassten Aufsatz. Die zweite und dritte Gruppe erhielten hingegen den gleichen Aufsatz in einem unsaubereren Schriftbild verfasst. Nur der dritten Gruppe wurde außerdem eine knappe Zusatzinformation gegeben, nach der die Autorin durch eine Diparese motorisch beeinträchtigt sei. Es ergaben sich zwei Hauptbefunde. Zum einen wurde der Aufsatz signifikant besser bewertet, wenn er in schöner Handschrift abgefasst war. Zum anderen beeinträchtigte die Zusatzinformation das Behalten des Aufsatzinhalts. Diese Befunde deuten an, wie vom Leistungsinhalt unabhängige Information über eine motorische Beeinträchtigung Leistungsbewertungen verzerren können. (DIPF/Orig.)";"Englisch";"In an experiment, we examined how grades for an essay written by a student as well as memory for its content are influenced by giving the information about a motor impairment of that student. Participants read an essay, subsequently grading it and answering questions concerning its content. Three conditions were compared. The first group received the essay in appealing handwriting. The second and third group received the same essay but in scrawly handwriting. Only the third group was additionally informed about a motor impairment of the author (diparesis). There were two main results. First, grades for the essay in appealing handwriting were significantly better as compared to scrawly handwriting. Second, the additional information impaired memory for the content of the essay. These findings suggest that information about a motor impairment can distort performance evaluation. (DIPF/Orig.)";"2020";"Aufsatz (Zeitschrift)";"370";"ger";"";"1869-4845";"Empirische Sonderpädagogik 12 (2020) 1, S. 79-85";"Pädagogische Teildisziplin: Schulpädagogik; Sonderpädagogik";"05.06.2020";"urn:nbn:de:0111-pedocs-201710";10.25656/01:20171;"Deutsches Urheberrecht";Peer-Review;"";"https://www.pedocs.de/volltexte/2020/20171/";"https://www.pedocs.de/volltexte/2020/20171/pdf/ESP_2020_1_Tempel_Renner_Was_bleibt_haengen.pdf"
"15387";"Effekte einer kombinierten Förderung von Rechtschreibfertigkeiten und Schreibstrategien auf die Aufsatzleistung von rechtschreibschwachen Fünftklässler";"Keller, Eva; Glaser, Cornelia";"The effects of a combined spelling and writing strategies intervention on the essay performance of fifth graders with orthographic difficulties";"";"";"";"Originalveröffentlichung";"Schüler; Schuljahr 05; Rechtschreibschwäche; Rechtschreibung; Aufsatzunterricht; Lernvoraussetzungen; Förderung; Textproduktion; Schreibkompetenz; Training; Rechtschreibleistung; Rechtschreibtest; Wirkung; Empirische Untersuchung; Deutschland";"Pupil; Pupils; School year 05; Dysorthography; Essays; Prerequisites for learning; Writing ability; Training (sports); Empirical study; Germany; School year";"Deutsch";"Basale Rechtschreibfertigkeiten stellen neben übergeordneten kognitiven Planungs- und Revisionskompetenzen eine zentrale Voraussetzung für einen erfolgreichen Schreibprozess dar. Schülerinnen und Schüler mit schwachen Rechtschreibleistungen besitzen daher ein erhöhtes Risiko, eine mangelnde Schreibkompetenz zu entwickeln. Ein Ansatzpunkt, rechtschreibschwache Kinder in der Entwicklung einer angemessenen Schreibkompetenz zu unterstützen, ist eine vorgeschaltete Förderung von Lernvoraussetzungen, d.h. der basalen Rechtschreibfertigkeiten. Die vorliegende Studie untersuchte daher die Effekte einer kombinierten Förderung basaler Rechtschreibfertigkeiten und Schreibstrategien auf die Aufsatzleistung bei rechtschreibschwachen Fünftklässlern gegenüber einer reinen Schreibstrategieförderung. 20 rechtschreibschwache Fünftklässlerinnen und Fünftklässler wurden zwei Trainingsbedingungen zugewiesen: Die Experimentalgruppe erhielt als Vortraining ein Rechtschreibtraining und als Haupttraining ein Schreibstrategietraining. Die Kontrollgruppe erhielt als Vortraining ein Leseflüssigkeitstraining und als Haupttraining ein Schreibstrategietraining. Beide Trainings umfassten jeweils vier 90-minütige Sitzungen. Zu drei Messzeitpunkten wurde die Rechtschreib- und Aufsatzleistung der Schülerinnen und Schüler erhoben. Nach dem Rechtschreibtraining zeigte sich eine Verbesserung der Rechtschreibleistung sowie ein Transfereffekt auf die Aufsatzleistung in Form der Planungs- und Geschichtenqualität. Der Zusatzeffekt einer kombinierten Förderung der Rechtschreib- und Aufsatzleistung gegenüber der reinen Schreibstrategieförderung konnte ebenso bestätigt werden. (DIPF/Orig.)";"Englisch";"The present writing intervention study examined the effects of a combined training in spelling skills and writing strategies on the compositional performance of low achieving fifth graders. For a successful writing process not only high-level-processes (planning, reviewing, self-regulation etc.) are needed, but also lower-level transcription skills build a critical foundation. 20 fifth graders were assigned to one of two conditions: During the first four 90-min sessions the two groups received either a spelling training (treatment group) or a reading fluency training (control group). During the next four sessions both groups received composition instruction. In the composition instruction children were taught strategies for planning and writing more complete narratives. Training spelling improved not only spelling but also transferred to improvements in composing: Children enhanced their quality of planning and wrote more complete stories. Children who received prior spelling instruction could take greater advantage from the subsequent composition training than children who received reading fluency training with subsequent composition training at least in regard to quality of planning and writing. (DIPF/Orig.)";"2017";"Aufsatz (Zeitschrift)";"370";"ger";"";"1869-4934";"Empirische Sonderpädagogik 9 (2017) 4, S. 302-322";"Pädagogische Teildisziplin: Empirische Bildungsforschung; Fachdidaktik/Sprache und Literatur";"16.03.2018";"urn:nbn:de:0111-pedocs-153872";10.25656/01:15387;"Deutsches Urheberrecht";Peer-Review;"";"https://www.pedocs.de/volltexte/2018/15387/";"https://www.pedocs.de/volltexte/2018/15387/pdf/ESP_2017_4_Keller_Glaser_Effekte_einer_kombinierten_Foerderung.pdf"
"15388";"Über die Auswirkungen einer PC-gestützten Schreibförderung auf die Länge und Qualität von Aufsätzen von risikobelasteten Fünftklässlerinnen und Fünftklässlern";"Nobel, Kerstin; Grünke, Matthias";"The effects of computer-assisted writing instruction on the length and quality of essays written by fifth graders at risk for school failure";"";"";"";"Originalveröffentlichung";"Schüler; Schuljahr 05; Lernschwierigkeit; Schreiben; Förderung; Computerunterstützter Unterricht; Medieneinsatz; Wirkung; Aufsatzunterricht; Aufsatzbeurteilung; Qualität; Textproduktion; Intervention; Training; Gesamtschule; Empirische Untersuchung; Deutschland";"Pupil; Pupils; School year 05; Learning Difficulties; Learning Difficulty; Learning disorder; Computer based training; Computer-aided instruction; Computer-assisted instruction; Programmed instruction; Deployment of media; Use of media; Essays; Quality; Training (sports); Comprehensive school; Comprehensive secondary school; Empirical study; Germany; School year";"Deutsch";"Die Nutzung grafischer Vorlagen als Ordnungs- und Strukturhilfe im Schreibprozess ist eine erfolgversprechende Unterstützung für Schülerinnen und Schüler mit schwachen Leistungen im kompositorischen Schreiben. In der vorliegenden Studie wurden die Effekte einer computerbasierten Förderung der Schreibkompetenz auf Basis von Geschichtenkarten untersucht. Die Stichprobe bestand aus zwanzig Fünftklässlerinnen und Fünftklässlern, die beim Verfassen von Texten nur sehr wenige Wörter produzierten. Sie wurden in eine Experimental- und eine Kontrollgruppe eingeteilt. Die Experimentalgruppe erhielt über vier Wochen hinweg ein aus zwölf 30-minütigen Sitzungen bestehendes Schreibtraining. Hierbei kam eine eigens entwickelte Lernsoftware zum Einsatz, die sich auf das bekannte Modell von Hayes und Flower (1980) stützt. Der Prozess der Planung wird in dem Programm durch Geschichtenkarten unterstützt, die als grafische Vorlagen dienen. Die Kontrollgruppe besuchte in der Zeit der Förderung den regulären Unterricht. Bewertet wurde die quantitative und qualitative Entwicklung der produzierten Texte. Die Messung der Erfolgskriterien erfolgte direkt vor und direkt im Anschluss an die Intervention. Nach dem Schreibtraining zeigten sich bedeutsame Verbesserungen in der Länge der produzierten Texte und eine mittlere Steigerung der Qualität. (DIPF/Orig.)";"Englisch";"The use of graphic templates as a tool for order and structure in the writing process is a promising support for students with weak performance in compositional writing. The following survey examines the effects of a computer-based support for writing competence on the basis of story-cards. For this, twenty students of grade five were identified, who produce very few words when writing a text. They were divided into an experimental and a control group. The experimental group was provided with twelve 30-minute sessions over four weeks of writing skills training with a self-developed learning software, which supports the process of planning with the aid of story-cards as graphic templates in the process of writing, based on the model of Hayes and Flower (1980). The control group visited the regular lessons in school during that time. The quantitative and qualitative development of the produced texts was rated. The measurement of the success criteria was done immediately before and immediately after the intervention. After the writing skills training, a high improvement in the length of the produced texts and a medium improvement of the quality of the texts could be seen. (DIPF/Orig.)";"2017";"Aufsatz (Zeitschrift)";"370";"ger";"";"1869-4934";"Empirische Sonderpädagogik 9 (2017) 4, S. 323-340";"Pädagogische Teildisziplin: Medienpädagogik; Fachdidaktik/Sprache und Literatur";"16.03.2018";"urn:nbn:de:0111-pedocs-153880";10.25656/01:15388;"Deutsches Urheberrecht";Peer-Review;"";"https://www.pedocs.de/volltexte/2018/15388/";"https://www.pedocs.de/volltexte/2018/15388/pdf/ESP_2017_4_Nobel_Gruenke_Ueber_die_Auswirkungen_einer_PC_gestuetzten_Schreibfoerderung.pdf"
"15389";"Effekte eines kognitiv-behavioralen Aufsatztrainings auf die Schreibleistung und das Lern- und Arbeitsverhalten bei Schülern mit ADHS in der Sekundarstufe I einer Förderschule";"Casale, Gino; Husakovic, Merdina; Hagen, Tobias; Hövel, Dennis C.; Krull, Johanna; Spilles, Markus";"Effects of a cognitive-behavioral based essay training on the writing skills and the academically engaged behavior of secondary level students with ADHD in a special school";"";"";"";"Originalveröffentlichung";"Schüler; Schuljahr 06; Aufmerksamkeits-Defizit-Hyperaktivitäts-Störung; Sekundarstufe I; Sonderschule; Training; Aufsatzunterricht; Wirkung; Arbeitsverhalten; Schreibkompetenz; Förderung; Empirische Untersuchung; Nordrhein-Westfalen; Deutschland";"Pupil; Pupils; School year 06; Attention deficit disorders; Lower level secondary education; Lower secondary; Lower secondary education; Secondary education lower level; School for the handicapped; Special needs school; Special school; Training (sports); Essays; Behavior at work; Writing ability; Empirical study; North Rhine-Westphalia; North-Rhine Westphalia; Germany; School year";"Deutsch";"National wie international weisen ca. 5–7% aller Kinder und Jugendlichen im Schulalter klinisch bedeutsame Symptome einer Aufmerksamkeits-Defizit-Hyperaktivitätsstörung (ADHS) auf. Die betroffenen Schülerinnen und Schüler verfügen häufig über eine defizitäre Schreibkompetenz, die auch dann feststellbar ist, wenn deklaratives Wissen über die Erstellung qualitativ hochwertiger Texte vorhanden ist. Das Aufsatztraining für die 4. bis 6. Klasse von Glaser & Palm (2014) ist ein kognitiv-behaviorales Schreibtraining, das durch die Verknüpfung von Wissensvermittlung, Einübung und operanten Methoden auf eine Verbesserung der Schreibkompetenz und des Lern- und Arbeitsverhaltens abzielt. Bisherige vielversprechende Wirksamkeitsstudien für Schülerinnen und Schüler mit ADHS erfolgten bisher ausschließlich an allgemeinbildenden Schulen in der Primarstufe. Aus diesem Grund wurde in der vorliegenden kontrollierten Einzelfallstudie mit multiplem AB-Design die Wirksamkeit des Trainings auf die Schreibleistung und das Lern- und Arbeitsverhalten von drei Schülern (13 Jahre) mit ADHS in der Sekundarstufe einer Förderschule überprüft. Die Datenanalyse erfolgte über die Berechnung verschiedener Non-Overlap-Techniken. Im Hinblick auf die Schreibleistung weisen die Ergebnisse auf moderate bis starke Effekte bei allen Schülern hin. Die Befunde im Hinblick auf das Lern- und Arbeitsverhalten sind hingegen uneindeutig. Damit erweitert die Studie den positiven Forschungsstand zur Wirksamkeit des Trainings auf die Schreibleistung bei Schülern mit ADHS in der Förderschule. Bezüglich des Lern- und Arbeitsverhaltens sind weitere Evaluationsstudien notwendig. (DIPF/Orig.)";"Englisch";"Approximately 5–7% of all school-aged children exhibit behavioral problems that are associated with Attention-Deficit-Hyperactivity-Disorders (ADHD). These students often struggle with their writing skills even though they declaratively know how to create a written text. The essay training for 4th to 6th grade by Glaser and Palm (2014) is a cognitive-behavioral based writing training that combines the transfer of declarative knowledge with an applied and active training of that knowledge as well as behavioral techniques (e. g. token systems). In this way, the writing skills and the academically engaged behavior of the students are expected to increase. Results of previous studies suggest the efficacy of the training especially for regular students as well as for students with ADHS in regular schools at the primary level. However, an evaluation of the training with students at the secondary level in special schools is necessary. Therefore, we evaluated the training using a single-subject-design with multiple AB-phases. The effects of the training on the writing skills and the academically engaged behavior of three male students (13 years old) with ADHD in a special school were evaluated. Data was analyzed by calculating several non-overlap-indices. The results indicate moderate to strong effects on the writing skills of all students. Findings on the academically engaged behavior are inconsistent across students. Thereby, this study confirms the positive findings on the efficacy of the training to improve writing skills also for a sample of students from a special school. With regard to the effects on the academically engaged behavior more research is necessary. (DIPF/Orig.)";"2017";"Aufsatz (Zeitschrift)";"370";"ger";"";"1869-4934";"Empirische Sonderpädagogik 9 (2017) 4, S. 341-364";"Pädagogische Teildisziplin: Empirische Bildungsforschung; Sonderpädagogik";"16.03.2018";"urn:nbn:de:0111-pedocs-153896";10.25656/01:15389;"Deutsches Urheberrecht";Peer-Review;"";"https://www.pedocs.de/volltexte/2018/15389/";"https://www.pedocs.de/volltexte/2018/15389/pdf/ESP_2017_4_Casale_et_al_Effekte_eines_kognitiv_behavioralen_Aufsatztrainings.pdf"
"15149";"Dimensionen inklusionsbezogener Fortbildungsmotivation von Sonderpädagoginnen und Sonderpädagogen und Lehrkräften allgemeiner Schulen";"Gorges, Julia; Neumann, Phillip; Lütje-Klose, Birgit; Wild, Elke";"Dimensions of special education teachers’ and general teachers’ inclusion-related motivation for further education";"";"";"";"Originalveröffentlichung";"Inklusion; Lehrerfortbildung; Motivation; Lehrer; Regelschule; Sonderpädagoge; Kooperation; Erwartungswert; Modell; Umfrage; Längsschnittuntersuchung; Faktorenanalyse; Empirische Untersuchung; Deutschland";"Inclusion; Further education for teachers; Further education of teachers; Further training for teachers; Teacher; Regular school; Special education pedagogue; Special educational needs teacher; Teacher for children with special needs; Teacher for the handicapped; Cooperation; Longitudinal analysis; Longitudinal study; Factor analysis; Empirical study; Germany; Expectancy";"Deutsch";"In der vorliegenden Studie wird die konzeptuelle Binnenstruktur der Fortbildungsmotivation von Sonderpädagoginnen und Sonderpädagogen und Lehrkräften allgemeiner Schulen (N=287) mit Blick auf eine inklusionsbezogene Fortbildung zur multiprofessionellen Kooperation aus Perspektive der Erwartungs-Wert-Theorie untersucht. Konfirmatorische Faktorenanalysen zeigen eine 4-Komponenten-Struktur des subjektiven Wertes. Teilnahmeförderliche Wertüberzeugungen, die mithilfe von Items mit intrinsischer, utilitaristischer und persönlicher Ausrichtung erfasst wurden, lassen sich nach den Bezugspunkten Inhalt, Status als Teilnehmerin oder Teilnehmer und Abschluss untergliedern. Eine Kostenkomponente mit monetären und nicht-monetären Anteilen bildet einen eigenständigen Faktor. Der 4-faktorielle subjektive Wert lässt sich weiterhin von einem Bilanzwert abgrenzen, der ein Gesamturteil hinsichtlich der untersuchten Fortbildung reflektiert und primär von inhaltsbezogenen Wertkomponenten sowie der Kostenkomponente des Wertes vorhergesagt wird. Es zeigen sich professionsbezogene Unterschiede sowohl bei der Höhe der Werteinschätzungen als auch bei deren Zusammenspiel zur Bestimmung des Bilanzwertes. Die Diskussion thematisiert theoretische und praktische Implikationen der Befunde. (DIPF/Orig.)";"Englisch";"The present study investigates special education and general teachers’ (N=287) motivation for further education in the context of inclusive education from an expectancy-value perspective. Results indicate a 4-component structure of subjective task value. Value components that have been measured using intrinsic, utility, and attainment items may be arranged along the lines of three reference points: content-related, status-as-participant-related, and degree-related. A distinct cost component covers both monetary and non-monetary costs. In addition, an overall construct of balanced value may be distinguished from the value components. Structural equation modeling revealed that content-related value and cost are primary predictors of teachers’ balanced value. Differences by profession were revealed with respect to the rating of each value component as well as for their predictive validity regarding the balanced value. The discussion broaches theoretical and practical implications of the findings. (DIPF/Orig.)";"2017";"Aufsatz (Zeitschrift)";"370";"ger";"";"1869-4845";"Empirische Sonderpädagogik 9 (2017) 3, S. 199-214";"Pädagogische Teildisziplin: Erwachsenenbildung / Weiterbildung; Pädagogische Psychologie";"19.12.2017";"urn:nbn:de:0111-pedocs-151492";10.25656/01:15149;"Deutsches Urheberrecht";Peer-Review;"";"https://www.pedocs.de/volltexte/2017/15149/";"https://www.pedocs.de/volltexte/2017/15149/pdf/ESP_2017_3_Gorges_et_al_Dimensionen_inklusionsbezogener_Fortbildungsmotivation.pdf"
"15395";"Die Bedeutung der Schreibflüssigkeit, des mündlichen Sprachschatzes und der orthografischen Fertigkeiten für die Aufsatzqualität bei Grundschulkindern";"Grünke, Matthias; Knaak, Turid; Sawatzky,  Alla";"The impact of writing fluency, oral lexical diversity, and spelling skills on the quality of stories written by elementary school children";"";"";"";"Originalveröffentlichung";"Grundschule; Schüler; Schreibkompetenz; Aufsatzunterricht; Wortschatz; Aufsatzbeurteilung; Qualität; Rechtschreibleistung; Empirische Untersuchung; Deutschland";"Elementary School; Primary school; Primary school lower level; Pupil; Pupils; Writing ability; Essays; Vocabulary; Quality; Empirical study; Germany";"Deutsch";"Die Schwierigkeiten, welche Kinder und Jugendliche mit dem Förderschwerpunkt Lernen aufweisen, äußern sich besonders häufig beim Abfassen von Texten. Doch trotz der weiten Verbreitung dieser Problematik erhalten die betroffenen Schülerinnen und Schüler im Unterricht oft nur wenig spezielle Unterstützung. Viele Lehrkräfte fühlen sich der Aufgabe nur unzureichend gewachsen, Kompetenzen im Verschriftlichen von Gedanken und Ideen zu vermitteln. Der damit verbundene kognitive Prozess wird als äußerst komplex angesehen. Unter Pädagoginnen und Pädagogen herrscht eine große Unsicherheit im Hinblick darauf vor, an welchen Stellen am besten anzusetzen ist, um Rückstände in der Fähigkeit zum Verfassen von Texten aufzuholen. In der vorliegenden Studie steht die Frage im Fokus, welchen Stellenwert die Schreibflüssigkeit, die Breite des mündlichen Wortschatzes und die Rechtschreibkompetenz für die Qualität von Geschichten besitzen, die von Kindern in dritten und vierten Klassen verfasst werden. Die Befunde deuten darauf hin, dass der Textmenge bzw. der Schreibflüssigkeit in diesem Kontext die größte Bedeutung zukommt. Auch die Vielfalt des zur Verfügung stehenden mündlichen Wortschatzes und die orthographischen Fähigkeiten spielen eine Rolle, allerdings in geringerem Ausmaß. Diese Erkenntnisse liefern wertvolle Hinweise bezüglich darauf, an welchen relativ leicht zu fördernden Kompetenzen im Schulunterricht anzusetzen ist, um einem sonderpädagogischen Förderbedarf im Bereich des expressiven Schreibens frühzeitig vorzubeugen bzw. ihn adäquate zu behandeln. (DIPF/Orig.)";"Englisch";"Difficulties that children and youth with special needs in the area of learning demonstrate, often express themselves in insufficient text composition skills. But even though this is a widely spread problem, students affected by it do oftentimes not receive specific support. Many teachers do not feel up to the task of instilling in students how to put their thoughts and ideas on paper. They view the corresponding cognitive processes as extremely intricate. Among educators, there is a deeply held uncertainty about where to start when trying to remedy deficits in text production skills. This study focuses on the effect that writing fluency, oral lexical richness and spelling abilities of third and fourth graders have on the quality of texts that they produce. The findings suggest that the length of a text (or the writing fluency respectively) play the greatest role in this regard. However, to a lesser extent, oral lexical richness and orthographic abilities can also be considered as relevant. These insights provide valuable advice on which relatively easy to teach skills during regular classroom instruction one should focus on in order to timely prevent special needs in the area of expressive writing. (DIPF/Orig.)";"2017";"Aufsatz (Zeitschrift)";"370";"ger";"";"1869-4934";"Empirische Sonderpädagogik 9 (2017) 4, S. 365-385";"Pädagogische Teildisziplin: Empirische Bildungsforschung; Fachdidaktik/Sprache und Literatur";"16.03.2018";"urn:nbn:de:0111-pedocs-153957";10.25656/01:15395;"Deutsches Urheberrecht";Peer-Review;"";"https://www.pedocs.de/volltexte/2018/15395/";"https://www.pedocs.de/volltexte/2018/15395/pdf/ESP_2017_4_Gruenke_Knaak_Sawatzky_Die_Bedeutung_der_Schreibfluessigkeit.pdf"
"15396";"Wie schreiben sprachschwache Kinder? Beitrag zum Zusammenhang zwischen explizitem und implizitem Sprachwissen";"Schaller, Pascale";"How do children with language problems write? Insights into the relationship between explicit and implicit language knowledge";"";"";"";"Originalveröffentlichung";"Schüler; Schuljahr 06; Sprachkompetenz; Sprachschwierigkeit; Sprachhandlung; Schreiben; Schreibkompetenz; Sprachtest; Implizites Wissen; Empirische Untersuchung; Schweiz";"Pupil; Pupils; School year 06; Language skill; Linguistic Competence; Writing ability; Language test; Empirical study; Switzerland; School year";"Deutsch";"Der Beitrag fokussiert den Zusammenhang zwischen sprachlich explizitem und implizitem Wissen in den Bereichen Wortschatz, Grammatik und Orthographie bei sprachschwachen Kindern. Er plädiert dafür, Schreiben als Sprachhandlung aufzufassen und neben dem Textprodukt den Schreibprozess und die Sprachwissensvoraussetzungen der Kinder als diagnostisch relevante Aspekte zu reflektieren. Anhand empirischer Analysen aus einer explorativen Studie wird aufgezeigt, dass sich das Verhältnis von explizitem zu implizitem Sprachwissen bei sprachschwachen Kindern anders zeigt als bei sprachstarken. (DIPF/Orig.)";"Englisch";"The following essay focuses on the interrelatedness of explicit and implicit structural (lexis, grammar, orthography) knowledge in children with lower level language proficiency in their first language. As textual production, the writing process in itself and the children’s first language knowledge are considered to be diagnostically relevant aspects in writing and literacy research, the authors opt to treat the competence 'writing' as language in action, and hence, it has to be considered as a diagnostically relevant aspect in research as well. Empirical analysis has shown that children with language learning impediments use explicit and implicit language knowledge differently than children with higher level language proficiency. (DIPF/Orig.)";"2017";"Aufsatz (Zeitschrift)";"370";"ger";"";"1869-4934";"Empirische Sonderpädagogik 9 (2017) 4, S. 386-405";"Pädagogische Teildisziplin: Empirische Bildungsforschung; Fachdidaktik/Sprache und Literatur";"16.03.2018";"urn:nbn:de:0111-pedocs-153966";10.25656/01:15396;"Deutsches Urheberrecht";Peer-Review;"";"https://www.pedocs.de/volltexte/2018/15396/";"https://www.pedocs.de/volltexte/2018/15396/pdf/ESP_2017_4_Schaller_Wie_schreiben_sprachschwache_Kinder.pdf"
"15397";"Kinematische Untersuchung der Handschrift mit STREGA CSWin: Ein Verfahren zur Förderplanung und zur Wirksamkeitsforschung";"Hurschler Lichtsteiner, Sibylle; Wicki, Werner";"Kinematic analysis of handwriting with STREGA CSWin: An assessment tool for intervention planning and effectiveness research";"";"";"";"Originalveröffentlichung";"Handschrift; Schreiben; Psychomotorik; Messinstrument; Kind; Motorische Entwicklung; Entwicklungsstörung; Computerprogramm; Computerunterstütztes Verfahren; Therapie; Förderung; Wirkung; Testverfahren; Reliabilität; Evaluation; Wirkungsforschung";"Writing; Psychomotility; Psychomotor activity; Measurement instrument; Child; Motor development; Developmental disabilities; Computer program; Therapy; Test coaching; Reliability; Impact research";"Deutsch";"Ziel der vorliegenden Untersuchung war die Erprobung eines Testinstruments zur grafomotorischen Verlaufsdiagnostik unter Einbezug der Einschätzung der beteiligten Psychomotoriktherapeutinnen und -therapeuten. Dazu wurde der Verlauf von grafomotorischen Fertigkeiten in einer Stichprobe von 60 Kindern längsschnittlich untersucht. Diese Mädchen und Jungen besuchten aufgrund von Schwierigkeiten mit der Handschrift eine Psychomotorik-Therapie. Die handschriftlichen Fertigkeiten wurden während eines halben Jahres in 4- bis 6-wöchigen Intervallen sechsmal computergestützt auf einem Tablett erfasst (kinematische Messung von Schreibdruck, Geschwindigkeit und Automation). Zusätzlich wurden die Kinder zu Beginn der Studie mit dem FEW-2 und dem M-ABC-2 getestet. Die teilnehmenden zwölf Therapeutinnen und Therapeuten führten die Datenerhebungen durch und wurden im Rahmen von Gruppeninterviews über ihre Erfahrungen in der Anwendung der Tabletts wie auch über die Reaktionen der Kinder befragt. Die Analyse der verbalen Daten legt nahe, dass die kinematische Untersuchung und Verlaufsdokumentation ein ebenso nützliches wie praktikables Instrument für die Psychomotorik-Therapie sein kann. Des Weiteren zeigt sich, dass die Auswertung der erhobenen kinematischen Daten eine präzise Beobachtung und Dokumentation der Therapiefortschritte ermöglicht, die im Rahmen der Wirksamkeitsforschung künftig vermehrt genutzt werden könnte. (DIPF/Orig.)";"Englisch";"In the present study we aimed to examine the usability of a diagnostic tool to test the graphomotor development with special regards on the feedback of the involved therapists. We examined the development of graphomotor skills longitudinally in a sample of 60 children. These children attended a psychomotor therapy because of identified handwriting difficulties. The handwriting skills were recorded six times on a digitizing tablet over six months with four to six week intervals (kinematic measurement of graphomotor parameters with regard to pressure, speed and automation). In addition, the German version of the Developmental Test of Visual Perception-2 and the Movement-Assessment- Battery-for Children-2 were administered at the beginning of the study. The twelve therapists participating in the study carried out the data collection. Within the last two months of the study, 11 of them participated in group interviews and reported their experiences using the tablets as well as their observations with respect to the reactions of the children. These interviews revealed that kinematic examination and documentation can be a useful and practical diagnostic tool for psychomotor therapists. The collected kinematic data provide valuable information on the course and probable improvements during therapy, which could be increasingly used in the field of efficacy studies. (DIPF/Orig.)";"2017";"Aufsatz (Zeitschrift)";"370";"ger";"";"1869-4934";"Empirische Sonderpädagogik 9 (2017) 4, S. 406-425";"Pädagogische Teildisziplin: Empirische Bildungsforschung; Sonderpädagogik";"16.03.2018";"urn:nbn:de:0111-pedocs-153970";10.25656/01:15397;"Deutsches Urheberrecht";Peer-Review;"";"https://www.pedocs.de/volltexte/2018/15397/";"https://www.pedocs.de/volltexte/2018/15397/pdf/ESP_2017_4_HurschlerLichtsteiner_Wicki_Kinematische_Untersuchung.pdf"
"16778";"Die Sicht von Kindern auf Inklusion in der Schule. Die Entwicklung eines Messinstruments zur Erhebung der Einstellung zum gemeinsamen Lernen im Grundschulalter";"Bosse, Stefanie; Jaeuthe, Jessica; Lambrecht, Jennifer; Bogda, Katja; Koch, Helvi; Spörer, Nadine";"Student's perspective on inclusion. The development of a measurement instrument for the assessment of attitudes towards inclusive learning";"";"";"";"Originalveröffentlichung";"Inklusion; Primarbereich; Grundschulalter; Schüler; Integrationsklasse; Einstellung <Psy>; Integrative Grundschule; Skalenkonstruktion; Schülereinstellung; Einstellungsmessung; Messinstrument; Empirische Untersuchung; Qualitative Forschung; Interview; Fragebogenerhebung; Studie; Deutschland";"Inclusion; Primary education; Primary level; Pupil; Pupils; Inclusion class; Integration classes; Scale construction; Pupil attitude; Attitude measurement; Measurement instrument; Empirical study; Qualitative research; Questionnaire survey; Germany";"Deutsch";"Das gemeinsame Lernen in der Grundschule zielt darauf ab, Kinder mit unterschiedlichen Fähigkeiten und Voraussetzungen in ihrer kognitiven, sozialen und persönlichen Entwicklung differenziert zu fördern. Das Gelingen gemeinsamen Unterrichts hängt neben strukturellen Faktoren auch von der Einstellung der handelnden Akteure ab. Die Perspektive der Kinder auf den Unterricht wurde bislang wenig empirisch untersucht. Deshalb widmet sich die vorliegende Untersuchung der Einstellung von Grundschulkindern. Es wird über drei Studien die Entwicklung des Instruments SEGEL dargestellt, das die Schülereinstellung zum gemeinsamen Lernen erhebt. Den Ausgangspunkt bildete eine qualitative Erhebung mit N = 19 Grundschulkindern als Vorbereitung auf die Formulierung von Einstellungsitems. In zwei Folgestudien (N = 204 und N = 209) wurden die Items erprobt, angepasst und faktorenanalytisch geprüft. Im Ergebnis bilden die SEGEL-Skalen Strukturelle Unterrichtsorganisation, Soziale Aspekte und Wohlbefinden sowie Zusammen Lernen ein zuverlässiges Instrument zur Erhebung des gemeinsamen Lernens von Kindern mit und ohne Förderbedarf Lernen, emotionale und soziale Entwicklung sowie Sprache ab. Es zeigten sich insofern signifikante Unterschiede in der Einschätzung dieser drei Bereiche, als die befragten Kinder der Stichprobe das gemeinsame Lernen von Kindern mit und ohne den Förderbedarf emotionale und soziale Entwicklung negativer einschätzen als die beiden anderen Bereiche. (DIPF/Orig.)";"Englisch";"The aim of inclusive learning in primary schools is to foster children with different abilities and preconditions in their cognitive, individual, and social development in a differentiated way. Its success depends on structural factors as well as the attitude of all involved actors. Until now, the children’s attitudes on teaching have infrequently been researched, and that is why their attitudes will be addressed explicitly in this paper. With the help of three research studies, the development of SEGEL, an instrument designed to assess attitudes of students in regard to inclusive learning, is to be displayed. Started by a qualitative research study  with  N =  19  primary school students, as a preparation to specifically phrase items that assess attitudes and proceeded by two quantitative follow-up studies with N = 204, and N = 209 students respectively, where the items were tested, modified, and factor analytically reviewed. SEGEL finally provides scales for structural class organization, social aspects and well-being, as well as learning together. The SEGEL scales are aimed at and adjusted for the inclusive learning of children with and without learning disabilities, emotional and behavioral disorders, and speech impairments. Significant attitude differences were revealed insofar that our sample assessed the inclusive learning of children with and without emotional and behavioral disorders more negatively than the other two groups of inclusive learners. (DIPF/Orig.)";"2018";"Aufsatz (Zeitschrift)";"370";"ger";"";"1869-4845; 1869-4934";"Empirische Sonderpädagogik 10 (2018) 4, S. 329-345";"Pädagogische Teildisziplin: Empirische Bildungsforschung; Sonderpädagogik";"21.03.2019";"urn:nbn:de:0111-pedocs-167780";10.25656/01:16778;"Deutsches Urheberrecht";Peer-Review;"";"https://www.pedocs.de/volltexte/2019/16778/";"https://www.pedocs.de/volltexte/2019/16778/pdf/ESP_2018_4_Bosse_et_al_Die_Sicht_von_Kindern.pdf"
"16779";"Psychometrische Eigenschaften der deutschsprachigen 'Students‘ Life Satisfaction Scale' bei Kindern und Jugendlichen mit Mukoviszidose";"Boß, Katrin; Renner, Gerolf";"Short report: Psychometric properties of the German adaptation of the 'Students Life Satisfaction Scale' (SLSS) in children and youth with cystic fibrosis";"";"";"";"Originalveröffentlichung";"Fragebogen; Psychometrie; Metrik; Stoffwechselkrankheit; Jugendlicher; Chronisch krankes Kind; Chronische Krankheit; Zufriedenheit; Eignung; Test; Diagnostik; Reliabilität; Fragebogenerhebung; Messverfahren";"Questionnaire; Psychometry; Adolescent; Chronic disease; Satisfaction; Aptitude; Diagnostic; Reliability; Questionnaire survey; Measurement procedure";"Deutsch";"Die psychometrischen Eigenschaften der deutschsprachigen Version der „Students‘ Life Satisfaction Scale“ (SLSS), eines Fragebogens zur Erfassung der globalen Lebenszufriedenheit, wurden an einer Stichprobe von 75 Kindern und Jugendlichen mit Mukoviszidose überprüft. Im Vergleich mit normativen Daten zeigte sich ein signifikant niedrigerer Gesamtwert. Die konvergente Validität mit einem krankheitsspezifischen Verfahren („Fragebogen zur Lebenszufriedenheit – Cystische Fibrose“; FLZM-CF) war gegeben. Die Reliabilitätsschätzung (interne Konsistenz) ergab einen Wert von .85. In Abhängigkeit des gewählten Kriteriums für die Bestimmung der Faktorenzahl fielen die Ergebnisse zur faktoriellen Validität uneinheitlich aus. Insgesamt sprechen die Ergebnisse für die Eignung der SLSS als ökonomisches Verfahren zur Erfassung der Lebenszufriedenheit bei chronischer Krankheit. (DIPF/Orig.)";"Englisch";"Psychometric properties of the German adaptation of the „Students’ Life Satisfaction Scale“ (SLSS), a measure of global life satisfaction, were investigated in a sample of 75 children and youth with cystic fibrosis. Compared to normative data life satisfaction was reduced. Convergent validity with a disease-specific measure of life satisfaction (“Questions on life satisfaction for adolescents and adults with cystic fibrosis”; FLZM-CF) was supported. Internal consistency was .85. Concerning factorial validity results were inconclusive. In sum the results indicate the usefulness of the SLSS as an economic instrument for the assessment of life satisfaction of children and youth with chronic illness. (DIPF/Orig.)";"2018";"Aufsatz (Zeitschrift)";"370";"ger";"";"1869-4845; 1869-4934";"Empirische Sonderpädagogik 10 (2018) 4, S. 346-352";"Pädagogische Teildisziplin: Empirische Bildungsforschung; Pädagogische Psychologie";"21.03.2019";"urn:nbn:de:0111-pedocs-167794";10.25656/01:16779;"Deutsches Urheberrecht";Peer-Review;"";"https://www.pedocs.de/volltexte/2019/16779/";"https://www.pedocs.de/volltexte/2019/16779/pdf/ESP_2018_4_Boss_Renner_Psychometrische_Eigenschaften.pdf"
"16780";"Beurteilerdiskrepanzen als Indikatoren für Schulstress. Eine Studie zu Einschätzungen internalisierender und externalisierender Verhaltens­probleme aus Sicht von Jugendlichen und Lehrpersonen";"Lüdeke, Sören; Linderkamp, Friedrich";"Informant discrepancies as indicators of school stress. A study about the assessment of internalizing and externalizing problem behavior rated by adolescents and their teachers";"";"";"";"Originalveröffentlichung";"Bewertung; Verhaltensauffälligkeit; Verhaltensanalyse; Jugendlicher; Diskrepanz; Schulstress; Stress; Subjektivität; Lehrerbeurteilung; Selbsteinschätzung; Psychosoziologie; Unterrichtsstörung; Diagnostik; Sonderschule; Hauptschule; Fragebogenerhebung; Empirische Untersuchung; Deutschland";"Assessment; Judgement; Judgment; Adolescent; Psychophysical stress; Stress (Psychological); Subjectivity; Teacher appraisal; Self-rating; Diagnostic; School for the handicapped; Special needs school; Special school; German non-academic secondary school; Questionnaire survey; Empirical study; Germany";"Deutsch";"Ein herausforderndes Phänomen bei der Interpretation diagnostischer Daten sind Beurteilerdiskrepanzen, d. h. die Einschätzungen verschiedener Rater über Verhaltensprobleme bei Jugendlichen korrelieren nur moderat. Einzelne empirische Befunde legen nahe, dass Beurteilerdiskrepanzen Erklärungswert für erhöhtes schulbezogenes Stresserleben haben könnten, da sie mit Stressoren wie fehlender sozialer Unterstützung sowie Kommunikationsproblemen mit Lehrkräften assoziiert sind. Schulstress ist eine relevante Variable, die langfristig persistierende Verhaltensprobleme vorhersagt. Diese Studie untersucht die Fragestellung, ob Diskrepanzen der Selbst- und Lehrkrafteinschätzung hinsichtlich internalisierenden und externalisierenden Problemverhaltens Erklärungswert für Schulstress haben. N = 359 Jugendliche (316 mit Verhaltensproblemen) sowie deren Lehrpersonen wurden mit standardisierten Instrumenten befragt. Hierarchische Regressionsanalysen belegen den Einfluss der Beurteilerdiskrepanzen auf Schulstress, der durch Geschlechtseffekte moderiert wird. Bei Jungen mit internalisierenden Problemen treten häufig ausgeprägte Beurteilerdiskrepanzen auf, die mit erhöhtem Schulstress assoziiert sind. Die Ergebnisse unterstreichen die Bedeutung der Beurteilerdiskrepanzen als schulbezogene Stressindikatoren. Möglichkeiten sozialer Unterstützung von Jungen mit internalisierenden Problemen durch Lehrpersonen werden diskutiert. (DIPF/Orig.)";"Englisch";"A challenging phenomenon interpreting diagnostic data is informant discrepancy, since there are only moderate correlations between teachers and adolescents assessments of problem behavior. There are some empirical findings indicating that informant discrepancies might explain school stress as informant discrepancies coincide with stressors like a lack of social support and communication problems with teachers. School stress is an important variable to predict long-term problem behavior. This study addresses the question whether informant discrepancies relating to internalizing and externalizing problems are indicators of school stress. Standardized instruments are applied within a sample of N = 359 adolescents (316 with problem behavior) and their teachers. Hierarchic regression analyses reveal the impact of informant discrepancies on school stress moderated by gender. Considerable informant discrepancies often occurred in boys with internalizing problems, who also perceived the highest school stress. The results imply that informant discrepancies are relevant school stress indicators. Ways of making teachers available as source of social support for boys with internalizing problems are discussed. (DIPF/Orig.)";"2018";"Aufsatz (Zeitschrift)";"370";"ger";"";"1869-4845; 1869-4934";"Empirische Sonderpädagogik 10 (2018) 4, S. 353-369";"Pädagogische Teildisziplin: Schulpädagogik; Sozialpädagogik";"21.03.2019";"urn:nbn:de:0111-pedocs-167801";10.25656/01:16780;"Deutsches Urheberrecht";Peer-Review;"";"https://www.pedocs.de/volltexte/2019/16780/";"https://www.pedocs.de/volltexte/2019/16780/pdf/ESP_2018_4_Luedeke_Linderkamp_Beurteilerdiskrepanzen_als_Indikatoren.pdf"
"16781";"Einflussfaktoren mathematischer Kompetenzen vor Schuleintritt";"Sale, Alissa; Schell, Annika; Koglin, Ute; Hillenbrand, Clemens";"Influencing factors of mathematical competences before school entry";"";"";"";"Originalveröffentlichung";"Vorschulalter; Übergang Vorschulstufe - Primarstufe; Mathematische Kompetenz; Vorschulerziehung; Einflussfaktor; Frühpädagogik; Sozialer Hintergrund; Sprachkompetenz; Soziale Kompetenz; Sozioökonomischer Faktor; Intelligenz <Psy>; Elternhaus; Studie; Querschnittuntersuchung; Niedersachsen; Bremen; Deutschland";"Pre-school age; Preschool age; Mathematics Achievement; Mathematics skills; Pre-school education; Preschool education; Early childhood education; Language skill; Linguistic Competence; Social competence; Socioeconomic influences; Parent Background; Lower Saxony; Germany; Parents";"Deutsch";"Die vorschulischen mathematischen Kompetenzen besitzen einen großen Einfluss auf den schulischen Erwerb mathematischer Kompetenzen und bieten Ansatzpunkte für die frühe mathematische Bildung. Die vorliegende Querschnittstudie untersucht Einflussfaktoren vorschulischer mathematischer Kompetenzen auf den ersten beiden Ebenen des Zahl-Größen-Verknüpfungsmodells. Die Stichprobe besteht aus 158 Vorschulkindern aus Kindertageseinrichtungen in Bremen und Niedersachsen. Signifikant positive Korrelationen zwischen den mathematischen Kompetenzen und der Sprachkompetenz, dem IQ, der Sozialkompetenz, dem Bildungsniveau der Eltern, der Bücheranzahl sowie der Familiensprache (zu Lasten von Kindern aus Familien mit nicht-deutscher Familiensprache) werden festgestellt. In hierarchischen Regressionen werden die Sprachkompetenz und der IQ als relevante Einflussfaktoren für die mathematischen Kompetenzen auf beiden Ebenen des ZGV-Modells identifiziert, wobei der Einfluss der Sprachkompetenz auf der ersten Ebene größer ist als auf der zweiten. Dort weist der IQ das größte ?-Gewicht auf und auch die Familiensprache leistet einen Beitrag zur Vorhersage. Am Ende des Beitrags werden Limitationen diskutiert und Implikationen für die frühe mathematische Bildung abgeleitet. (DIPF/Orig.)";"Englisch";"Preschool mathematical competences have a major influence on the acquisition of mathematical competences at school and offer starting points for early mathematical education. The present cross-sectional study examines influencing factors of preschool mathematical competences on the first two levels of the number-quantity-linkage-model. The sample consists of 158 preschool children from day care centres in Bremen and Lower Saxony. Significant positive correlations are found between mathematical competences and linguistic competences, IQ, social competences, educational level of parents, number of books and family language (to the detriment of children from families with non-German family language). In hierarchical regressions, linguistic competences and IQ are identified as relevant influencing factors for mathematical competences at both levels of  the  number-quantity-linkage-model, with the influence of linguistic competences being greater at the first level than at the second. There, the IQ has the highest ?-weight and the family language also contributes to the prediction. At the end of the article, limitations are discussed and implications for early mathematical education are derived. (DIPF/Orig.)";"2018";"Aufsatz (Zeitschrift)";"370";"ger";"";"1869-4845; 1869-4934";"Empirische Sonderpädagogik 10 (2018) 4, S. 370-387";"Pädagogische Teildisziplin: Fachdidaktik/mathematisch-naturwissenschaftliche Fächer; Pädagogik der frühen Kindheit";"21.03.2019";"urn:nbn:de:0111-pedocs-167819";10.25656/01:16781;"Deutsches Urheberrecht";Peer-Review;"";"https://www.pedocs.de/volltexte/2019/16781/";"https://www.pedocs.de/volltexte/2019/16781/pdf/ESP_2018_4_Sale_et_al_Einflussfaktoren_mathematischer_Kompetenzen.pdf"
"16782";"Aggressive und nicht aggressive Unterrichtsstörungen durch Schülerinnen und Schüler sowie durch Klassen- und Fachlehrpersonen. Eine Videostudie";"Scherzinger, Marion; Wettstein, Alexander; Wyler, Sara";"Aggressive and nonaggressive disruptions by students, class teachers and subject teachers. A video study";"";"";"";"Originalveröffentlichung";"Unterricht; Unterrichtsstörung; Aggressivität; Schüler; Lehrer; Sekundarstufe I; Schülerverhalten; Lehrerverhalten; Wahrnehmung; Videoaufzeichnung; Videoanalyse; Fragebogenerhebung; Studie; Bewertung; Deutschland";"Teaching; Aggressiveness; Pupil; Pupils; Teacher; Lower level secondary education; Lower secondary; Lower secondary education; Secondary education lower level; Pupil Attitudes; Pupil behavior; Pupil behaviour; Learning behavior; Teacher behaviour; Teachers' behavior; Perception; Questionnaire survey; Assessment; Judgement; Judgment; Germany";"Deutsch";"Unterrichtsstörungen gehören zum Schulalltag. Sowohl Lehrpersonen als  auch  Schülerinnen und Schüler tragen durch ihr individuelles Verhalten und Handeln im Unterricht zu Störungen bei. In der vorliegenden Videostudie wurde der Frage nachgegangen, welche Störungen im Unterricht von Klassen- und Fachlehrpersonen auftreten. Dazu wurden in 18 Primarschulklassen der Mittelstufe jeweils drei Lektionen des Unterrichts der Klassen- und einer Fachlehrperson videografiert. Die Ergebnisse zeigen, dass rund 95 % der beobachteten Unterrichtsstörungen von den Lernenden ausgehen und es sich bei dem Großteil der Störungen um nicht aggressive Störungen handelt. In unstrukturierten methodisch-didaktischen Settings traten mehr Störungen auf als in strukturierten. Zudem zeigte sich, dass der Unterricht von Fach- im Vergleich zu Klassenlehrpersonen störbelasteter ist. Die Einschätzungen von Unterrichtsstörungen der externen Beobachtenden stimmten gut mit den Schülereinschätzungen, jedoch kaum mit den Lehrereinschätzungen überein. (DIPF/Orig.)";"Englisch";"Disruptions are part of school days. The individual behavior and actions of both teachers and students contribute to classroom disruptions. This study used systematic behavioural observations to examine which specific disruptions occur in the classroom of class teachers and subject teachers. For the present video study, three lessons each of the class teacher and a subject teacher of 18 primary middle school classes have been videotaped and analyzed. The results show that approximately 95 percent of classroom disruptions were initiated by students. There were considerably more non-aggressive than aggressive classroom disruptions. Most classroom disruptions were found in unstructured methodical didactic settings. Furthermore, subject teachers had more disruptions than class teachers. In the assessment of classroom disruptions, the observers agreed more with the students‘ than with the teachers‘ ratings. (DIPF/Orig.)";"2018";"Aufsatz (Zeitschrift)";"370";"ger";"";"1869-4845; 1869-4934";"Empirische Sonderpädagogik 10 (2018) 4, S. 388-407";"Pädagogische Teildisziplin: Schulpädagogik; Sozialpädagogik";"21.03.2019";"urn:nbn:de:0111-pedocs-167821";10.25656/01:16782;"Deutsches Urheberrecht";Peer-Review;"";"https://www.pedocs.de/volltexte/2019/16782/";"https://www.pedocs.de/volltexte/2019/16782/pdf/ESP_2018_4_Scherzinger_Wettstein_Wyler_Aggressive_und_nicht_aggressive.pdf"
"16595";"Konstruktion einer Skala zur Abbildung inklusiver Qualität von Schulen";"Heimlich, Ulrich; Ostertag, Christina; Wilfert, Kathrin; Gebhardt, Markus";"Construction of a scale for inclusive school development";"";"";"";"Originalveröffentlichung";"Inklusion; Integrative Schule; Schulentwicklung; Qualität; Schulqualität; Empirische Untersuchung; Bayern; Deutschland";"Inclusion; Inclusive education; Inclusive school; School development; Quality; Empirical study; Germany";"Deutsch";"Der Erfolg einer inklusiven Schulentwicklung ist nicht in erster Linie von Strukturfragen des Bildungssystems abhängig, sondern in viel höherem Maße von der Qualität der pädagogischen Arbeit in Schulen. Deshalb stand in einer Teilstudie des „Begleitforschungsprojektes inklusive Schulentwicklung (B!S)“ in Bayern (Heimlich, Kahlert, Lelgemann & Fischer 2016) die Untersuchung des Zusammenhangs von Inklusion und Qualität im Mittelpunkt. Insbesondere wird der Frage nachgegangen, inwieweit Indikatoren für eine inklusive Schule entwickelt werden können. Dazu wurde eine eigene Qualitätsskala inklusive Schulentwicklung (QU!S) für geschulte Rater neu konstruiert und an über 70 inklusiven Schulen des Schulversuches erprobt. Im Folgenden wird der Prozess der Entwicklung dieser Qualitätsskala dargestellt und ein Überblick über die Ergebnisse der Schulen mit dem Profil Inklusion gegeben. (DIPF/Orig.)";"Englisch";"Inclusive school development is not only a problem of the structure of educational systems but in a much higher grade a problem of the quality of the pedagogical work in schools. Therefore the connection between inclusion and quality was in the main focus within a research project on inclusive school development in Bavaria (Heimlich, Kahlert, Lelgemann & Fischer, 2016). The question was to find out whether it is possible to develop indicators for the inclusive quality of schools. The „Quality Scale for Inclusive School Development (QU!S)“ was constructed and proved in over 70 inclusive schools. In the following the process of constructing the QU!S will be described and an overview about the results of the bavarian inclusive schools will be given. (DIPF/Orig.)";"2018";"Aufsatz (Zeitschrift)";"370";"ger";"";"1869-4845; 1869-4934";"Empirische Sonderpädagogik 10 (2018) 3, S. 211-231";"Pädagogische Teildisziplin: Empirische Bildungsforschung; Sonderpädagogik";"25.01.2019";"urn:nbn:de:0111-pedocs-165959";10.25656/01:16595;"Deutsches Urheberrecht";Peer-Review;"";"https://www.pedocs.de/volltexte/2019/16595/";"https://www.pedocs.de/volltexte/2019/16595/pdf/ESP_2018_3_Heimlich_et_al_Konstruktion_einer_Skala.pdf"
"16596";"Subjektive Definitionen von Lehrkräften zu Inklusion. Eine explorative Studie";"Przibilla, Bodo; Linderkamp, Friedrich; Krämer, Philipp";"Teachers’ subjective definitions of inclusion. An exploratory study";"";"";"";"Originalveröffentlichung";"Inklusion; Integrative Beschulung; Lehrer; Einstellung <Psy>; Definition; Begriffsbestimmung; Subjektivität; Subjektive Theorie; Operationalisierung; Explorative Studie; Umfrage; Nordrhein-Westfalen; Deutschland";"Inclusion; Teacher; Definitions; Subjectivity; North Rhine-Westphalia; North-Rhine Westphalia; Germany";"Deutsch";"Bislang existieren im wissenschaftlichen Diskurs sehr unterschiedliche Verständnisse und vielerlei Definitionen von Inklusion. Auch aus der Perspektive von Lehrkräften dürften uneinheitliche subjektive Verständnisse von Inklusion vorliegen. Subjektive Definitionsweisen von Lehrkräften zu Inklusion wurden in der Forschung bislang wenig berücksichtigt, obwohl Alltagstheorien in der Praxis als handlungsleitender gelten als wissenschaftliche Theorien. Die vorliegende, explorative Studie untersucht, aus welchen inhaltlichen Elementen sich die subjektiven Definitionen von Lehrkräften zum Begriff „Inklusion“ zusammensetzen. Die als Antworten auf ein entsprechendes offenes Item („Definieren Sie Inklusion in Ihren eigenen Worten.“) vorgenommenen Definitionen einer Teilstichprobe von 182 Lehrkräften konnten durch eine induktive, qualitative Inhaltsanalyse in drei Reduktionsschleifen auf 27 Kategorien (k = 0.85) reduziert werden, die sich wiederum in 9 Dimensionen (k = 0.89) zusammenfassen ließen. Die Ergebnisse zeigen, dass Lehrkräfte Inklusion nicht einheitlich definieren und sogar innerhalb der Definitionen widersprüchliche Elemente zu finden sind. Sie beziehen sich auf unterschiedliche Bedeutungsebenen wie gesellschaftliche, wertebezogene und schulbezogene Themen, beinhalten evaluative und affektive Aspekte sowie auch negative Bewertungen. Hauptsächlich werden die Aspekte der Partizipation und Zugehörigkeit sowie der Differenzierung und Individualisierung genannt. Die Lehrkräfte thematisieren jedoch auch widrige Voraussetzungen und Ressourcen sowie potentiell schädliche Folgen von Inklusion. Die Ergebnisse leisten einen Beitrag dazu, die subjektiven Definitionsweisen von Lehrkräften zu Inklusion qualitativ zu erfassen und zu kategorisieren. Methodische Implikationen der Berücksichtigung subjektiver Definitionen von Lehrkräften in der Inklusionsforschung werden diskutiert. (DIPF/Orig.)";"Englisch";"A review of the academic scholarship provides many different understandings and various ways to define and operationalize inclusion. It stands to reason that practitioners like teachers also have inconsistent concepts of inclusion. Although there is some evidence, that the association between behavior and subjective understandings or beliefs of teachers is stronger than the relationship between academic theories and teachers’ behavior, there is a lack of research on teachers’ subjective definitions of inclusion. The study explores which content-related elements compose teachers’ subjective definitions of inclusion as a concept. A subsample of 182 teachers completed an online survey and answered the open-ended item “Define Inclusion in your own words.”. The data was analyzed using an inductive qualitative content analysis. Through three iterations of the analysis the answers were summarized in 27 categories (k = 0.85) which could be categorized by 15 dimensions (k = 0.89). Results show that teachers define inclusion in various ways. Individual subjective definitions even comprise contradictory elements. The categories are related to social, ethical, and school-related issues and also contain affective aspects and (negative) evaluations. The most frequently found categories are related to the topics of participation and membership, or differentiation and individualization. But teachers also describe aversive conditions, insufficient resources and potentially negative consequences of inclusion. The study provides a reliable coding scheme to categorize subjective definitions of teachers and thereby contributes to enhance the measurement of teachers’ subjective definitions of inclusion. Methodological implications regarding the systematic consideration of subjective definitions in empirical research on inclusion are discussed. (DIPF/Orig.)";"2018";"Aufsatz (Zeitschrift)";"370";"ger";"";"1869-4845; 1869-4934";"Empirische Sonderpädagogik 10 (2018) 3, S. 232-247";"Pädagogische Teildisziplin: Sonderpädagogik";"25.01.2019";"urn:nbn:de:0111-pedocs-165965";10.25656/01:16596;"Deutsches Urheberrecht";Peer-Review;"";"https://www.pedocs.de/volltexte/2019/16596/";"https://www.pedocs.de/volltexte/2019/16596/pdf/ESP_2018_3_Przibilla_Linderkamp_Kraemer_Subjektive_Definitionen_von_Lehrkraeften.pdf"
"16597";"Zur Effektivität der Förderung der Leseflüssigkeit auf der Basis von Hörbüchern in Kombination mit wiederholtem Lesen: Weitere Evidenz";"Walter, Jürgen";"Enhancing reading fluency and comprehension by repeated reading-while-listening: further evidence";"";"";"";"Originalveröffentlichung";"Leseförderung; Lesen; Leseforschung; Medieneinsatz; Hörbuch; Auditives Medium; Lesekompetenz; Wiederholung; Effektivität; Effektivitätskontrolle; Primarbereich; Leseübung; Interventionsstudie; Deutschland";"Promotion of reading; Support for reading improvement; Reading research; Deployment of media; Use of media; Reading competence; Repetition; Effectiveness; Effectiveness control; Primary education; Primary level; Directed reading activities; Germany";"Deutsch";"Einschlägige internationale Befunde legen den Einsatz von Hörbüchern (Reading-While-Listening, RWL) zur Verbesserung der Lesekompetenz nahe. Ziel des vorliegenden Beitrags ist es zu eruieren, ob die im Zusammenhang mit dem RWL-Konzept erwarteten positiven Effekte bezüglich der Verbesserung der Leseflüssigkeit und der basalen Lesekompetenz im deutschsprachigen Raum (Gailberger, 2011, 2013; Walter, 2017) einer weiteren empirischen Überprüfung standhalten. Zu diesem Zweck wurden zwei quasi-experimentelle Feldexperimente (matched-pairs) durchgeführt. Es zeigt sich, dass sich auf Basis einer Vorgehensweise, die wesentliche Merkmale der Direkten Instruktion beinhaltet, nicht nur kurzfristig (d = 1.1) die Verbesserung der Leseflüssigkeit und ein Transfer auf basale Lese-Verstehensprozesse erreichen lässt, sondern auch längerfristig (d = 0.52, Follow-Up). Die Befunde werden vor dem Hintergrund von Limitationen und Aspekten der praktischen Durchführbarkeit des Förderansatzes diskutiert. (DIPF/Orig.)";"Englisch";"Motivated by relevant national and international findings, the use of audio books (Reading-While-Listening, RWL) for the improvement of reading competency gained a certain attention in German reading research. The aim of the present paper is to determine whether competencies acquired by repeated RWL result in a transfer of reading fluency and comprehension on untrained texts. Two quasi-experimental field studies (matched-pairs) were conducted, which show that working with audio books can, under conditions of Direct Instruction, effectively improve reading fluency and comprehension not only in the short term (d = 1.1) but also in the longer run (d = 0.52, follow-up).The discussion will reflect limitations and practical aspects. (DIPF/Orig.)";"2018";"Aufsatz (Zeitschrift)";"370";"ger";"";"1869-4845; 1869-4934";"Empirische Sonderpädagogik 10 (2018) 3, S. 248-272";"Pädagogische Teildisziplin: Empirische Bildungsforschung; Sonderpädagogik";"25.01.2019";"urn:nbn:de:0111-pedocs-165976";10.25656/01:16597;"Deutsches Urheberrecht";Peer-Review;"";"https://www.pedocs.de/volltexte/2019/16597/";"https://www.pedocs.de/volltexte/2019/16597/pdf/ESP_2018_3_Walter_Zur_Effektivitaet_der_Foerderung.pdf"
"16598";"Erfassung von Einstellung, Selbstwirksamkeit und Belastungsempfinden von Sportlehrkräften bezogen auf heterogene Lerngruppenzusammensetzungen: Reliabilität und Validität der drei Messinstrumente";"Thomas, Monika; Leineweber, Helga";"Acquisition of attitudes, self-efficacy and teachers‘ stress towards diversity in PE classes: reliability and validity of three measuring scales";"";"";"";"Originalveröffentlichung";"Sportunterricht; Lehrer; Einstellung <Psy>; Heterogene Klasse; Heterogenität; Vielfalt; Inklusion; Selbstwirksamkeit; Belastung; Wahrnehmung; Fragebogenerhebung; Nordrhein-Westfalen; Deutschland";"Education in sports; Physical education; Physical training; Teacher; Heterogeneous class; Heterogeneity; Inclusion; Self efficacy; Perception; Questionnaire survey; North Rhine-Westphalia; North-Rhine Westphalia; Germany";"Deutsch";"Innerhalb der vorliegenden Studie wurden Fragebögen zur Erhebung von Belastung, Selbstwirksamkeit und Einstellung in Bezug auf heterogene Lerngruppen im Sportunterricht entwickelt. Dabei wurde ein breites Heterogenitätsverständnis zugrunde gelegt, welches über die Differenzierung einzelner Förderbedarfe im Rahmen der Inklusion hinausgeht. Es wurden insgesamt 20 für den Sportunterricht relevante Heterogenitätsdimensionen definiert, welche als Grundlage für die Skalenentwicklung dienten. Jede Skala (Belastung, Selbstwirksamkeit, Einstellung) umfasste ein Item pro Heterogenitätsdimension. Die Validierung der Skalen erfolgte anhand einer Befragung von Lehrkräften aller Regelschulformen in Nordrhein-Westfalen. Explorative Faktorenanalysen ergaben für die Skalen zur heterogenitätsbezogenen Selbstwirksamkeit und Einstellung 3-Faktoren-Lösungen, wobei ein Faktor physisch-mentale Aspekte der Heterogenität repräsentierte, ein weiterer Faktor die verschiedenen Förderbedarfe, ein dritter Faktor soziodemographische Aspekte. Für die Skala zur heterogenitätsbedingten Belastung konnte keine sinnvoll interpretierbare Struktur gefunden werden. Für alle Subskalen wurden zufriedenstellende Reliabilitätskennwerte erreicht. (DIPF/Orig.)";"Englisch";"The present study aims to develop instruments to investigate teachers’ stress, self-efficacy and attitudes towards diversity in PE classes. Therefore, 20 diversity dimensions relevant for teaching PE classes were defined. They served as a basis for the development of 20 items for each scale (stress, self-efficacy and attitude) such that every scale contained one item per dimension. Validation was implemented based on the data of teachers representing all different regular school types within North Rhine-Westphalia. Exploratory factor analyses yielded 3-factor-solutions for the self-efficacy and attitude scales with one factor representing physical and mental aspects, another factor representing special educational needs, and the third factor representing sociodemographic aspects. For the stress-scale a reasonable structure could not yet be shown. All subscales reached satisfying internal consistency reliability. (DIPF/Orig.)";"2018";"Aufsatz (Zeitschrift)";"370";"ger";"";"1869-4845; 1869-4934";"Empirische Sonderpädagogik 10 (2018) 3, S. 273-293";"Pädagogische Teildisziplin: Schulpädagogik; Sonderpädagogik";"25.01.2019";"urn:nbn:de:0111-pedocs-165985";10.25656/01:16598;"Deutsches Urheberrecht";Peer-Review;"";"https://www.pedocs.de/volltexte/2019/16598/";"https://www.pedocs.de/volltexte/2019/16598/pdf/ESP_2018_3_Thomas_Leineweber_Erfassung_von_Einstellung.pdf"
"16599";"Schreibkompetenz diagnostizieren. Ein standardisiertes Testverfahren für die Klassenstufen 4-9 in der Entwicklung";"Hennes, Ann-Kathrin; Schmidt, Barbara Maria; Zepnik, Sabine; Linnemann, Markus; Jost, Jörg; Becker-Mrotzek, Michael; Rietz, Christian; Schabmann, Alfred";"Measuring writing literacy. The development of a standardized test for grade 4 to 9";"";"";"";"Originalveröffentlichung";"Diagnostik; Schreiben; Schreibkompetenz; Diagnostischer Test; Förderdiagnostik; Testentwicklung; Textverständnis; Kompetenzmessung; Sekundarstufe I; Schuljahr 04; Deutschland";"Diagnostic; Writing ability; Diagnostic test; Test format; Text comprehension; Competency measurement; Skills measurement; Skills measurements; Lower level secondary education; Lower secondary; Lower secondary education; Secondary education lower level; School year 04; Germany; German-speaking area";"Deutsch";"Kinder und Jugendliche mit mangelnder Schreibkompetenz sind in ihrer gesellschaftlichen Teilhabe beeinträchtigt. Daher ist eine möglichst frühe Förderung dieser nötig. Eine valide und reliable Diagnostik ist hierfür unabdingbar. Zurzeit existiert jedoch im deutschen Sprachraum kein Diagnoseverfahren zur Schreibkompetenz, das theoretisch fundiert, psychometrisch abgesichert und in der schulischen Praxis anwendbar ist. Der vorliegende Beitrag will in einem ersten Ansatz zeigen, wie diese Lücke geschlossen werden könnte. Es wird die Entwicklung eines Testverfahrens vorgestellt, welches auf Basis eines Modells des  Schreibprozesses entwickelt wurde und verschiedene theoretische Ansätze berücksichtigt. Neuartig ist, dass mit dem Verfahren der Versuch unternommen wird, für den Schreibprozess wichtige Einzelkompetenzen explizit zu testen. Am Beispiel einer Subskala wird die Vorgehensweise erläutert. Erste Ergebnisse zu den psychometrischen Eigenschaften dieser Skala (basierend auf einem Sample von N=541 Kindern und Jugendlichen der 4. bis 9. Klassenstufe) werden berichtet. (DIPF/Orig.)";"Englisch";"Children and adolescents with poor writing skills have difficulties participating in society, which is why they need to receive support as early as possible. This requires a valid and reliable diagnostic procedure. However, no theoretically-grounded, psychometrically-sound diagnostic procedure for writing skills that can be applied in school-based practice currently exists for the German-speaking countries. The present research makes an initial attempt to close this gap. We present a testing procedure developed on the basis of a model of the writing process that takes various theoretical approaches into account. What is novel is our attempt to explicitly test individual competences that are important for the writing process. We demonstrate our approach using one sub-scale as an example, and report initial results on the psychometric properties of this scale (based on a sample of N = 541 children and adolescents in Grades 4 through 9). (DIPF/Orig.)";"2018";"Aufsatz (Zeitschrift)";"370";"ger";"";"1869-4845; 1869-4934";"Empirische Sonderpädagogik 10 (2018) 3, S. 294-310";"Pädagogische Teildisziplin: Empirische Bildungsforschung; Sonderpädagogik";"25.01.2019";"urn:nbn:de:0111-pedocs-165992";10.25656/01:16599;"Deutsches Urheberrecht";Peer-Review;"";"https://www.pedocs.de/volltexte/2019/16599/";"https://www.pedocs.de/volltexte/2019/16599/pdf/ESP_2018_3_Hennes_et_al_Schreibkompetenz_diagnostizieren.pdf"
"16600";"Auswirkungen von Beeinträchtigungen des Sehens und Blindheit auf das Verhalten von sehgeschädigten Schülerinnen und Schülern";"Heyl, Vera; Hintermair, Manfred; Sarimski, Klaus";"Effects of visual impairment and blindness on behavior of students with visual impairments";"";"";"";"Originalveröffentlichung";"Sehbehinderung; Verhalten; Verhaltensauffälligkeit; Sehbehinderter; Blindheit; Schüler; Entwicklungsstörung; Affektive Störung; Mehrfachbehinderung; Empirische Untersuchung; Deutschland";"Visual handicap; Visually handicapped; Blindness; Pupil; Pupils; Developmental disabilities; Affective behavior; Affective disturbance; Multiple disability; Multiple handicap; Empirical study; Germany";"Deutsch";"Der Forschungsstand hinsichtlich eines erhöhten Risikos der Ausbildung von Verhaltensauffälligkeiten und psychischen Problemen bei Kindern und Jugendlichen mit Sehschädigungen ist nicht einheitlich. Es wird über eine Befragung der Lehrkräfte von 226 Schülerinnen und Schülern berichtet, die sehbehindert oder blind sind. Im Vergleich zur englischen Normpopulation ergibt sich im „Strengths and Difficulties Questionnaire“ (SDQ) eine signifikant erhöhte Rate von Auffälligkeiten in allen Bereichen. 33.6% der Schülerinnen und Schüler, bei denen keine zusätzliche Beeinträchtigung vorliegt, erreichen einen grenzwertigen oder auffälligen Gesamtwert. Die Rate der Auffälligkeiten variiert nicht mit dem Schweregrad der Sehschädigung, wohl aber mit dem Vorliegen einer zusätzlichen Beeinträchtigung. Schülerinnen und Schüler mit zusätzlicher Beeinträchtigung zeigen nochmals mehr Auffälligkeiten als solche, bei denen keine zusätzliche Beeinträchtigung vorliegt. Dieser Faktor erklärt auch die Unterschiede in Abhängigkeit vom Bildungsort, da Schülerinnen und Schüler mit zusätzlicher Beeinträchtigung seltener in inklusiven Schulformen unterrichtet werden. Insgesamt betrachtet ist für blinde und sehbehinderte Kinder und Jugendliche eine Gefährdung ihrer psychosozialen Entwicklung festzustellen und es besteht entsprechend ein spezifischer Unterstützungs- und Förderbedarf. (DIPF/Orig.)";"Englisch";"Research concerning the risk of emotional and behavioral problems in children with visual impairments is inconclusive. We report on a teacher-survey on 226 children and adolescents with visual impairments. In comparison to the English norms the rate of problem scores in the “Strengths and Difficulties Questionnaire” (SDQ) is significantly elevated in all scales. 33.6 percent of children without additional impairments score in the abnormal range. The risk is not associated with the degree of visual impairment, but with additional developmental problems. Children with additional impairments show more emotional and behavioral problems than children without additional impairments. This fact explains differences which are found between children in special schools and children in inclusive school settings. Children with additional impairments are seen in inclusive settings less often. In conclusion, children and adolescents with visual impairments are at risk regarding their psycho-social development and thus are in need of specific support. (DIPF/Orig.)";"2018";"Aufsatz (Zeitschrift)";"370";"ger";"";"1869-4845; 1869-4934";"Empirische Sonderpädagogik 10 (2018) 3, S. 311-323";"Pädagogische Teildisziplin: Sonderpädagogik; Pädagogische Psychologie";"25.01.2019";"urn:nbn:de:0111-pedocs-166008";10.25656/01:16600;"Deutsches Urheberrecht";Peer-Review;"";"https://www.pedocs.de/volltexte/2019/16600/";"https://www.pedocs.de/volltexte/2019/16600/pdf/ESP_2018_3_Heyl_Hintermair_Sarimski_Auswirkungen_von_Beeintraechtigungen.pdf"
"17768";"State- und Trait-Mathematikängste. Hemmende Prädiktoren mathematischer Leistungsfähigkeit?";"Orbach, Lars; Herzog, Moritz; Fritz, Annemarie";"State- and trait-math anxiety. Performance-inhibiting predictors of math achievement?";"";"";"";"Originalveröffentlichung";"Sonderpädagogik; Mathematikunterricht; Angst; Grundschule; Grundschulpädagogik; Sekundarstufe I; Lernschwierigkeit; Diagnostik; Übergang Primarstufe - Sekundarstufe I; Einstellung <Psy>; Schuljahr 04; Schuljahr 05; Fragebogenerhebung; Deutschland";"Remedial instruction sciences; Special education for the handicapped; Special needs education; Mathematics lessons; Teaching of mathematics; Anxiety; Elementary School; Primary school; Primary school lower level; Primary school education; Primary school pedagogics; Lower level secondary education; Lower secondary; Lower secondary education; Secondary education lower level; Learning Difficulties; Learning Difficulty; Learning disorder; Diagnostic; School year 04; School year 05; Questionnaire survey; Germany";"Deutsch";"Die Studie erforscht Mathematikängste (MÄ) im Übergang von der Primar- in die Sekundarstufe. Gegenwärtig liegen inkonsistente Forschungsbefunde für diese Schuljahre vor, was hauptsächlich auf differente Begriffsdefinitionen und Operationalisierungen der Mathematikangst (MA) zurückzuführen ist. Mit dem Anliegen, einen Beitrag zur Begriffsklärung zu leisten und den Zusammenhang zwischen Mathematikangst und Mathematikleistung (ML) aufzuklären, wurde das State-Trait-Modell für MA adaptiert. State-MA (s-MA) ist eine zeitlich begrenzte und situationsgebundene Angstreaktion angesichts mathematischer Situationen, die mit einer Erregung des vegetativen Nervensystems einhergeht. Trait-MA (t-MA) ist ein relativ überdauerndes Persönlichkeitsmerkmal, durch das ein Individuum eine Vielzahl an mathematischen Situationen als bedrohlich einschätzt. In dieser Studie wurden t-MA (MAQ 4-5), s-MA (KAT-III), Leistungsängste (PHOKI), Einstellungen zu Mathematik, Selbsteinschätzung mathematischer Fertigkeiten (jeweils MAQ 4-5), mathematische Leistungen (Basistest mathematischer Fertigkeiten) und der IQ (CFT 20-R) bei 1179 Kindern (48.6% Mädchen) der 4. und 5. Klasse erhoben. Von den teilnehmenden Kindern gaben ca. 28% s-MA mit unterschiedlichen Schweregraden an. Einige von diesen Kindern (ca. 7% aller Kinder) zeigten auch mathematikängstliche Persönlichkeitsmerkmale (t-MA) oder auffällige Persönlichkeitsmerkmale unterhalb des Cut-Off (ca. 18% aller Kinder). Es konnte ein negativer Zusammenhang zwischen s-MA und ML – auch unter Kontrolle der Leistungsangst – ermittelt werden, der bei Kindern mit unter-, über- und durchschnittlichem IQ gleichermaßen vorlag. Kinder mit beiden MA-Formen erzielten deutlich schlechtere ML als Kinder mit nur t-MA oder keinen MÄ. In einer multiplen Regressionsanalyse wurden als nicht-kognitive Prädiktoren der ML die s-MA (negativer Einfluss) und die Selbsteinschätzung mathematischer Fertigkeiten (positiver Einfluss) ermittelt. T-MA war ein schwach signifikanter Prädiktor (positiver Einfluss). Die Ergebnisse verdeutlichen die Komplexität des Zusammenhangs zwischen MA und ML. Bereits in der Primarstufe sind MÄ ein hemmender Prädiktor mathematischer Leistungsfähigkeit, der bei Kindern aller kognitiver Leistungsniveaus auftritt. Besonders Kinder mit mathematischen Zustandsängsten und mathematikängstlichen Persönlichkeitsmerkmalen sind weitreichend beeinträchtigt. Zur Identifikation von MÄ ist daher eine Differenzierung von State- und Trait-Komponente zielführend. Generell bietet das State-Trait-Modell einen Erklärungsansatz für den widersprüchlichen Forschungsstand im Kindesalter und könnte weitergehende Forschungen veranlassen. (DIPF/Orig.)";"Englisch";"The study investigates performance-inhibiting effects of math anxiety (MA) in children. The definition of MA varies extensively in scientific publications. Besides narrow definition criteria, extended views of MA can be observed. As a result, different operationalisations are used. The present research aims at contributing to the definition of terms. For this purpose, questionnaires on the basis of the psychological state-trait-anxiety model were applied, so that MA is distinguished between situation-related anxiety reaction (state-MA) and math anxiety personality trait (trait-MA). Trait-MA, state-MA, self-ratings of math skills, attitudes towards mathematics, math achievement, social-, test-anxiety, learning motivation and intelligence of 1,179 students (48% girls) from grades 4 and 5 were assessed. Twenty-eight percentage of all children experienced state-MA. Some of these children (nearly 7% of total) had a combined MA-type (state- and trait-MA). A negative correlation between state-MA and math achievement could be observed, even when controlling for test- and social anxiety traits. Children with the combined MA-type exhibit poorer performances than children without MA. But some children with only trait-MA showed good performances. These findings underline the complexity of the relationship between MA and math performance. Good performances appear when only trait-MA exists, due to higher learning motivation and high abilities. State-MA and the combined type have inhibiting effects. The findings emphasize the benefit of the state-trait-anxiety model for research on MA. The differentiation seems to be one reason for inconsistent research status and might initiate further investigation. (DIPF/Orig.)";"2019";"Aufsatz (Zeitschrift)";"370";"ger";"";"1869-4845";"Empirische Sonderpädagogik 11 (2019) 1, S. 3-30";"Pädagogische Teildisziplin: Sonderpädagogik; Fachdidaktik/mathematisch-naturwissenschaftliche Fächer";"18.09.2019";"urn:nbn:de:0111-pedocs-177689";10.25656/01:17768;"Deutsches Urheberrecht";Peer-Review;"";"https://www.pedocs.de/volltexte/2019/17768/";"https://www.pedocs.de/volltexte/2019/17768/pdf/ESP_2019_1_Orbach_Herzog_Fritz_State-_und_Trait-Mathematikaengste.pdf"
"17769";"Intelligenzdiagnostik bei Kindern mit einer Sehbeeinträchtigung";"Capovilla, Dino; Kober, Andrea";"Intelligence diagnostics in blind and visually impaired children";"";"";"";"Originalveröffentlichung";"Sonderpädagogik; Diagnostik; Intelligenz <Psy>; Intelligenztest; Sehbehinderung; Blindheit; Intelligenzmessung; Förderdiagnostik; Test";"Remedial instruction sciences; Special education for the handicapped; Special needs education; Diagnostic; Intelligence test; Visual handicap; Blindness; Intelligence measurement";"Deutsch";"Menschen können sich nicht nur in ihren kognitiven Fähigkeiten, sondern auch in ihren subjektiven Voraussetzungen hinsichtlich der Zugangsmöglichkeiten und der Handhabung von Testmaterialien unterscheiden. Dies trifft vor allem auf Menschen mit Beeinträchtigungen zu, die in Deutschland überdurchschnittlich häufig im Rahmen der Feststellung eines Förderbedarfs mit professionellen Intelligenzmessverfahren in Berührung kommen. Für Menschen mit einer Sehbeeinträchtigung sind beispielsweise klassische Intelligenztests bereits bezüglich der Wahrnehmung der Testmaterialien nur teilweise oder gar nicht zugänglich. Nach einer kurzen Einführung in die theoretischen Grundlagen der Intelligenzdiagnostik und in die relevanten Entwicklungsbesonderheiten von Kindern mit Sehbeeinträchtigungen werden die rund 30 spezifischen Intelligenztests in chronologischer Reihenfolge überblicksmäßig vorgestellt. Im Anschluss daran werden sechs aktuelle und relevante Ansätze im Detail vorgestellt und verglichen. Zusammenfassend kann gesagt werden, dass die Intelligenzmessung bei Menschen mit einer Sehbeeinträchtigung auf erhebliche Schwierigkeiten stößt, die von den untersuchten Testverfahren nicht zufriedenstellend gelöst werden können. Ferner zeigen die Ergebnisse, dass sich die Intelligenzdiagnostik, insbesondere in der praktischen pädagogischen Arbeit mit Kindern, in einem Prozess von der Statusbeurteilung hin zu einer beschreibenden Diagnostik befindet, was erfreulicherweise den Förderaspekt diagnostischer Herangehensweisen weiter unterstreichen wird. (DIPF/Orig.)";"Englisch";"People may differ not only in their cognitive abilities, but also in their subjective requirements regarding the accessibility and handling of test materials. This is particularly true for people with impairments, who are tested frequently during assessments of special education needs. For example, classic intelligence tests are partially or completely inaccessible for blind and visually impaired people. This paper first introduces the theoretical foundations of intelligence diagnostics and the relevant developmental characteristics of blind and visually impaired children. Then approximately 30 specific intelligence tests are presented chronologically. Next, six current and relevant approaches are introduced, detailed, and compared. In summary, intelligence diagnos tics in blind or visually impaired people contain considerable difficulties that are not satisfactorily addressed by the testing methods examined. Especially within the field of child education, intelligence diagnostics are developing from status evaluation towards descriptive assessment. This development will further emphasize the supporting role of diagnostic approaches. (DIPF/Orig.)";"2019";"Aufsatz (Zeitschrift)";"370";"ger";"";"1869-4845";"Empirische Sonderpädagogik 11 (2019) 1, S. 31-52";"Pädagogische Teildisziplin: Sonderpädagogik; Pädagogische Psychologie";"18.09.2019";"urn:nbn:de:0111-pedocs-177692";10.25656/01:17769;"Deutsches Urheberrecht";Peer-Review;"";"https://www.pedocs.de/volltexte/2019/17769/";"https://www.pedocs.de/volltexte/2019/17769/pdf/ESP_2019_1_Capovilla_Kober_Intelligenzdiagnostik_bei_Kindern.pdf"
"17770";"Auswirkungen des gezielten Einsatzes von Classroom-Management-Strategien im inklusiven Fachunterricht Biologie auf das Unterrichtsverhalten von Schülern unter erhöhten Risiken aus Perspektive der Lehrperson. Eine Einzelfallstudie";"Ferreira González, Laura; Hövel, Dennis Christian; Hennemann, Thomas; Schlüter, Kirsten";"The impact of classroom management strategies on at-risk students’ behavior in biology class. A case study";"";"";"";"Originalveröffentlichung";"Sonderpädagogik; Inklusion; Integrative Pädagogik; Klassenmanagement; Unterrichtsorganisation; Sonderpädagogische Förderung; Unterrichtsstörung; Verhalten; Verhaltensauffälligkeit; Biologieunterricht; Intervention; Realschule; Fallstudie; Deutschland";"Remedial instruction sciences; Special education for the handicapped; Special needs education; Inclusion; Integrative education; Organisation of teaching; Organization of teaching; Biology lessons; Teaching of Biology; Intermediate school; Case Studies (Education); Case study; Germany; Biology";"Deutsch";"Der gezielte Einsatz von Classroom-Management-Strategien kann die Beschulung von Schülerinnen und Schülern mit herausforderndem Verhalten begünstigen. Verschiedene Metaanalysen belegen, dass der Einsatz von Classroom-Management-Strategien im Unterricht positive Effekte auf das Verhalten der Lernenden hat. Die zentrale Fragestellung dieser Untersuchung ist, ob der gezielte Einsatz von Classroom-Management-Strategien zu einer Reduktion des Störverhaltens und einer Verbesserung des Lern- und Arbeitsverhaltens bei Lernenden unter besonderen Risikobedingungen im Biologieunterricht führt. Die zugrundeliegende Fördermaßnahme für einen inklusiven Biologieunterricht berücksichtigt in ihrer Konzeption neben fachlichen und sonderpädagogischen Aspekten insbesondere die Grundlagen eines effektiven Classroom Managements. Die Evaluation erfolgte mit Hilfe einer experimentellen Einzelfallstudie im A-B-Design. Es ergeben sich für das Lern- und Arbeitsverhalten anhand der Non-Overlap-Indices moderate bis große Interventionseffekte. Für den Bereich Störverhalten lassen sich bei allen drei Schülern moderate Effekte feststellen. Die Befunde stützen somit den aktuellen Forschungsstand und erweitern diesen für den inklusiven Biologieunterricht. (DIPF/Orig.)";"Englisch";"Target-oriented applications of classroom management strategies (Emmer & Evertson, 2009) can facilitate the education of pupils with challenging behaviours. Several meta analyses (Hattie, 2012; Korpershoek, Harms, de Boer, van Kuijk & Doolaard, 2016; Marzano, 2000) prove that classroom management strategies have positive effects on the pupils’ behaviour. The central question of this study is whether a specific teaching unit leads to a reduction of disturbing behaviour and to an improvement of the learning and working behaviour among pupils under special risk conditions. The teaching unit of inclusive biology lessons incorporates subject-related and special educational aspects with a certain focus on classroom management. The evaluation was carried out as an experimental single-case study with an A-B design (Jain & Spieß, 2012). Based on the non-overlap indices pupils show moderate to large intervention effects with regard to their learning and working behaviour. In disruptive behaviour, moderate effects can be observed among all three students. Our findings support the current state of research. (DIPF/Orig.)";"2019";"Aufsatz (Zeitschrift)";"370";"ger";"";"1869-4845";"Empirische Sonderpädagogik 11 (2019) 1, S. 53-70";"Pädagogische Teildisziplin: Schulpädagogik; Sonderpädagogik";"18.09.2019";"urn:nbn:de:0111-pedocs-177709";10.25656/01:17770;"Deutsches Urheberrecht";Peer-Review;"";"https://www.pedocs.de/volltexte/2019/17770/";"https://www.pedocs.de/volltexte/2019/17770/pdf/ESP_2019_1_Ferreira_GonzCalez_et_al_Auswirkungen_des_gezielten.pdf"
"17771";"Aufmerksamkeitsstörungen im Unterricht durch körperliche Aktivität reduzieren? Konzeption und erste Befunde eines Hochintensiven Intervalltrainings für Schüler mit ADHS";"Casale, Gino; Brüggemann, Miriam; Hennemann, Thomas";"Reducing attention disorders in classrooms through physical activity? Conceptualization and first results of a high intensity interval training for students with ADHD";"";"";"";"Originalveröffentlichung";"Sonderpädagogik; Sonderschulpädagogik; Sonderschule; Aufmerksamkeits-Defizit-Hyperaktivitäts-Störung; Aufmerksamkeitsstörung; Intervalltraining; Sport; Fallstudie; Schuljahr 04; Sonderpädagogische Förderung; Effekt; Verhaltensauffälligkeit; Pilotstudie; Deutschland";"Remedial instruction sciences; Special education for the handicapped; Special needs education; Special school education; School for the handicapped; Special needs school; Special school; Attention deficit disorders; Sports; Case Studies (Education); Case study; School year 04; Germany; Activity method";"Deutsch";"Der vorliegende Kurzbeitrag thematisiert das Potential sportlicher Aktivität zur schulischen Förderung bei Aufmerksamkeits-Defizit-Hyperaktivitätsstörungen (ADHS). Ein Hochintensives Intervalltraining (HIIT) wurde konzipiert und in einer kontrollierten Einzelfallstudie mit zwei Schülern der vierten Klasse einer Förderschule für Emotionale und soziale Entwicklung umgesetzt. Im Rahmen dieser ersten Pilotierung wurden die unmittelbaren Effekte der Förderung auf das unaufmerksame, impulsive und hyperaktive Verhalten in individuellen Stillarbeitsphasen im Unterricht überprüft. Für beide Schüler ließ sich eine Reduktion des Symptomverhaltens mit starkem Effekt nachweisen. Die Befunde ermutigen zu weiterer Forschung in diesem Bereich, wenngleich weitere Evidenznachweise aus stärker kontrollierten Studien unabdingbar sind. (DIPF/Orig.)";"Englisch";"This brief report focuses on physical activity to promote students with Attention-Deficit-Hyperactivity- Disorder (ADHD) in schools. A high-intensity interval training (HIIT) was developed and implemented in a special education school for students with emotional and behavioral disorders. Two fourth-graders participated in this pilot study. We examined the immediate effects of the HIIT on ADHD symptoms such as inattention, impulsivity, and hyperactivity in the classroom. ADHD symptoms decreased with strong effects in both students. The results encourage for further studies in more controlled settings. (DIPF/Orig.)";"2019";"Aufsatz (Zeitschrift)";"370";"ger";"";"1869-4845";"Empirische Sonderpädagogik 11 (2019) 1, S. 71-80";"Pädagogische Teildisziplin: Schulpädagogik; Sonderpädagogik";"18.09.2019";"urn:nbn:de:0111-pedocs-177718";10.25656/01:17771;"Deutsches Urheberrecht";Peer-Review;"";"https://www.pedocs.de/volltexte/2019/17771/";"https://www.pedocs.de/volltexte/2019/17771/pdf/ESP_2019_1_Casale_Brueggemann_Hennemann_Aufmerksamkeitsstoerungen_im_Unterricht.pdf"
"17772";"Der audio-psycho-phonologische Ansatz nach Tomatis bei der Behandlung von Kindern mit Aufmerksamkeitsstörungen";"Beelmann, Wolfgang; Kopka, Mareike A.; Vervoort, Jozef; Vervoort, Astrid";"Tomatis' audio-psycho-phonological approach in treatment of children with attention deficit disorder";"";"";"";"Originalveröffentlichung";"Sonderpädagogik; Sonderpädagogische Förderung; Aufmerksamkeitsstörung; Aufmerksamkeits-Defizit-Hyperaktivitäts-Störung; Intervention; Vergleichende Bildungsforschung; Auditive Verarbeitung; Wahrnehmung; Therapie; Tomatis, Alfred A.; Tomatis-Methode; Fallstudie";"Remedial instruction sciences; Special education for the handicapped; Special needs education; Attention deficit disorders; Perception; Therapy; Case Studies (Education); Case study; Hearing (Physiology); Hearing (sound)";"Deutsch";"Berichtet werden Ergebnisse einer vergleichenden Fallstudie auf der Grundlage der Daten von vier Kindern mit einer ADHS-Diagnose. Diese Kinder wurden mit dem bislang wenig bekannten „audio-psycho-phonologischen Therapieansatz“ behandelt, der auf den Arbeiten von Alfred Tomatis (1995) basiert. Bei der Analyse der Hörkurven der Kinder zeigten sich einige Besonderheiten, die im Zusammenhang mit unabhängig davon erhobenen Ergebnissen psychologischer Erhebungsverfahren stehen, die Funktionsbeeinträchtigungen bei Aufmerksamkeit, Gedächtnis, Hemmen, Emotionaler Kontrolle, Planen/Strukturieren, Arbeitsgedächtnis sowie Hyperaktivität- und Aufmerksamkeitsprobleme erfassen. Bei zwei der behandelten Kinder zeigten sich bereits nach etwa sechs Monaten Verbesserungen in der auditiven Wahrnehmungsverarbeitung und eine Abnahme der Aufmerksamkeitsproblematik, die sich ebenfalls in den Veränderungen assoziierter psychologischer Merkmale, die über Elternurteile erhoben wurden, manifestieren. Die Ergebnisse werden im Hinblick auf die Konzeption einer breiter angelegten Längsschnittstudie zur Überprüfung der Wirksamkeit des vorgestellten Behandlungsansatzes bei Kindern mit Aufmerksamkeitsstörungen diskutiert. (DIPF/Orig.)";"Englisch";"Based on data of four children with an ADHD-diagnosis, results of a comparative case study are reported applying the audio-psycho-phonological intervention (Tomatis, 1995) as ADHD treatment. Within this approach so-called audibility curves are used as central diagnosis and treatment monitoring tools. All four children’s audibility curves show abnormalities which correlate positively with developmental problems (attention, memory, inhibition, emotional control, planning/structuring, working memory, hyperactivity and attention deficits) indicated by traditional clinical questionnaires. After approximately six months of treatment improvement of auditive perception processing and a decrease in attention deficit problems could be detected in two of the treated children. These changes were also congruent with results of the associated psychological questionnaires. The results are being discussed in foresight of a possible, wider longitudinal study to evaluate the effectiveness of the Tomatis’ approach in children with attention deficit disorder. (DIPF/Orig.)";"2019";"Aufsatz (Zeitschrift)";"370";"ger";"";"1869-4845";"Empirische Sonderpädagogik 11 (2019) 1, S. 81-92";"Pädagogische Teildisziplin: Sonderpädagogik; Pädagogische Psychologie";"18.09.2019";"urn:nbn:de:0111-pedocs-177721";10.25656/01:17772;"Deutsches Urheberrecht";Peer-Review;"";"https://www.pedocs.de/volltexte/2019/17772/";"https://www.pedocs.de/volltexte/2019/17772/pdf/ESP_2019_1_Beelman_et_al_Der_audio_psycho_phonologische.pdf"
"17773";"Arithmetische Kompetenz und Rechenschwäche am Ende der Grundschulzeit. Die Rolle statusdiagnostischer und lernverlaufsbezogener Prädiktoren";"Kuhn, Jörg-Tobias; Schwenk, Christin; Souvignier, Elmar; Holling, Heinz";"Arithmetic skills and mathematical learning difficulties at the end of elementary school. The role of summative and formative predictors";"";"";"";"Originalveröffentlichung";"Sonderpädagogik; Mathematische Kompetenz; Arithmetik; Rechenschwäche; Verlaufsdiagnostik; Lernen; Grundschulalter; Prädiktor; Schuljahr 03; Schuljahr 04; Test; Längsschnittuntersuchung; Deutschland";"Remedial instruction sciences; Special education for the handicapped; Special needs education; Mathematics Achievement; Mathematics skills; Arithmetic; Acalculia; Learning difficulty in arithmetic; Learning; Predictor variables; School year 03; School year 04; Longitudinal analysis; Longitudinal study; Germany; Prediction; Intelligence measurement";"Deutsch";"Die präzise Vorhersage der mathematischen Kompetenz am Ende der Grundschulzeit ist für die Unterrichts- und Förderplanung entscheidend. Unspezifische Prädiktoren der mathematischen Kompetenz (z. B. Intelligenz) können dabei von solchen unterschieden werden, die spezifische mathematische Fertigkeiten messen (z. B. arithmetischer Faktenabruf). Individuelle Lernverläufe bieten eine weitere, bislang selten genutzte Informationsquelle, um Leistungsstände am Schuljahresende vorherzusagen. In diesem Beitrag wurde die Rolle spezifischer, unspezifischer und lernverlaufsbezogener Prädiktoren für die arithmetische Kompetenz sowie die Vorhersage einer Rechenschwäche untersucht. Eine Stichprobe von N = 196 Grundschulkindern der dritten und vierten Klasse (Alter: M = 106.12 Monate, SD = 7.53, 107 Mädchen) bearbeitete zu Beginn des Schuljahres Testverfahren zur Erfassung der fluiden Intelligenz (Kurzform CFT 1-R/CFT 20-R), der Leseflüssigkeit (SLS 2-9), der arithmetischen Kompetenz (DEMAT 2+/DEMAT 3+, Arithmetik) und des arithmetischen Faktenabrufs (DIRG Multiplikation). Im zweiten Schulhalbjahr wurde in etwa zweiwöchigen Abständen zehnmal ein Lernverlaufstest Mathematik (LVD-M 2-4) durchgeführt. Zur Vorhersage der arithmetischen Kompetenz am Schuljahresende (DEMAT 3+/4, Arithmetik) bzw. einer Rechenschwäche (DEMAT Arithmetik T < 40) wurden gemischte lineare und logistische Modelle berechnet. Zudem wurden indirekte Effekte über die Lernverlaufsparameter mittels Mediatoranalysen untersucht. Eine statistische Dominanzanalyse ergab, dass die Lernverlaufsparameter gegenüber den spezifischen und unspezifischen Prädiktoren signifikant bedeutsamer waren, die spezifischen Prädiktoren dominierten zudem die unspezifischen. Die Vorhersage von Rechenschwäche am Ende des Schuljahres wurde anhand des arithmetischen Faktenwissens (DIRG) durch die Lernverlaufsparameter partiell mediiert. Die Befunde werden im Hinblick auf praktische Konsequenzen diskutiert. (DIPF/Orig.)";"Englisch";"A precise prediction of mathematical skills at the end of elementary school is a decisive factor in planning teaching activities and interventions. In this context, unspecific predictors of mathematical skills (e.g. intelligence) can be distinguished from predictors that are specific for mathematical skills (e.g. arithmetic fact retrieval). Individual patterns of growth in achievement over time offer an additional source of information for predicting learning outcomes. In this study, we assessed the role of specific, unspecific, and growth-related predictors for arithmetic skills or mathematical learning difficulties at the end of the school year. At the beginning of the school year, N = 196 elementary school students in third and fourth grades (age: M = 106.12 months, SD = 7.53, 107 girls) were administered tests of fluid intelligence, reading fluency, curricular arithmetic skills, and arithmetic fact retrieval. During the second term, growth in arithmetic skills was assessed by a learning progress assessment. Prediction of arithmetic skills or mathematical learning disabilities at the end of the school year was based on linear or logistic mixed models, respectively. Indirect effects transmitted by growth parameters were assessed using mediation analysis. A statistical dominance analysis showed that growth-related parameters were substantially more important than specific or unspecific predictors, and specific predictors dominated unspecific predictors. Mathematical learning disabilities were indirectly affected by arithmetic fact retrieval, mediated by growth parameters. Results are discussed with respect to practical consequences in educational settings. (DIPF/Orig.)";"2019";"Aufsatz (Zeitschrift)";"370";"ger";"";"1869-4845";"Empirische Sonderpädagogik 11 (2019) 2, S. 95-117";"Pädagogische Teildisziplin: Sonderpädagogik; Fachdidaktik/mathematisch-naturwissenschaftliche Fächer";"19.09.2019";"urn:nbn:de:0111-pedocs-177732";10.25656/01:17773;"Deutsches Urheberrecht";Peer-Review;"";"https://www.pedocs.de/volltexte/2019/17773/";"https://www.pedocs.de/volltexte/2019/17773/pdf/ESP_2019_2_Kuhn_et_al_Arithmetische_Kompetenz_und.pdf"
"17774";"Bewältigung schwieriger Schul- und Lernsituationen bei Kindern mit Lernschwierigkeiten";"Koenigs, Julia; Schuchardt, Kirsten; Götzinger, Rosa Sophie; Mähler, Claudia";"How children with learning disabilities cope with difficult school and learning situations";"";"";"";"Originalveröffentlichung";"Sonderpädagogik; Lernschwierigkeit; Bewältigung; Verhaltensauffälligkeit; Schule; Selbstkonzept; Schuljahr 03; Schuljahr 04; Selbsteinschätzung; Fragebogenerhebung; Deutschland";"Remedial instruction sciences; Special education for the handicapped; Special needs education; Learning Difficulties; Learning Difficulty; Learning disorder; Coping; School; Self concept; School year 03; School year 04; Self-rating; Questionnaire survey; Germany";"Deutsch";"Die vorliegende Studie widmet sich der Untersuchung kindlicher Bewältigungsstrategien in schwierigen Schul- und Lernsituationen. Hierzu wurde die kindliche Bewältigung von 77 Dritt- und Viertklässlern (n=48 Kinder mit Lernschwierigkeiten und n=29 Kinder ohne Lernschwierigkeiten) anhand eines selbstkonzipierten Fragebogens aus Kinder- und Elternperspektive eingeschätzt. Auch wurden Schulerfahrungen und Verhaltensauffälligkeiten erfragt. Es zeigten sich Unterschiede zwischen Kindern mit und ohne Lernschwierigkeiten in der Bewältigung, wobei lernschwache Kinder von einer häufigeren Suche nach sozialer Unterstützung berichteten als ihre unbeeinträchtigten Klassenkameraden. Im Gegensatz dazu beobachteten ihre Eltern insgesamt mehr emotionsfokussierte Bewältigungsstrategien, insbesondere kognitive Vermeidungstendenzen. Zudem konnten Zusammenhänge zwischen spezifischen Bewältigungstendenzen und Auffälligkeiten in Emotionalität und Verhalten nachgewiesen werden, wobei sich sowohl der Anteil der aufgeklärten Varianz als auch die für die Vorhersage der emotionalen und Verhaltensauffälligkeiten relevanten Prädiktoren bei Kindern und Eltern deutlich unterschieden. Die theoretischen und praktischen Implikationen der Erkenntnisse werden diskutiert. (DIPF/Orig.)";"Englisch";"This study intends to analyze children’s coping strategies in difficult school and learning situations. Therefore 77 third and fourth grade children (n=48 children with learning disabilities and n=29 children without learning disabilities) and their parents rated the child’s coping behavior using a newly designed questionnaire. In addition, experiences in school and difficulties in behavior were assessed. According to the results children with and without learning difficulties cope differently. Children with learning problems reported to seek social support more often than their classmates without learning problems. In contrast, their parents observed more emotion- focused coping strategies, particularly cognitive avoidance tendencies. Moreover, this study provides evidence for a relationship between specific coping tendencies and emotional and behavioral problems. There were considerable differences between children and parents in the explained variance and the variables relevant for the prediction of emotional and behavioral problems. Theoretical and practical implications of the findings are being discussed. (DIPF/Orig.)";"2019";"Aufsatz (Zeitschrift)";"370";"ger";"";"1869-4845";"Empirische Sonderpädagogik 11 (2019) 2, S. 118-131";"Pädagogische Teildisziplin: Sonderpädagogik; Pädagogische Psychologie";"19.09.2019";"urn:nbn:de:0111-pedocs-177749";10.25656/01:17774;"Deutsches Urheberrecht";Peer-Review;"";"https://www.pedocs.de/volltexte/2019/17774/";"https://www.pedocs.de/volltexte/2019/17774/pdf/ESP_2019_2_Koenigs_et_al_Bewaeltigung_schwieriger.pdf"
"17775";"Die Einschätzung sozial-emotionaler Kompetenzen junger hörgeschädigter Kinder durch Mütter und Frühförderfachkräfte";"Hintermair, Manfred; Sarimski, Klaus; Lang, Markus; Widua, Barbara";"Evaluation of social-emotional competencies in deaf toddlers by mothers and early interventionists";"";"";"";"Originalveröffentlichung";"Sonderpädagogik; Hörbehinderung; Sozio-emotionaler Faktor; Emotionale Entwicklung; Soziale Entwicklung; Emotionalität; Mutter; Sonderpädagoge; Frühpädagogik; Säugling; Kleinkind; Frühförderung; Kompetenzentwicklung; Entwicklungspsychologie; Bewertung; Einschätzungsbogen; Deutschland";"Remedial instruction sciences; Special education for the handicapped; Special needs education; Aural handicap; Hearing impairment; Social change; Social development; Emotionality; Mother; Special education pedagogue; Special educational needs teacher; Teacher for children with special needs; Teacher for the handicapped; Early childhood education; Infant; Early remedial education; Skill development; Developmental psychology; Assessment; Judgement; Judgment; Germany; Competency; Social competence";"Deutsch";"Die Studie untersucht mögliche Unterschiede und Gemeinsamkeiten in der Beurteilung der sozial-emotionalen Entwicklung sehr junger hörgeschädigter Kinder durch ihre Mütter und die Frühförderinnen, die die Familien begleiten. Es wurden die Mütter von 44 hörgeschädigten Kindern im Alter bis zu 36 Monaten und deren Frühförderinnen mit zwei Fragebögen in einer vorläufigen deutschen Fassung befragt (Social Assessment/Evaluation Measure & Infant Toddler Social Emotional Assessment). Die Ergebnisse zeigen im Wesentlichen große Übereinstimmungen, lediglich in den Kompetenzskalen des Infant Toddler Social Emotional Assessment beurteilen die Frühförderinnen die Entwicklung der älteren Kinder kritischer, als dies die Eltern tun. Vergleiche der Elternaussagen mit Daten von Eltern aus einer Vorläuferstudie zeigen ebenfalls keine nennenswerten Unterschiede in der Einschätzung. Die Analyse der verschiedenen sozial-emotionalen Kompetenzen macht behinderungsspezifische Förderschwerpunkte sichtbar (Empathie, Selbstbild, Peerkontakte), die durch vorliegende Forschungsergebnisse bestätigt werden. (DIPF/Orig.)";"Englisch";"The study examines potential differences and similarities regarding the evaluation of socialemotional development in very young deaf and hard of hearing children by their mothers and by the early intervention providers, working with the families. The mothers of 44 deaf and hard-of- hearing infants and toddlers aged up to 36 months and the early interventionists were surveyed with two questionnaires available in a preliminary German version (Social Assessment/ Evaluation Measure; Infant Toddler Social Emotional Assessment). The results primarily reveal good match, only the scores of some of the Infant Toddler Social Emotional Assessment competencies scales for the older children are significantly lower evaluated by the early intervention providers as compared to the mothers. Comparisons of the mothers’ statements from the current study with data from mothers of a precursor study also reveal no significant differences in the evaluation. The analysis of the different social-emotional skills of deaf and hard hard-ofhearing toddlers assessed by the questionnaires reveals some deaf specific priorities for early intervention (empathy, self-image, peer contacts), which are confirmed by existing research. (DIPF/Orig.)";"2019";"Aufsatz (Zeitschrift)";"370";"ger";"";"1869-4845";"Empirische Sonderpädagogik 11 (2019) 2, S. 132-147";"Pädagogische Teildisziplin: Sonderpädagogik; Pädagogische Psychologie";"19.09.2019";"urn:nbn:de:0111-pedocs-177754";10.25656/01:17775;"Deutsches Urheberrecht";Peer-Review;"";"https://www.pedocs.de/volltexte/2019/17775/";"https://www.pedocs.de/volltexte/2019/17775/pdf/ESP_2019_2_Hintermair_et_al_Die_Einschaetzung_sozial.pdf"
"17776";"Soziale Teilhabe von Kindern mit Down-Syndrom. Eine explorative Studie zur Sicht der Lehrkräfte";"Sarimski, Klaus";"Social participation of children with Down syndrome in school. The teachers' perspective";"";"";"";"Originalveröffentlichung";"Sonderpädagogik; Down-Syndrom; Kind; Soziale Partizipation; Lehrer; Wahrnehmung; Verhaltensauffälligkeit; Einschätzungsbogen; Explorative Studie; Deutschland";"Remedial instruction sciences; Special education for the handicapped; Special needs education; Downs Syndrome; Child; Social participation; Teacher; Perception; Germany";"Deutsch";"Die Lehrkräfte von 41 Kindern mit Down-Syndrom wurden zu ihrer Einschätzung der sozialen Teilhabe der Kinder befragt. Je zehn dieser Kinder besuchten ein Förderzentrum mit Förderschwerpunkt Geistige Entwicklung oder eine integrative Klasse. 21 Kinder besuchten eine allgemeine Schule und wurden dort von einer Assistenzkraft begleitet. In der Wahrnehmung der Lehrkräfte zeigten sich keine signifikanten Unterschiede hinsichtlich der sozialen Teilhabe in der Schule zwischen den drei Gruppen. Die soziale Teilhabe variierte dagegen mit den Kompetenzen und Verhaltensauffälligkeiten der Kinder. Aus Sicht der Lehrkräfte waren diejenigen Kinder weniger gut integriert, die mehr Verhaltensauffälligkeiten ausgebildet hatten. (DIPF/Orig.)";"Englisch";"The teachers of 41 children with Down syndrome were asked to evaluate their social participation. 10 children attended an integrative classroom, 10 children attended a special education school and 21 children attended regular classes (with paraprofessionals as assistants). In the teachers’ view, there were no significant differences between these three groups concerning social participation in the school. However, social participation was associated with competence and behavioral abnormalities. According to the teachers social participation was lower in children with an elevated level of behavioral problems. (DIPF/Orig.)";"2019";"Aufsatz (Zeitschrift)";"370";"ger";"";"1869-4845";"Empirische Sonderpädagogik 11 (2019) 2, S. 148-159";"Pädagogische Teildisziplin: Sonderpädagogik; Sozialpädagogik";"19.09.2019";"urn:nbn:de:0111-pedocs-177763";10.25656/01:17776;"Deutsches Urheberrecht";Peer-Review;"";"https://www.pedocs.de/volltexte/2019/17776/";"https://www.pedocs.de/volltexte/2019/17776/pdf/ESP_2019_2_Sarimski_Soziale_Teilhabe_von.pdf"
"17777";"Testgüteuntersuchungen des Fragebogens 'Soziale Distanz in inklusiven Settings' (SoDiS). Validität und Test-Retest-Reliabilität";"Gerullis, Anita; Huber, Christian";"Examining the test criteria of the questionnaire 'Social Distance in Inclusive Settings' (SoDiS). Validity and test-retest-reliability";"";"";"";"Originalveröffentlichung";"Test; Testreliabilität; Testvalidität; Fragebogen; Soziale Distanz; Messung; Itemanalyse; Inklusion; Auffälligkeit; Kind; Sonderpädagogischer Förderbedarf; Deutschland";"Test reliability; Test validity; Questionnaire; Item analysis; Inclusion; Child; Special Educational Needs; Germany; Test coaching";"Deutsch";"Diese Studie untersucht die Itemcharakteristika, die Validität und Reliabilität des Fragebogenverfahrens zur Messung Sozialer Distanz in inklusiven Settings (SoDiS, Gerullis & Huber, 2016). Das Verfahren beinhaltet vier bildliche Items, die dem Alltag der Kinder nachempfunden sind (Klassenraum, Schulhof, Essensraum, Kinosaal) und wenig sprachliche Kompetenzen verlangen. Kinder mit Auffälligkeiten (geistiger Behinderung, Lernbehinderung, Auffälligkeit im Verhalten (ADHS), körperlicher Behinderung und Migrationshintergrund) werden dabei anhand von Bil- dund Text-Vignetten dargestellt und sollen von Probandinnen und Probanden in Bezug auf die Nähe der Interaktion geratet werden. In einem klassischen Paper-Pencil-Fragebogendesign bearbeiteten N = 617 Schülerinnen und Schüler zu zwei Messzeitpunkten im Abstand von vier Wochen den SoDiS. Zur Prüfung der konvergenten Validität wurde die CATCH-Skala (Schwab, 2015a) herangezogen. Es zeigten sich mittlere bis hohe Itemtrennschärfen (rit = .481 bis rit = .684) und eine gute konvergente Validität (Korrelation der Gesamtskalen: r = .73, p < .01). Die Gesamtskala des SoDiS weist eine gute Test-Retest-Reliabilität von r = .83 (p = .01) auf. Die Testgüteuntersuchungen zeigen somit insgesamt gute Ergebnisse. (DIPF/Orig.)";"Englisch";"This study examines the item characteristics, the validity and the reliability of the SoDiS questionnaire measuring “social distance in inclusive settings” (Gerullis & Huber, 2016). This questionnaire consists of four pictorial items which portray situations of relevance to school children (classroom, school compound, cafeteria, and cinema) and requires only little reading competences. Children with diverse disabilities (intellectual disability, learning disability, behavioral disorder (ADHD), and physical impairment) and a child with a migrant background are shown in pictorial and textoral vignettes and subjects rate their desired closeness to these children in the given situations. N = 617 students were surveyed twice within a four week time period using the SoDiS and the CATCH-Scale (Schwab, 2015a). We were able to show medium to high discriminatory power of the four items (rit = .481 to rit = .684) and good convergent validity (correlations of the total scales: r = .73, p < .01). Our data indicated good test-retest-reliability (r = .83, p = .01). Overall the SoDiS shows good test criteria. (DIPF/Orig.)";"2019";"Aufsatz (Zeitschrift)";"370";"ger";"";"1869-4845";"Empirische Sonderpädagogik 11 (2019) 2, S. 160-171";"Pädagogische Teildisziplin: Sonderpädagogik; Pädagogische Psychologie";"19.09.2019";"urn:nbn:de:0111-pedocs-177779";10.25656/01:17777;"Deutsches Urheberrecht";Peer-Review;"";"https://www.pedocs.de/volltexte/2019/17777/";"https://www.pedocs.de/volltexte/2019/17777/pdf/ESP_2019_2_Gerullis_Huber_Testgueteuntersuchungen_des_Fragebogens.pdf"
"17778";"Beitrag eines dynamischen gegenüber einem statischen Test kognitiver Fähigkeiten zur Vorhersage der Schulleistung";"Börnert-Ringleb, Moritz; Wilbert, Jürgen";"Predicting school achievement with a dynamic and a static cognitive ability test";"";"";"";"Originalveröffentlichung";"Sonderpädagogik; Kognitive Entwicklung; Schülerleistung; Lernen; Leistungsentwicklung; Prädiktor; Förderung; Diagnostik; Testdiagnostik; Schuljahr 01; Schuljahr 02; Operationales Denken; Piaget, Jean; Test; Deutschland";"Remedial instruction sciences; Special education for the handicapped; Special needs education; Cognitive development; Pupil achievement; Student achievement; Learning; Predictor variables; Diagnostic; School year 01; School year 02; Germany; Operation";"Deutsch";"Der Einsatz testdiagnostischer Ansätze zur Erfassung kognitiver Fähigkeiten wird im Kontext sonderpädagogischer Handlungsfelder kritisch hinterfragt. Im Zentrum der geäußerten Kritik stehen dabei Zweifel an der Ableitbarkeit konkreter Empfehlungen zu pädagogischer Praxis sowie an der Validität der erfassten statischen Testmaße kognitiver Fähigkeiten für Gruppen von Lernenden, welche im Fokus sonderpädagogischen Handelns stehen. Vor dem Hintergrund dieser Kritik werden dynamische Testansätze als eine Möglichkeit diskutiert, eine sinnvolle Erweiterung diagnostischer Praxis in sonderpädagogischen Handlungsfeldern darzustellen. Gleichzeitig liegen nur wenige deutschsprachige dynamische Testverfahren vor, welche für den schulischen Einsatz konzipiert wurden. Das Ziel dieser Studie ist es daher, zu untersuchen, inwiefern ein neuentwickeltes dynamisches Testverfahren zur Erfassung konkret-operationalen Denkens Vorzüge in der Vorhersage schulrelevanter Merkmale hat. Dazu bearbeiteten 40 Kinder der ersten und zweiten Klasse einen statischen sowie einen dynamischen Test zur Erfassung konkret-operationalen Denkens. Die erfassten Maße werden in Bezug auf die Aufklärung von Variablen schulischen Lernens (Unterstützungsbedarf, Mathematiknote, Deutschnote) untersucht. In den Ergebnissen zeigt sich eine inkrementelle Validität der dynamisch erfassten Testmaße in zwei der drei untersuchten Facetten konkret-operationalen Denkens. Gleichzeitig zeigen sich Schwierigkeiten in der Interpretation der Ergebnisse, da dynamische Testmaße in unterschiedlichem Maße zur Varianzaufklärung beitragen. Die Studie kann Hinweise darauf geben, dass der Einsatz dynamischer Testverfahren in der statistischen Vorhersage schulischer Leistungsmaße Vorzuge gegenüber statischen Maßen konkret-operationalen Denkens hat. (DIPF/Orig.)";"Englisch";"The use of test-diagnostic approaches for the assessment of cognitive abilities is critically questioned in the context of special education. Doubts about the derivability of educational recommendations on pedagogical practice as well as on the validity of the acquired static test measures of cognitive abilities for groups of learners, who are in the focus of special education, are at the center of the criticism. Dynamic testing is discussed as a possibility to present a meaningful extension of diagnostic practice in special education and to overcome the two lines of critique. At the same time, there are only a few German-language dynamic testing procedures that were designed for school use. Therefore, the aim of this study is to investigate to what extent a recently developed dynamic testing procedure for the assessment of concrete-operational thinking has advantages in the prediction of school-relevant characteristics. For this purpose, 40 first- and second grade students worked on a static as well as a dynamic test for the assessment of concrete operational thinking. Measures of dynamic and static testing are examined with regard to the explained variance of educational outcome variables (need for support, math grade, German grade). The results show an incremental validity of the dynamic testing measures in two of the three examined facets of concrete operational thinking. At the same time, there are difficulties in interpreting the results, as measures of dynamic testing explain variance to varying degrees. The results of the study may suggest that the use of dynamic testing in the prediction of performance has merits over static measures of concrete operational thinking. (DIPF/Orig.)";"2019";"Aufsatz (Zeitschrift)";"370";"ger";"";"1869-4845";"Empirische Sonderpädagogik 11 (2019) 3, S. 175-190";"Pädagogische Teildisziplin: Sonderpädagogik; Pädagogische Psychologie";"19.09.2019";"urn:nbn:de:0111-pedocs-177785";10.25656/01:17778;"Deutsches Urheberrecht";Peer-Review;"";"https://www.pedocs.de/volltexte/2019/17778/";"https://www.pedocs.de/volltexte/2019/17778/pdf/ESP_2019_3_Boernert-Ringleb_Wilbert_Beitrag_eines_dynamischen.pdf"
"17779";"Umsetzung unterrichtsintegrierter Sprachförderung im Primarbereich. Eine Mixed-Methods-Untersuchung bei Lehrkräften in BiSS-Verbünden";"Elstrodt-Wefing, Nadine; Starke, Anja; Möhring, Michélle; Ritterfeld, Ute";"Implementation of academic language training in primary schools. A mixed methods study with teachers involved in BiSS";"";"";"";"Originalveröffentlichung";"Sonderpädagogik; Bildungssprache; Sprachförderung; Primarbereich; Unterricht; Unterrichtsmethode; Lehrer; Sprachkompetenz; Selbstwirksamkeit; Aufgabenstellung; Triangulation; Methode; Fragebogenerhebung; Vignette <Methode>; Interview";"Remedial instruction sciences; Special education for the handicapped; Special needs education; Primary education; Primary level; Teaching; Method of teaching; Teacher; Language skill; Linguistic Competence; Self efficacy; Task definition; Task setting; Method; Questionnaire survey";"Deutsch";"In der vorliegenden Studie wurden Lehrkräfte aus drei Grundschulverbünden, die sich im Rahmen des BMBF-geförderten Projektes Bildung in Sprache und Schrift (kurz BiSS) gebildet haben, in einem Mixed-Methods-Design mit Hilfe eines (1) Ad-Hoc-Fragebogens (N = 44) und (2) Vignetten- Interviews (n = 13) zur Umsetzung und zu einflussnehmenden Faktoren für die Umsetzung von Scaffolding im Unterricht befragt. Die Auswertung der quantitativen Daten zeigt, dass die Lehrkräfte Scaffolding häufig zur Erfassung des sprachlichen Lernstands der Schülerinnen und Schüler einsetzen und nur selten eine Bedarfsermittlung in Form einer Analyse sprachlicher Anforderungen einer Unterrichtsreihe vornehmen. Die regressionsanalytischen Ergebnisse zeigen, dass die Varianz in der unterrichtlichen Umsetzung des Scaffolding durch vier Faktoren erklärt wird: (1) wahrgenommener Profit für die Kinder durch die Lehrkraft, (2) Zeitaufwand, (3) Einstellung der Eltern und (4) das Selbstwirksamkeitserleben der Lehrkräfte im Bereich der Sprachförderkompetenz. Die qualitativen Ergebnisse bestätigen die Befunde aus den Regressionsanalysen, geben den multidirektionalen Zusammenhang mit weiteren Faktoren (u. a. der Rolle der Schulleitung) zu erkennen und zeigen verbundspezifische Varianzen in der Umsetzung von Scaffolding. Außerdem verdeutlichen sie, dass eine tiefgehende Verankerung dieser Form der fachintegrierten Sprachförderung noch aussteht. (DIPF/Orig.)";"Englisch";"In this paper it was examined how BiSS primary schoolteachers implement scaffolding and which factors are influencing this implementation. The study is based on a mixed methods design, which included an (1) ad-hoc-questionnaire (N = 44) and (2) vignetten-interviews (n = 13). The quantitative data show that the teachers use scaffolding frequently to assess the students´ current verbal skills while checking the linguistic demands of their lessons less often. Regression analyses show that four predictors explained the variance of the implementation of scaffolding (1) how the teacher perceives the children’s profit, (2) the expenditure of time, (3) parents´ attitude, and (4) teachers´ perceived self-efficacy concerning their language promotion skills. Qualitative data confirm the results of the regression Analysis, disclose the multidirectional connection with further predictors (e.g., the role of school principals) and demonstrate broad variations in implementation of scaffolding strategies. Data also illustrate that the necessary implementation of scaffolding has not been reached yet. (DIPF/Orig.)";"2019";"Aufsatz (Zeitschrift)";"370";"ger";"";"1869-4845";"Empirische Sonderpädagogik 11 (2019) 3, S. 191-209";"Pädagogische Teildisziplin: Schulpädagogik; Sonderpädagogik";"19.09.2019";"urn:nbn:de:0111-pedocs-177798";10.25656/01:17779;"Deutsches Urheberrecht";Peer-Review;"";"https://www.pedocs.de/volltexte/2019/17779/";"https://www.pedocs.de/volltexte/2019/17779/pdf/ESP_2019_3_Elstrodt-Wefing_et_al_Umsetzung_unterrichtsintegrierter.pdf"
"17780";"Förderpläne: Instrument zur Förderung oder 'bürokratisches Mittel'? Eine empirische Untersuchung zum Einsatz von Förderplänen";"Moser Opitz, Elisabeth; Pool Maag, Silvia; Labhart, David";"Individual education plans: An important tool for instruction or a bureaucratic exercise? An empirical study on the implementation of individual education plans";"";"";"";"Originalveröffentlichung";"Sonderpädagogik; Sonderpädagogische Förderung; Förderplan; Unterrichtsplanung; Schulentwicklung; Integrative Schule; Separation; Fragebogenerhebung; Schweiz";"Remedial instruction sciences; Special education for the handicapped; Special needs education; Lesson Planing; Planning of teaching; School development; Inclusive education; Inclusive school; Questionnaire survey; Switzerland; School";"Deutsch";"Förderplanung gilt als eine Voraussetzung für die individuelle Förderung von Lernenden in inklusiven und separativen Schulformen und die Erstellung von Förderplänen wird häufig gefordert. Allerdings ist noch wenig bekannt über deren Einsatz. Im vorliegenden Artikel werden erstens bisherige Forschungsergebnisse zu dieser Thematik berichtet. Zweitens wird eine Studie vorgestellt, in der untersucht wurde, ob und wie Regel- und Förderlehrkräfte in inklusiven und separativen Schulformen Förderpläne einsetzen bzw. wie sie damit umgehen. 226 Lehrkräfte aus der Schweiz wurden schriftlich mit einem Onlinefragebogen befragt. 25 dieser Lehrkräfte wurden im Anschluss an einen Unterrichtsbesuch interviewt. Die Ergebnisse zeigen, dass Förderpläne dort, wo sie verbindlich eingefordert werden, meistens erstellt werden. Allerdings steht in der Regel die Legitimations- oder Dokumentarfunktion im Zentrum und nicht die Förderung bzw. die Zielvereinbarung und -fokussierung. Auf der Sekundarstufe scheinen Förderpläne nicht verwendet zu werden. Zudem werden Förderpläne nicht für die Unterrichtsplanung genutzt. Die Frage, ob und wie Förderplanung und Unterrichtsplanung miteinander verbunden werden können, ist somit ein wichtiges Thema für die zukünftige Entwicklungs- und Forschungsarbeit. (DIPF/Orig.)";"Englisch";"Individual Education Plans (IEPs) are generally deemed to be an important tool for special education instruction, both in specialized and in inclusive settings. However, only few is known on the implementation of IEPs. First, the state of research on the use of IEPs is presented. Second, a study on the implementation of IEPs in primary and secondary school was carried out in Switzerland. 226 teachers filled in an online questionnaire, and 25 of these teachers participated in a classroom observation and an interview study. The results show that IEPs are established when they are reviewed. However, the plans are often simply satisfying a bureaucratic requirement (e.g. legitimation and documentation) rather than serving the purpose of support of the pupils and lesson planning. Secondary school teachers seem not to use IEPs. Future activities and research have to deal with the question, if and how it is possible to implement IEPs in the process of lesson planning. (DIPF/Orig.)";"2019";"Aufsatz (Zeitschrift)";"370";"ger";"";"1869-4845";"Empirische Sonderpädagogik 11 (2019) 3, S. 210-224";"Pädagogische Teildisziplin: Sonderpädagogik; Bildungsorganisation, Bildungsplanung und Bildungsrecht";"19.09.2019";"urn:nbn:de:0111-pedocs-177805";10.25656/01:17780;"Deutsches Urheberrecht";Peer-Review;"";"https://www.pedocs.de/volltexte/2019/17780/";"https://www.pedocs.de/volltexte/2019/17780/pdf/ESP_2019_3_Moser_Opitz_Pool_Maag_Labhart_Foerderplaene_Instrument.pdf"
"17781";"Soziale Teilhabe von Kindern mit Sehbeeinträchtigung in inklusiven Schulsettings aus Sicht der Grundschullehrkräfte";"Lang, Markus; Sarimski, Klaus";"Social participation of children with visual impairment in inclusive primary school – the teachers' perspective";"";"";"";"Originalveröffentlichung";"Sonderpädagogik; Soziale Partizipation; Sehbehinderung; Blindheit; Kind; Integrative Schule; Lehrer; Wahrnehmung; Einstellung <Psy>; Inklusion; Soziale Kompetenz; Emotion; Verhaltensauffälligkeit; Fragebogenerhebung; Deutschland";"Remedial instruction sciences; Special education for the handicapped; Special needs education; Social participation; Visual handicap; Blindness; Child; Inclusive education; Inclusive school; Teacher; Perception; Inclusion; Social competence; Emotions; Questionnaire survey; Germany";"Deutsch";"Fragestellung: Es wird die soziale Teilhabe von sehbehinderten und blinden Kindern in inklusiven Schulsettings aus Sicht der Lehrkräfte analysiert. Methodik: In einer schriftlichen Befragung beurteilen die Lehrkräfte von 120 Kindern mit Sehbeeinträchtigungen im Grundschulalter, die eine allgemeine Schule besuchen, die soziale Teilhabe mit einem standardisierten Fragebogen. Zusätzlich werden sozial-emotionale und schulische Kompetenzen, Verhaltensauffälligkeiten der Kinder sowie die Einstellung der Lehrer zur Inklusion erhoben. Ergebnisse: Die Einschätzungen sind überwiegend positiv. Bei einem Teil der Kinder liegen Hinweise auf einen niedrigen sozialen Status, bei 15% Hinweise auf soziale Ausgrenzung vor. Diese ist mit einem höheren Maß von Verhaltensauffälligkeiten assoziiert. In einer Regressionsanalyse erweisen sich die schulischen Fähigkeiten der Kinder, die Ausprägung von Problemen mit Gleichaltrigen und die Einstellung der Lehrkräfte zur Inklusion als signifikante Prädiktoren der sozialen Teilhabe. Die Zuweisung einer Schulbegleitung hat danach – wiederum aus Sicht der Lehrkräfte – keinen signifikanten Einfluss auf die soziale Teilhabe. Schlussfolgerungen: Eine gezielte Beobachtung und Förderung des emotionalen und sozialen Wohlbefindens von Kindern mit Sehbeeinträchtigung in inklusiven Schulsettings ist angezeigt. (DIPF/Orig.)";"Englisch";"Social participation of students with visual impairment in inclusive school settings. Objective: We report on the social participation of students with visual impairment in inclusive school settings from the teachers‘ viewpoint. Method: Teachers of 120 children with visual impairment (mean age: 9;2 years) completed the Social Participation Questionnaire, the Social Competence Scale, the Strengths and Difficulties Questionnaire and a questionnaire on bullying experience. Additionally they were asked about their attitude towards inclusion. Results: The social participation ratings were predominantly positive. However there were indications of low status and – in 15 per cent of the sample – peer rejection. Rejection is associated with problem behaviors. A regression analysis revealed academic behavior, problems with peers and teacher’s inclusion attitude (but not the allocation of paraprofessional as individual support – according to the teachers‘ view) as significant predictors of social participation. Conclusions: There is a need for observation and support of the emotional and social well-being of students with visual impairment in inclusive school settings. (DIPF/Orig.)";"2019";"Aufsatz (Zeitschrift)";"370";"ger";"";"1869-4845";"Empirische Sonderpädagogik 11 (2019) 3, S. 225-240";"Pädagogische Teildisziplin: Schulpädagogik; Sonderpädagogik";"19.09.2019";"urn:nbn:de:0111-pedocs-177811";10.25656/01:17781;"Deutsches Urheberrecht";Peer-Review;"";"https://www.pedocs.de/volltexte/2019/17781/";"https://www.pedocs.de/volltexte/2019/17781/pdf/ESP_2019_3_Lang_Sarimski_Soziale_Teilhabe_von.pdf"
"17782";"Akademisches Schikanieren: Wie Lehrkräfteprofessionalisierung in den Bereichen Beziehungsarbeit und Unterrichtsqualität zu sozioökonomischer Chancengleichheit im Bildungswesen beitragen kann";"Dietrich, Lars";"Academic teasing: How teacher professional development in relationship-building skills and instructional quality can contribute to educational equality between lower- and higher-SES students";"";"";"";"Originalveröffentlichung";"Sonderpädagogik; Schule; Mobbing; Wirkung; Schülerleistung; Schüler-Schüler-Beziehung; Schüler-Lehrer-Beziehung; Professionalisierung; Lehrer; Unterrichtsqualität; Sozioökonomischer Status; Fragebogenerhebung; Querschnittuntersuchung";"Remedial instruction sciences; Special education for the handicapped; Special needs education; School; Pupil achievement; Student achievement; Pupil-teacher relation; Pupil-teacher relationship; Professionalization; Teacher; Teaching quality; Socio-economic status; Socioeconomic status; Questionnaire survey; Pupil; Pupils";"Deutsch";"Akademisches Schikanieren, definiert als das Schikanieren von Schüler*innen durch ihre Mitschüler*innen aufgrund von Fehlern, die erstere im Unterricht gemacht haben, ist eine Form von Mobbing, die mit reduzierter Anstrengung von Schüler*innen im Unterricht in Verbindung steht. Sie kommt disproportional stark in Schulen vor, in denen die Kinder bzw. Jugendlichen vermehrt aus sozioökonomisch benachteiligten Familienverhältnissen stammen. Die vorliegende Studie überprüft die Hypothese, dass der statistische Zusammenhang zwischen dem sozioökonomischen Klassendurchschnitt und akademischem Schikanieren, und zwischen Unterrichtsqualität und akademischem Schikanieren durch die Beziehungsqualität in Klassen erklärt werden kann. Zu diesem Zweck wird ein amerikanischer Datensatz aus den Schuljahren 2012-2015 herangezogen (N = 146.044 Schüler*innen), basierend auf Schüler*innen-Fragebögen. Eine Multi-Ebenen-Strukturregressionsmodellanalyse bestätigt die Hypothese. Aus den Ergebnissen ableitend wird empfohlen, die Professionalisierung von Lehrkräften in Deutschland im Bereich der Beziehungsarbeit vorantreiben. Auf diesem Weg ist es möglich, akademisches Schikanieren zu reduzieren, was die im internationalen Vergleich geringe Bildungsmobilität in Deutschland erhöhen würde. (DIPF/Orig.)";"Englisch";"Academic teasing, defined as teasing by peers for making mistakes in the classroom, is a form of bullying that predicts less academic engagement by students. It is particularly prevalent in schools with large numbers of students from socioeconomically disadvantaged family backgrounds. This study tests the hypothesis that the relationship between the average socioeconomic status of the class and academic teasing, and the relationship between the teaching quality in the classroom and academic teasing, are mediated by the quality of relationships in class. For this purpose, the study uses an American dataset based on student surveys from the academic years 2012-2015 (N = 146.044 students). A multilevel structural regression modelling analysis confirms the hypothesis. Based on the results, it is recommended that teacher professional training in Germany focuses more strongly on teachers’ relationship building skills. With this focus, it is possible to reduce academic teasing, thus improving equal opportunities in the German educational system, which is characterized by a comparatively strong relationship between socioeconomic status and educational outcomes. (DIPF/Orig.)";"2019";"Aufsatz (Zeitschrift)";"370";"ger";"";"1869-4845";"Empirische Sonderpädagogik 11 (2019) 3, S. 241-256";"Pädagogische Teildisziplin: Schulpädagogik; Sonderpädagogik";"19.09.2019";"urn:nbn:de:0111-pedocs-177826";10.25656/01:17782;"Deutsches Urheberrecht";Peer-Review;"";"https://www.pedocs.de/volltexte/2019/17782/";"https://www.pedocs.de/volltexte/2019/17782/pdf/ESP_2019_3_Dietrich_Akademisches_Schikanieren.pdf"
"15958";"Konstruktion und Validierung der Professionsunabhängigen Einstellungsskala zum Inklusiven Schulsystem (PREIS)";"Lüke, Timo; Grosche, Michael";"Construction and validation of an attitude scale measuring attitudes towards inclusive education in the population (PREIS)";"";"";"";"Originalveröffentlichung";"Inklusion; Einstellung <Psy>; Messinstrument; Testentwicklung; Validität; Integrative Schule; Test; Fragebogen";"Inclusion; Measurement instrument; Test format; Inclusive education; Inclusive school; Questionnaire";"Deutsch";"Forschungsarbeiten zum Thema Einstellungen zu Inklusion haben Hochkonjunktur. Gleichwohl muss konstatiert werden, dass viele Instrumente zur Messung dieser Einstellungen Schwächen haben, zum Beispiel: mangelnde einstellungstheoretische Fundierungen, fehlleitende Itemformulierungen, fehlende Abgrenzung von anderen Konstrukten, zu starke Fokussierung auf Lehrkräfte, Anfälligkeit für systematische Antwortverzerrungen sowie oberflächliche Validierungsstudien. Daher entwickelten wir die Professionsunabhängige Einstellungsskala zum Inklusiven Schulsystem (PREIS), die diesen Problemen adäquat begegnet. Zur Überprüfung der Testgüte führten wir vier konsekutive Studien durch. Insgesamt können wir zeigen, dass mit der PREIS erstmalig ein Instrument vorliegt, das inhaltsvalide unter Verzicht auf Formulierungen der Zwei-Gruppen-Theorie und ohne professionsspezifisches Fachwissen vorauszusetzen, faktoriell valide und reliabel das einfaktorielle Konstrukt Einstellungen zum inklusiven Schulsystem misst. Das Instrument ist frei und offen unter einer CC-BY-SA-Lizenz verfügbar. (DIPF/Orig.)";"Englisch";"Research on attitudes towards inclusive education is highly topical. However, it must be noted that many measures of these attitudes have weaknesses, e.g.: lack of theoretical foundations, misleading item wording, contextual overlap with other constructs, excessive focus on teachers, susceptibility to systematic bias and unconvincing validation studies. Therefore, we developed the ‘Professionsunabhängige Einstellungsskala zum Inklusiven Schulsystem (PREIS)‘ [Attitudes Towards Inclusive Education in the Population], which adequately addresses these problems. To evaluate the scale’s psychometric quality, we conducted four consecutive studies. Overall, we show that the PREIS is the first reliable and valid German instrument to measure the one-factor construct attitudes towards the inclusive school-system, without presupposing profession-specific knowledge and in the absence of two-group theory wording. The instrument is openly available under a CC-BY-SA license to promote necessary replications. (DIPF/Orig.)";"2018";"Aufsatz (Zeitschrift)";"370";"ger";"";"1869-4845";"Empirische Sonderpädagogik 10 (2018) 1, S. 3-20";"Pädagogische Teildisziplin: Sonderpädagogik; Pädagogische Psychologie";"12.10.2018";"urn:nbn:de:0111-pedocs-159581";10.25656/01:15958;"Deutsches Urheberrecht";Peer-Review;"";"https://www.pedocs.de/volltexte/2018/15958/";"https://www.pedocs.de/volltexte/2018/15958/pdf/ESP_2018_1_Lueke_Grosche_Konstruktion_und_Validierung.pdf"
"15959";"Unterschiede in der Strategienutzung beim Lösen konkret-operationaler Konzepte zwischen lernstarken und lernschwachen Kindern";"Börnert-Ringleb, Moritz; Wilbert, Jürgen";"Differences between high- and low-achieving students in their application of strategies for solving concrete-operational concepts";"";"";"";"Originalveröffentlichung";"Sonderpädagogik; Sonderpädagogischer Förderbedarf; Lernen; Lernschwierigkeit; Lernschwäche; Kognitive Entwicklung; Kognitiver Prozess; Differenz; Differenzielle Psychologie; Individueller Unterschied; Kompetenz; Lösungskompetenz; Strategische Kompetenz; Strategie; Grundschulalter; Kognitive Leistung; Videoaufzeichnung; Schuljahr 01; Schuljahr 02; Piaget, Jean; Test; Leistungsmessung";"Remedial instruction sciences; Special education for the handicapped; Special needs education; Special Educational Needs; Learning; Learning Difficulties; Learning Difficulty; Learning disorder; Cognitive development; Cognitive process; Individual differences; Competency; Strategy; Cognitive achievement; School year 01; School year 02; Achievement measurement; Performance measurement; Developmental psychology; Learning achievement";"Deutsch";"Das Beherrschen konkret-operationaler Aufgaben stellt einen wichtigen Aspekt der kognitiven Entwicklung dar. Es steht in einem Zusammenhang mit unterschiedlichen Maßen schulischen Lernerfolgs. Gleichzeitig werden interindividuelle Unterschiede im Ausmaß des Beherrschens dieser Kompetenzen deutlich. So zeigen Kinder mit Lernbeeinträchtigungen geringere Kompetenzen als Gleichaltrige. Ein möglicher Erklärungsansatz für die beschriebenen Unterschiede kann in dem mit der Aufgabenbearbeitung verbundenen Strategieeinsatz gesehen werden. Ziel der vorliegenden Untersuchung ist es daher, Unterschiede zwischen lernstarken und lernschwachen Kindern sowohl in der Kompetenz zur Lösung konkret-operationaler Konzepte als auch in der damit einhergehenden Strategienutzung aufzuzeigen. Dazu wird das Strategienutzungsverhalten von 35 lernschwachen Kindern und 23 lernstarken Kindern beim Lösen konkretoperationaler Konzepte (Zahlerhaltung, Klassifikation und Reihenfolgen) verglichen. Die Ergebnisse zeigen eine häufigere Lösung konkret-operationaler Konzepte durch die Gruppe der lernstarken Kinder. In Bezug auf den Strategieeinsatz sind die Ergebnisse nicht eindeutig. Lernschwache Kinder wenden einzelne Strategien häufiger an, während lernstarke Kinder andere Strategien häufiger anwenden. Es zeigen sich keine Interaktionseffekte zwischen Gruppenzugehörigkeit und Strategieeinsatz auf die Anzahl richtiger Lösungen. Die Ergebnisse zeigen, dass die vorliegenden Unterschiede in der Fähigkeit zum Lösen konkret-operationaler Konzepte nicht auf den allgemeinen Strategieeinsatz zurückzuführen sind. Vielmehr erscheint es, dass sich die Gruppen im Einsatz spezifischer Strategien unterscheiden. (DIPF/Orig.)";"Englisch";"Mastery of concrete-operational concepts depicts an important aspect of cognitive development. It is associated with a range of learning outcomes. At the same time, interindividual differences in the mastery of these concepts become clear. Students with learning disabilities thereby show lower levels of mastery. Reasons for such differences might be seen in differences in the application of required strategies in order to solve these tasks. Therefore, the aim of the study at hand is to examine differences between high- and low-achieving students in their ability to master cocrete-operational concepts. In addition, differences in the application of strategies between the two groups and the question to what extent the application of strategies contributes to correct solution, are explored. To answer these questions, thinking-aloud protocols of 35 low-achieving students and 23 high-achieving students are compared. Multivariate analyses of variance are applied to examine differences between the groups regarding mastery of concrete-operational concepts and used strategies. In addition, interaction effects of the use of strategies and group affiliation on the number of correct solutions are examined. In the results, it becomes clear, that high achieving students solve more classification as well as sequences tasks than low-achieving students. In terms of the used strategies, results are not as clear, as some strategies are more frequently applied by low-achieving students and others by high-achieving students. Moreover, no significant interaction-effects between group affiliation and strategy use on the number of correct solutions can be described. The results indicate that low-and high-achieving do not differ in the general strategy use, but in the use of specific strategies. (DIPF/Orig.)";"2018";"Aufsatz (Zeitschrift)";"370";"ger";"";"1869-4845";"Empirische Sonderpädagogik 10 (2018) 1, S. 21-38";"Pädagogische Teildisziplin: Sonderpädagogik; Pädagogische Psychologie";"12.10.2018";"urn:nbn:de:0111-pedocs-159595";10.25656/01:15959;"Deutsches Urheberrecht";Peer-Review;"";"https://www.pedocs.de/volltexte/2018/15959/";"https://www.pedocs.de/volltexte/2018/15959/pdf/ESP_2018_1_BoernertRingleb_Wilbert_Unterschiede_in_der_Strategienutzung.pdf"
"15960";"Tutorielle Leseverfahren mit Grundschulkindern mit externalisierenden Verhaltensproblemen";"Spilles, Markus; Hagen, Tobias; Hennemann, Thomas";"Peer tutored reading processes for primary school children with externalized behavioral problems";"";"";"";"Originalveröffentlichung";"Sonderpädagogik; Grundschulalter; Primarbereich; Leseförderung; Lesekompetenz; Verhaltensauffälligkeit; Einfluss; Soziale Kompetenz; Inklusion; Soziale Integration; Integration; Förderung; Schüler-Schüler-Beziehung; Tutorensystem; Systematic Review; Schüler-Schüler-Interaktion; Forschungsüberblick; Studie";"Remedial instruction sciences; Special education for the handicapped; Special needs education; Primary education; Primary level; Promotion of reading; Support for reading improvement; Reading competence; Influence; Social competence; Inclusion; Social integration; Tutorial system; Student student interaction; Inclusion class; Integration classes; Pupil; Pupils; Peer groups; Peer group teaching; Inclusive education; Inclusive school; Tutors";"Deutsch";"Der Beitrag beleuchtet tutorielle Leseverfahren mit Grundschulkindern mit externalisierenden Verhaltensproblemen und deren Wirkungen auf fachliche und soziale Indikatoren. Über eine systematische Literaturrecherche wurden insgesamt 25 Studien ermittelt, die entweder a) mit Kindern mit Verhaltensproblemen durchgeführt wurden oder b) Effekte im Bereich sozialer Kompetenzen oder sozialer Beziehungen der Kinder untereinander berichten. Methodisch-didaktische Differenzen und Gemeinsamkeiten zwischen den einzelnen Verfahren werden dargestellt. Nennenswerte Adaptionen im Hinblick auf die teilnehmende Klientel (wie bspw. zusätzliche Unterstützungsangebote für Kinder mit Verhaltensproblemen etc.) konnten dabei insgesamt nicht festgestellt werden. Basierend auf den Rechercheergebnissen beinhaltet der Artikel zudem konzeptionelle Überlegungen sowie Perspektiven für Forschungsvorhaben vor allem für den deutschen Sprachraum. (DIPF/Orig.)";"Englisch";"This paper deals with different methods of peer tutoring in reading with a focus on primary school children with externalized behavioral problems and the question of how far such strategies may affect academic and social aspects. Based on a systematic review of the literature, 25 studies have been identified, being concerned with either a) the evaluation of peer tutoring in reading with pupils with behavioral problems or b) discussions of the effects of such methods on social variables (social skills, social inclusion). Methodological and didactical differences as well as parallels of the evaluated methods are discussed. It was found that peer tutoring procedures were generally not adapted with respect to the needs of the participating subjects (e.g. offering additional support to children with behavioral problems). As a result, the paper offers conceptional ideas for the field of peer tutoring for children with behavoral problems. A particular focus is given to perspective research project and their implications in Germany. (DIPF/Orig.)";"2018";"Aufsatz (Zeitschrift)";"370";"ger";"";"1869-4845";"Empirische Sonderpädagogik 10 (2018) 1, S. 39-71";"Pädagogische Teildisziplin: Sonderpädagogik; Bildungssoziologie";"12.10.2018";"urn:nbn:de:0111-pedocs-159609";10.25656/01:15960;"Deutsches Urheberrecht";Peer-Review;"";"https://www.pedocs.de/volltexte/2018/15960/";"https://www.pedocs.de/volltexte/2018/15960/pdf/ESP_2018_1_Spilles_Hagen_Hennemann_Tutorielle_Leseverfahren.pdf"
"15961";"Elternstress und Rollenrestriktion bei Eltern von Kindern mit Down-Syndrom";"Hamacher, Tim; Bienstein, Pia";"Parental stress and restriction in parents of children with Down’s Syndrome";"";"";"";"Originalveröffentlichung";"Sonderpädagogik; Kind-Eltern-Beziehung; Down-Syndrom; Elternrolle; Stress; Stressbewältigung; Partnerschaft; Belastung; Mehrfachbelastung; Einschränkung; Umfrage; Fragebogen; Deutscher Sprachraum";"Remedial instruction sciences; Special education for the handicapped; Special needs education; Child-parent relation; Child-parent relationship; Downs Syndrome; Parent role; Parental role; Psychophysical stress; Stress (Psychological); Stress management; Multiple stress; Questionnaire; German-speaking area; Parents; Child";"Deutsch";"In dem vorliegenden Beitrag werden die Ergebnisse einer Befragung von Eltern von Kindern mit Down-Syndrom (N= 140) mit dem Elternstressfragebogen (ESF) vorgestellt. In einem Vergleich mit der Normstichprobe des Instruments wird u.a. überprüft, ob Unterschiede bezüglich des Stressempfindens und der Rollenrestriktion zwischen den Gruppen festgestellt werden können. Weiterhin wird überprüft, ob Ressourcen wie die soziale Unterstützung und eine zufriedenstellende elterliche Partnerschaft als Bewältigungsfaktoren bestätigt werden können. Die Ergebnisse weisen darauf hin, dass die befragten Eltern sowohl mehr Stress als auch eine stärkere Rollenrestriktion erleben. Während die Partnerschaft als Bewältigungsfaktor bestätigt werden kann, ist dies für soziale Unterstützung nicht der Fall. (DIPF/Orig.)";"Englisch";"In this article the results of a survey of parents with children with Down’s syndrome (N= 140) using the parental stress questionnaire (ESF) are presented. In comparison with the questionnaire’s standard sample, differences in parental stress and role restrictions between the populations are analyzed. Furthermore, social support and a satisfactory parental relationship are examined as possible coping factors. The results indicate higher stress levels and more feelings of restriction in the population of parents of children with Down’s Syndrome. A satisfactory parental relationship can be identified as a predictor for lower levels of parental stress, whereas social support cannot. (DIPF/Orig.)";"2018";"Aufsatz (Zeitschrift)";"370";"ger";"";"1869-4845";"Empirische Sonderpädagogik 10 (2018) 1, S. 72-84";"Pädagogische Teildisziplin: Sonderpädagogik; Sozialpädagogik";"12.10.2018";"urn:nbn:de:0111-pedocs-159618";10.25656/01:15961;"Deutsches Urheberrecht";Peer-Review;"";"https://www.pedocs.de/volltexte/2018/15961/";"https://www.pedocs.de/volltexte/2018/15961/pdf/ESP_2018_1_Hamacher_Bienstein_Elternstress_und_Rollenrestriktion.pdf"
"15962";"Überprüfung der differentiellen Validität der Untertests Alertness, Go/Nogo und Flexibilität der Testbatterie zur Aufmerksamkeitsprüfung (TAP) bei der Diagnosestellung von Aufmerksamkeitsdefizit-/Hyperaktivitätsstörungen im Jugendalter";"Börnert-Ringleb, Moritz; Schramm, Satyam Antonio; Hennig, Timo; Linderkamp, Friedrich";"Differential validity of the Tests for Attentional Performance (TAP) in the diagnosis of ADHD during adolescence";"";"";"";"Originalveröffentlichung";"Diagnostik; Aufmerksamkeits-Defizit-Hyperaktivitäts-Störung; Aufmerksamkeitsstörung; Hyperaktivität; Test; Testvalidität; Neuropsychologische Messung; Diagnostischer Test; Eignung; Jugendlicher; Kritik";"Diagnostic; Attention deficit disorders; Hyperactivity; Hypoactivity; Test validity; Diagnostic test; Aptitude; Adolescent; Criticism; Mental disturbance; Psychological examination; Psychological test";"Deutsch";"Theoretischer Hintergrund: Die Aufmerksamkeitsdefizit-/Hyperaktivitätsstörung (ADHS) gehört zu den häufigsten psychischen Störungen im Kindes- und Jugendalter. Häufig wird jedoch Kritik am diagnostischen Vorgehen und der damit verbundenen Sicherheit der Diagnosestellungen laut. So stellen eher subjektive Fremdbeurteilungsbögen ein wesentliches diagnostisches Informationskriterium dar. Neuropsychologische Testzugänge stellen eine Möglichkeit dar, objektivere Kriterien für eine Diagnosezustellung von ADHS zu liefern. Gleichzeitig ist die Eignung solcher Verfahren zur Beschreibung von ADHS nicht abgesichert. Ein in diesem Kontext häufig im deutschsprachigen Raum diskutiertes Verfahren stellt die Testbatterie zur Aufmerksamkeitsprüfung (TAP) dar. Befunde zur Eignung der TAP zur Diagnosestellung von ADHS im Jugendalter liegen zum jetzigen Zeitpunkt jedoch nicht vor. Daher soll im folgenden Beitrag die Eignung der TAP zu diesem Zweck geprüft werden. Methode: In einem ersten Schritt soll die Aufmerksamkeitsleistung von jeweils 49 Jugendlichen mit und ohne AHDS in den Untertest Alertness, Flexibilität und Go/Nogo der TAP verglichen werden. Dazu werden zunächst Mittelwertunterschiede beschrieben und mittels t-Tests überprüft. In einem zweiten Schritt soll die diagnostische Güte der einzelnen Parameter anhand von ROC-Analysen geprüft werden. Ergebnisse: In den Ergebnissen werden Unterschiede zwischen den beiden Gruppen deutlich. Die größten Unterschiede werden dabei in den Parametern der  Reaktionszeitschwankungen aller drei Untertests deutlich. Gleichzeitig unterscheidet sich jedoch nur ein Parameter (SD Go/Nogo) signifikant zwischen Jugendlichen mit und ohne ADHS. In den ROC-Analysen zeigt sich nur eine geringe diagnostische Güte der Parameter der TAP. Diskussion: Die Ergebnisse stehen im Gegensatz zu bisherigen Studien, welche der TAP eine Eignung zur Diagnostik von ADHS im Kindesalter zusprechen. Auf Grundlage der hier vorliegenden Ergebnisse kann diese Eignung für das Jugendalter nicht bestätigt werden. (DIPF/Orig.)";"Englisch";"Theoretical Background:ADHD is the most frequent diagnosed childhood and adolescence mental disorder. At the same time, diagnosis of ADHD is criticized as it often comes with subjective third-party measures (as teachers’ or parents’ ratings). Such measures of neuropsychological profiles might therefore be a promising approach to objectivize and validate the ADHD diagnosis. However, evidence supporting the validity of neuropsychological approaches in diagnosing ADHD is still lacking. In this context, the German Testbatterie zur Aufmerksamkeitsprüfung(TAP; test battery for the assessment of attentional functioning) is frequently discussed as possibly being able to differentiate between subjects with and without ADHD. However, first results could confirm differential properties of the TAP in the context of diagnosing ADHD in children, insights for these properties in the subgroup of adolescents are not provided. Therefore, the goal of the paper at hand was to examine the validity of the TAPin differentiating between adolescents with and without ADHD. Method: 49 adolescents with and without ADHD were tested using the subscales Alertness, Flexibility and Go/Nogo of the TAP. Between-group-differences during the performance of these subscales were compared using T-tests. Effect sizes for mean differences were described. In a second step, the diagnostic validity of the parameters of all three subscales are explored using ROC-analyses. Results: Non-significant differences between the performances of both groups can be examined in all subscales. The largest effects can be described for the parameters of variance in reaction time. However, significant differences can only be described for one of these parameters. Results of ROC-analyses indicate low validity of TAP measures to identify adolescents with ADHD. Discussion: The results contrasted previous studies, which confirm the validity of TAP measures in differentiating children with and without ADHD. Considering the results of the paper at hand, this assumption cannot be extended to the subgroup of adolescents. Therefore, the isolated use of this neuropsychological test in diagnosing ADHD in adolescence is not recommended. (DIPF/Orig.)";"2018";"Aufsatz (Zeitschrift)";"370";"ger";"";"1869-4845";"Empirische Sonderpädagogik 10 (2018) 1, S. 85-99";"Pädagogische Teildisziplin: Sonderpädagogik; Pädagogische Psychologie";"12.10.2018";"urn:nbn:de:0111-pedocs-159625";10.25656/01:15962;"Deutsches Urheberrecht";Peer-Review;"";"https://www.pedocs.de/volltexte/2018/15962/";"https://www.pedocs.de/volltexte/2018/15962/pdf/ESP_2018_1_BoernertRingleb_et_al_Ueberpruefung_der_differentiellen_Validitaet.pdf"
"15963";"Systematisches Review von Lernverlaufsmessung im Bereich der frühen Leseflüssigkeit";"Jungjohann, Jana; Gegenfurtner, Andreas; Gebhardt, Markus";"A systematic literature review of the formative assessment of early reading fluency";"";"";"";"Originalveröffentlichung";"Sonderpädagogik; Sonderpädagogischer Förderbedarf; Diagnostik; Systematic Review; Lesen; Lesekompetenz; Lernerfolgsmessung; Primarbereich; Test; Leseunterricht; Diagnostischer Test; Lesefertigkeit; Verlaufsdiagnostik; Lernfortschritt; Entwicklungsdiagnostik; Forschungsüberblick; Testvalidität; Testverfahren";"Remedial instruction sciences; Special education for the handicapped; Special needs education; Special Educational Needs; Diagnostic; Reading competence; Outcome based education; Primary education; Primary level; Reading instruction; Diagnostic test; Reading skill; Continuos progress plan; Test validity; Test coaching";"Deutsch";"Mit Hilfe von Lernverlaufsmessungen können Lehrkräfte Schwierigkeiten im Leseerwerb identifizieren und eine passende Förderung initiieren. Die Leseflüssigkeit ist ein robuster Indikator der Lesekompetenz, für die mehrere formative Testverfahren konstruiert wurden. In diesem systematischen Review werden empirisch belegte formative Testverfahren für den Leseunterricht der ersten drei Schuljahre dargestellt und die aktuelle Entwicklung für die Schulpraxis sowie wissenschaftliche Forschung abgeleitet. Insgesamt wurden acht Testverfahren zur Leseflüssigkeit aus begutachteten nationalen und internationalen Zeitschriften  identifiziert. Die Entwicklungen, Gestalt und Evaluationen dieser Verfahren werden im Hinblick auf zukünftige Forschungsbemühungen ausgewertet, synthetisiert und diskutiert. Die Testverfahren sind überwiegend unabhängig von Testbatterien oder Förderkonzepten, als pen&paper Version verfügbar und nach klassischer Testtheorie konstruiert. Besonders die Überprüfung mittels der Item-Response-Theorie und die Messinvarianz sowie die Nutzung digitaler Versionen stehen für diese Testverfahren noch aus. (DIPF/Orig.)";"Englisch";"With the help of formative assessment instruments, teachers can identify and support children who have reading difficulties. Reading fluency is a robust indicator of reading ability in many existing formative assessments. This systematic literature review discusses different tests for the formative assessment of reading fluency in grades 1 to 3 and makes scientific recommendations for their scientific development and practical use. In total, eight formative assessments of reading fluency were identified from national and international peer reviewed journals. This review describes how these eight formative assessment instruments have been developed, how they are used, and how the test outcomes are evaluated. The aim is to offer implications for future research. These assessments are independent from existing test batteries or materials, they are administered by pen and paper, and were constructed based on classical test theory. Future research can test these assessment instruments with item-response-theory, estimate their measurement invariance, and validate computer-based test versions. (DIPF/Orig.)";"2018";"Aufsatz (Zeitschrift)";"370";"ger";"";"1869-4845";"Empirische Sonderpädagogik 10 (2018) 1, S. 100-118";"Pädagogische Teildisziplin: Pädagogik der frühen Kindheit";"12.10.2018";"urn:nbn:de:0111-pedocs-159638";10.25656/01:15963;"Deutsches Urheberrecht";Peer-Review;"";"https://www.pedocs.de/volltexte/2018/15963/";"https://www.pedocs.de/volltexte/2018/15963/pdf/ESP_2018_1_Jungjohann_Gegenfurtner_Gebhardt_Systematisches_Review.pdf"
"16001";"Suspension and students with high incidence disabilities: Implications of trends over time";"Krezmien, Michael; Camacho, Kristine";"Schulsuspendierung und Schüler mit Behinderungen: Trends über die Zeit hinweg";"";"";"";"Originalveröffentlichung";"Sonderpädagogik; Suspendierung; Schulausschluss; Staatliche Schule; Disziplinarmaßnahme; Schule; Schüler; Diskriminierung; Ethnische Gruppe; Behinderung; Studie; Maryland; USA";"Remedial instruction sciences; Special education for the handicapped; Special needs education; Suspension; State schools; Disciplinary action; School; Pupil; Pupils; Discrimination; Handicap";"Englisch";"This paper presents the findings of a study examining trends in disproportionate disciplinary suspensions of students in one state. The study utilized descriptive data analysis and logistic regression analyses to examine trends in disproportionate suspensions by race and disability categories over 12 years. We found that Maryland had substantially reduced the number of students suspended from 2004 to 2012, with reductions in the numbers of students suspended for all but three groups; the African American OHI group, the Hispanic ED group, and the Hispanic OHI group. However, we found increases in the disproportionality of suspensions for each disability category and for each of the three racial groups. Findings are discussed in terms of equitable discipline for historically marginalized learners. (DIPF/Orig.)";"Deutsch";"Dieser Artikel präsentiert die Ergebnisse einer Studie, die Trends in disproportionalen disziplinären Suspendierungen von Schüler/innen in einem US-Staat untersucht. Die Studie nutzt deskriptive Datenanalysen und logistische Regressionsanalysen, um Trends in überproportionalen Suspendierungen nach Rasse und Behinderung über 12 Jahre zu untersuchen. Wir fanden heraus, dass Maryland die Anzahl der von 2004 bis 2012 suspendierten Schüler/innen erheblich reduziert hatte, wobei die Anzahl der Schüler/innen für alle bis auf drei Gruppen zurückging; die African American OHI Gruppe, die Hispanic ED Gruppe und die Hispanic OHI Gruppe. Wir stellten jedoch fest, dass die Unverhältnismäßigkeit der Suspendierungen für jede Behinderungskategorie und für jede der drei ethnischen Gruppen anstieg. Die Ergebnisse werden im Sinn einer gerechten Behandlung für historisch marginalisierte Lernende diskutiert. (DIPF/Orig.)";"2018";"Aufsatz (Zeitschrift)";"370";"eng";"";"1869-4845; 1869-4934";"Empirische Sonderpädagogik 10 (2018) 2, S. 121-133";"Pädagogische Teildisziplin: Schulpädagogik; Sonderpädagogik";"01.11.2018";"urn:nbn:de:0111-pedocs-160017";10.25656/01:16001;"Deutsches Urheberrecht";Peer-Review;"";"https://www.pedocs.de/volltexte/2018/16001/";"https://www.pedocs.de/volltexte/2018/16001/pdf/ESP_2018_2_Krezmien_Camacho_Suspension_and_students.pdf"
"16002";"The impact of internalizing and externalizing behavior problems and other empirically relevant factors on stress perception in adolescent peer relations";"Lüdeke, Sören; Linderkamp, Friedrich";"Die Einflüsse internalisierender und externalisierender Verhaltensprobleme sowie anderer empirisch relevanter Faktoren auf Stresserleben in jugendlichen Peerbeziehungen";"";"";"";"Originalveröffentlichung";"Stress; Wahrnehmung; Jugendlicher; Beziehung; Peer Group; Internalisierung; Externalität; Verhaltensauffälligkeit; Sozialpädagogik; Peer-Beziehungen; Einflussfaktor; Jugendforschung; Explorative Studie; Empirische Untersuchung; Nordrhein-Westfalen; Deutschland";"Psychophysical stress; Stress (Psychological); Perception; Adolescent; Peer groups; Social pedagogics; Peer relationship; Youth research; Empirical study; North Rhine-Westphalia; North-Rhine Westphalia; Germany; School for the handicapped; Special needs school; Special school; Remedial instruction sciences; Special education for the handicapped; Special needs education; Influence";"Englisch";"Stress perception in romantic and friendship peer relations constitutes a typical adolescent phenomenon observed across cultures. Although internalizing and externalizing problems are associated with social interaction difficulties with peers, different behavior problems have not yet been explicitly related to stress perception in peer relations. The current study addresses the question of whether internalizing, externalizing and comorbid problem behavior is associated with stress perception in peer relations. It secondly examines empirically relevant risk factors that might moderate this assumed association. Standardized instruments are applied to a sample of 1019 adolescents, including 678 with behavior problems according to an aggregated teacher-student-rating. MANCOVAs and MLRs reveal that type of behavior problem is an important variable to explain peer stress, but that socioeconomic status (e.g., parents’ highest educational level, occupational status) explains more variance. Migration background proves to be a moderator, as well. The results are in accordance with current research on the high meaning of societal macro-level variables for the social and emotional development of youths. (DIPF/Orig.)";"Deutsch";"Stresserleben im Kontext romantischer und freundschaftlicher Peerbeziehungen stellt kulturübergreifend ein jugendtypisches Phänomen dar. Obwohl internalisierende und externalisierende Verhaltensprobleme oft mit sozialen Interaktionsproblemen in Peerbeziehungen einhergehen, wurde der Zusammenhang zwischen verschiedenen Verhaltensproblemen sowie Stresserleben in Peerbeziehungen noch nicht betrachtet. Die vorliegende Studie untersucht erstens die Fragestellung, ob internalisierende, externalisierende und komorbide Verhaltensprobleme mit dem Stresserleben in Peerbeziehungen assoziiert sind. Zweitens werden empirisch relevante Risikofaktoren in den Blick genommen, die den vermuteten Zusammenhang moderieren könnten. 1019 Jugendliche werden mit standardisierten Instrumenten untersucht, einschließlich 678 mit Verhaltensproblemen gemäß aggregiertem Rating der Jugendlichen sowie deren Lehrkräfte. MANCOVAs und MLRs zeigen, dass die Art der Verhaltensprobleme eine relevante Größe zur Erklärung des Stresserlebens in Peerbeziehungen darstellt. Aspekte des sozioökonomischen Status (z. B. der höchste Bildungsabschluss sowie der Beschäftigungsstatus der Eltern) erklären jedoch am meisten Varianz. Auch das Vorliegen eines Migrationshintergrundes nimmt moderierenden Einfluss. Die Ergebnisse stehen im Einklang mit Befunden zum hohen Stellenwert von Variablen auf der gesellschaftlichen Makroebene für die soziale und emotionale Entwicklung von Jugendlichen. (DIPF/Orig.)";"2018";"Aufsatz (Zeitschrift)";"370";"eng";"";"1869-4845; 1869-4934";"Empirische Sonderpädagogik 10 (2018) 2, S. 134-150";"Pädagogische Teildisziplin: Empirische Bildungsforschung; Sozialpädagogik";"01.11.2018";"urn:nbn:de:0111-pedocs-160024";10.25656/01:16002;"Deutsches Urheberrecht";Peer-Review;"";"https://www.pedocs.de/volltexte/2018/16002/";"https://www.pedocs.de/volltexte/2018/16002/pdf/ESP_2018_2_Luedeke_Linderkamp_The_impact_of_internalizing.pdf"
"16003";"Primary school students’ attitudes and their perceived teacher behavior towards peers with special educational needs";"Hellmich, Frank; Löper, Marwin Felix";"Einstellungen von Grundschulkindern im Zusammenhang mit ihrem wahrgenommenen Lehrkraftverhalten gegenüber Peers mit sonderpädagogischem Förderbedarf";"";"";"";"Originalveröffentlichung";"Grundschulalter; Primarbereich; Schüler; Einstellung <Psy>; Sonderpädagogischer Förderbedarf; Schüler-Schüler-Beziehung; Inklusion; Integrative Pädagogik; Peer Group; Peer-Beziehungen; Nicht Behinderter; Lehrerverhalten; Selbstwirksamkeit; Schuljahr 03; Schuljahr 04; Fragebogen; Nordrhein-Westfalen; Deutschland";"Primary education; Primary level; Pupil; Pupils; Special Educational Needs; Inclusion; Integrative education; Peer groups; Peer relationship; Learning behavior; Teacher behaviour; Teachers' behavior; Self efficacy; School year 03; School year 04; Questionnaire; North Rhine-Westphalia; North-Rhine Westphalia; Germany";"Englisch";"Primary school students’ attitudes towards peers with special educational needs (SEN) are important prerequisites for social participation in the inclusive classroom. However, determinants of these attitudes have not been identified yet. We examined N=753 primary school students’ attitudes towards peers with learning disabilities and towards peers with social or emotional disabilities. The students also provided information on their contact experiences with peers with SEN, their self-efficacy beliefs concerning their interpersonal skills, and their perceptions of their teachers’ behavior towards peers with SEN. The results indicate that the students’ attitudes towards peers with SEN are positive in general. As expected, their attitudes towards peers with social or emotional disabilities are significantly less positive than towards peers with learning disabilities. The results of a structural equation model underline that the attitudes towards peers with SEN can be explained by the students’ contact experiences, self-efficacy beliefs, and perceived teacher behavior towards peers with SEN. Effects of children’s perceptions of their teachers’ behavior in the classroom on their attitudes towards peers with learning disabilities are mediated by their self-efficacy beliefs. (DIPF/Orig.)";"Deutsch";"Einstellungen von Grundschulkindern gegenüber ihren Mitschülerinnen und Mitschülern mit sonderpädagogischem Förderbedarf werden als wichtige Voraussetzungen für die soziale Partizipation im inklusiven Unterricht betrachtet. Gegenwärtig sind Determinanten für die Einstellungen von Grundschulkindern gegenüber ihren Peers mit Förderbedarf weitgehend unklar. Vor diesem Hintergrund haben wir in unserer Studie die Einstellungen von N=753 Grundschülerinnen und -schülern gegenüber ihren Peers mit einem Förderbedarf im Bereich Lernen und in der sozial-emotionalen Entwicklung untersucht. Zusätzlich wurden die an der Untersuchung beteiligten Kinder gebeten, im Rahmen eines Fragebogens Auskunft über ihre vorhandenen Kontakte zu Kindern mit sonderpädagogischem Förderbedarf, ihre Selbstwirksamkeitsüberzeugungen in Bezug auf ihre sozialen Fähigkeiten sowie zu ihrem wahrgenommenen Lehrkraftverhalten gegenüber Peers mit Förderbedarf zu geben. Die Ergebnisse unserer Studie verdeutlichen, dass die befragten Grundschulkinder generell über positive Einstellungen gegenüber ihren Mitschülerinnen und Mitschülern mit Förderbedarfen im Lernen und in der sozial-emotionalen Entwicklung verfügen. Wie erwartet zeigt sich, dass die Einstellungen der befragten Kinder gegenüber Peers mit einem Förderbedarf im Bereich Lernen signifikant positiver ausfallen als gegenüber Peers mit einem Förderbedarf in der sozial-emotionalen Entwicklung. Die Befunde aus einem Stukturgleichungsmodell geben Hinweise darauf, dass die Einstellungen der Grundschulkinder durch ihre bisherigen Kontakte zu Peers mit Förderbedarf, ihre Selbstwirksamkeitsüberzeugungen sowie das von ihnen wahrgenommene Lehrkraftverhalten erklärt werden können. Der Effekt des wahrgenommenen Lehrkraftverhaltens auf die Einstellungen der befragten Kinder gegenüber Peers mit einem Förderbedarf im Bereich Lernen wird dabei durch ihre Selbstwirksamkeitsüberzeugungen mediiert. (DIPF/Orig.)";"2018";"Aufsatz (Zeitschrift)";"370";"eng";"";"1869-4845; 1869-4934";"Empirische Sonderpädagogik 10 (2018) 2, S. 151-166";"Pädagogische Teildisziplin: Sonderpädagogik; Pädagogik der frühen Kindheit";"01.11.2018";"urn:nbn:de:0111-pedocs-160032";10.25656/01:16003;"Deutsches Urheberrecht";Peer-Review;"";"https://www.pedocs.de/volltexte/2018/16003/";"https://www.pedocs.de/volltexte/2018/16003/pdf/ESP_2018_2_Hellmich_Loeper_Primary_school_students_attitudes.pdf"
"16004";"The relationship between educational level, students’ special needs and teachers’ attitudes towards inclusion in Germany";"Przibilla, Bodo; Krämer, Philipp; Haep, Anna; Ugurlu, Hanife E.; Linderkamp, Friedrich";"Der Zusammenhang zwischen Bildungsstufe, besonderen pädagogischen Bedürfnissen von Schülerinnen und Schülern und Einstellungen von Lehrkräften zur Inklusion in Deutschland";"";"";"";"Originalveröffentlichung";"Inklusion; Einstellung <Psy>; Lehrer; Sonderpädagogischer Förderbedarf; Schule; Integrative Schule; Förderbedarf; Bildungsniveau; Online; Umfrage; Nordrhein-Westfalen; Deutschland";"Inclusion; Teacher; Special Educational Needs; School; Inclusive education; Inclusive school; Educational level; Level of education; On line; North Rhine-Westphalia; North-Rhine Westphalia; Germany";"Englisch";"Positive attitudes of teachers are considered as key requirements for a successful implementation of inclusive education. Current inclusive education practices in Germany are grounded on structurally established educational levels within a traditional selective school system. Teachers’ attitudes towards inclusive education are associated with their experiences with inclusive settings and their experiences with students with special educational needs (SEN). Unequal distributions of students with (different types of) SEN across the educational levels suggest systematical differences in teachers’ experiences with SEN in inclusive settings. This study examined the relationships between the educational level (i.e. primary level, secondary level, and vocational level) and differences in teachers’ attitudes towards inclusive education with students of different types of SEN. 1 630 teachers in North Rhine-Westphalia completed an online-survey assessing three dimen sions of attitudes towards the inclusion of students with four different types of SEN. A MANOVA and a series of 3 × 4 mixed-design ANOVAs revealed significant effects of educational level on teach er attitudes. Results showed that the relationship between different types of SEN and teachers’ attitudes varied by educational level. Findings indicate that structural disparities within the German educational system are related to teachers’ attitudes toward inclusion and attitude differ ences toward the inclusion of students with different types of SEN. Implications for improvements in professional development and directions for future research are discussed. (DIPF/Orig.)";"Deutsch";"Positive Einstellungen von Lehrkräften werden als zentrale Voraussetzung zur erfolgreichen Implementation schulischer Inklusion angenommen. Schulische Inklusion wird in Deutschland vor dem Hintergrund strukturell etablierter Bildungsstufen innerhalb eines traditionell selektiven Schulsystem umgesetzt. Einstellungen von Lehrkräften gegenüber der schulischen Inklusion hängen mit ihren Erfahrungen in inklusiven Unterrichtssettings sowie mit ihren Erfahrungen mit Schülerinnen und Schülern (SuS) mit Förderbedarf zusammen. Die ungleiche Verteilung von SuS mit (unterschiedlichen) sonderpädagogischen Förderbedarfen über die Bildungsstufen des Schulsystems legen systematische Unterschiede in den Erfahrungen von Lehrkräften im Umgang mit sonderpädagogischem Förderbedarf im inklusiven Unterricht nahe. Die vorliegende Studie untersucht den Zusammenhang zwischen den Bildungsstufen (Primarstufe, Sekundarstufe, berufsbildende Stufe) und Einstellungsunterschieden von Lehrpersonen gegenüber der Inklusion von SuS mit unterschiedlichen Förderbedarfen. 1 630 Lehrkräfte aus Nordrhein-Westfalen beantworteten eine Online-Befragung zur Erfassung von drei Einstellungsdimensionen hinsichtlich der Inklusion von SuS mit vier Formen sonderpädagogischen Förderbedarfs. Eine MANOVA sowie eine Serie zweifaktorieller (3 × 4) ANOVAs mit Messwiederholung auf einem Faktor belegen signifikante Effekte der Bildungsstufe auf die Einstellungen der Lehrkräfte. Die Ergebnisse zeigen, dass der Zusammenhang zwischen sonderpädagogischem Förderbedarf und Einstellung in Abhängigkeit der Bildungsstufe variiert. Es ergeben sich Hinweise darauf, dass strukturelle Unterschiede innerhalb des Schulsystems mit Einstellungen von Lehrkräften zur Inklusion und Einstellungsunterschieden gegenüber der Inklusion von SuS mit unterschiedlichen Förderbedarfen zusammenhängen. Implikationen zur Verbesserung der Aus- und Weiterbildung von Lehrkräften sowie für die zukünftige Forschung werden diskutiert. (DIPF/Orig.)";"2018";"Aufsatz (Zeitschrift)";"370";"eng";"";"1869-4845; 1869-4934";"Empirische Sonderpädagogik 10 (2018) 2, S. 167-184";"Pädagogische Teildisziplin: Schulpädagogik; Sonderpädagogik";"01.11.2018";"urn:nbn:de:0111-pedocs-160043";10.25656/01:16004;"Deutsches Urheberrecht";Peer-Review;"";"https://www.pedocs.de/volltexte/2018/16004/";"https://www.pedocs.de/volltexte/2018/16004/pdf/ESP_2018_2_Przibilla_et_al_The_relationship_between_educational_level.pdf"
"16005";"Multi-professional and mono-professional collaboration and their association with teacher trainee’s attitudes towards concepts of inclusive education";"Ritter, Roswitha; Wehner, Antje; Lohaus, Gertrud; Krämer, Philipp";"Multi-professionelle und mono-professionelle Zusammenarbeit und ihre Verbindung zu den Einstellungen von Lehramtstudierenden zu Konzepten von schulischer Inklusion";"";"";"";"Originalveröffentlichung";"Inklusion; Schule; Integrative Schule; Lehrer; Einstellung <Psy>; Reflexion <Phil>; Sonderpädagogik; Co-Teaching; Lehrerausbildung; Lehramtsstudent; Interdisziplinäre Zusammenarbeit; Hochschulseminar; Wuppertal; Nordrhein-Westfalen; Deutschland";"Inclusion; School; Inclusive education; Inclusive school; Teacher; Remedial instruction sciences; Special education for the handicapped; Special needs education; Teacher education; Teacher training; Student teachers; North Rhine-Westphalia; North-Rhine Westphalia; Germany";"Englisch";"The ratification of the UN Disability Rights Convention in Germany constitutes a new challenge for schools and teachers. In response, in 2015, the Conference of Education Ministers mandated that inclusion must be a topic within the first phase of teacher training. Many research studies emphasize the importance of professional collaboration for successful inclusive education at schools. Collaboration skills, however, must already have been taught in the first phase of teacher training. At the University of Wuppertal, Germany, a seminar-design was developed to offer teacher trainees the opportunity to gain knowledge about, and experience in, inclusive education and practice collaboration skills at the same time. The seminar comprises three parts: (1) academic course work at the university; (2) a practical phase at secondary schools around the city; and (3) a phase of reflection at the end. Teacher trainees work in either multi-professional tandems consisting of one teacher trainee for general education (GE), one teacher trainee for special educational needs (SEN), or in mono-professional tandems consisting of two teacher trainees for GE or two teacher trainees for SEN. A mixed-method approach is carried out to assess the association of mono-, as compared to multi-, professional collaboration with teacher trainees’ attitudes towards, and concepts of, inclusive education. Analysis is performed at three different testing times during the course of the seminar, thus enabling analysis of both the effect of academic course work and practical experience. Attitudes towards, and concepts of, inclusive education are anticipated to be predictors of classroom behavior and professional knowledge and behavior. It is also expected that interdisciplinary exchange in multi-professional tandems will be associated with higher professional knowledge. (DIPF/Orig.)";"Deutsch";"Die Ratifizierung der UN-Behindertenrechtskonvention in Deutschland stellt eine neue Herausforderung für Schulen und Lehrer*innen dar. Daher beschloss die Hochschulrektorenkonferenz (HRK) im Jahr 2015, dass die Vorbereitung auf die schulische Inklusion bereits in der ersten Phase der Lehrer*innenbildung enthalten sein soll. In einer Reihe von wissenschaftlichen Studien wird die Bedeutung der professionellen Zusammenarbeit für eine erfolgreiche schulische Inklusion immer wieder betont. Dabei sollten die Kooperationskompetenzen der künftigen Lehrer*innen vorzugsweise schon in der ersten Phase der Lehrer*innenbildung trainiert und eingeübt werden. An der Bergischen Universität in Wuppertal wurde ein Seminarkonzept entwickelt, das den Lehramtsstudierenden die Möglichkeit bietet, Kenntnisse über und Erfahrungen im inklusiven Unterricht zu erlangen und gleichzeitig die Kooperationskompetenzen zu trainieren. Das Seminar besteht aus drei Phasen: i) einer universitären Phase, ii) einer praktischen Phase in einer Schule der Sekundarstufe I im Stadtgebiet und iii) einer Reflexionsphase. Die Lehramtsstudierenden arbeiten entweder in einem multi-professionellen Team bestehend aus einem Lehramtsstudierenden für die Regelschulpädagogik (RePä) und einem Lehramtsstudierenden für die Sonderpädagogik (SoPä), oder in einem mono-professionellen Team bestehend aus zwei Lehramtsstudierenden der RePä oder zwei Lehramtsstudierenden der SoPä. Die Auswirkung von multi-professioneller Kooperation auf die Einstellung der Lehramtsstudierenden zu und deren Konzepte von schulischer Inklusion wird mithilfe eines Mixed-Method-Ansatzes analysiert und verglichen mit der entsprechenden Auswirkung einer mono-professionellen Kooperation. Die Datenerhebung findet zu drei Messzeitpunkten im Laufe des Seminars statt, um sowohl den Effekt der universitären Phase als auch den Effekt der praktischen Erfahrung in den Schulen zu untersuchen. Sowohl die Einstellung zu als auch die Konzepte von schulischer Inklusion gelten als Prädiktoren für das Professionswissen und das Lehrerhandeln. Es wird erwartet, dass der interdisziplinäre Austausch in den multi-professionellen Teams zu einer positiveren Einstellung und einem höheren Professionswissen führt. (DIPF/Orig.)";"2018";"Aufsatz (Zeitschrift)";"370";"eng";"";"1869-4845; 1869-4934";"Empirische Sonderpädagogik 10 (2018) 2, S. 185-203";"Pädagogische Teildisziplin: Sonderpädagogik; Hochschulforschung und Hochschuldidaktik";"01.11.2018";"urn:nbn:de:0111-pedocs-160050";10.25656/01:16005;"Deutsches Urheberrecht";Peer-Review;"";"https://www.pedocs.de/volltexte/2018/16005/";"https://www.pedocs.de/volltexte/2018/16005/pdf/ESP_2018_2_Ritter_et_al_Multi-professional_and_mono-professional_collaboration.pdf"
"12591";"Aktuelle Motivation im integrativen Unterricht. Ein mehrebenenanalytischer Vergleich von Lernenden mit und ohne Schulleistungsschwäche";"Tarnutzer, Rupert";"Situational motivation in inclusive classes. A multilevel comparison of early adolescent students with and without achievement difficulties";"";"";"";"Originalveröffentlichung";"Motivation; Interesse; Jugendlicher; Schülerleistung; Test; Leistungsschwäche; Integrative Beschulung; Motivationspsychologie; Modell; Verhaltensauffälligkeit; Deutschunterricht; Mathematikunterricht; Vergleich; Empirische Untersuchung; Mehrebenenanalyse; Deutsche Schweiz";"Adolescent; Pupil achievement; Student achievement; Performance deficiency; Underachievement; German language teaching; Teaching of German; Mathematics lessons; Teaching of mathematics; Empirical study; Hierarchical Linear Modelling; Multi-level analysis";"Deutsch";"Die Studie vergleicht die aktuelle Motivation frühadoleszenter Lernender mit und ohne Schulleistungsschwäche (SLS) im integrativen Unterricht. Zwei Mehrebenenmodelle werden gebildet, mit Flow-Erleben (motivational) und aktueller Anstrengung (volitional) als abhängigen Variablen sowie subjektiv eingeschätzter Aufgabenschwierigkeit und -bedeutsamkeit auf der Situationsebene, Zielorientierungen und individuellen Fachinteressen auf der Personebene als erklärende Kontextbedingungen. Mittels Experience Sampling Method werden Zeitstichproben der Situationsvariablen (N = 7201) von Lernenden (N = 712, M = 12.2 Jahre) erhoben. Die Befunde zeigen bei SLS leicht höhere Durchschnittswerte bezogen auf Flow-Erleben und aktuelle Anstrengung. In beiden Modellen zeigen sich bei SLS weniger Varianz und tiefere Werte der Modellanpassung bezüglich der Situationsvariablen. Annäherungs- und Vermeidungs-Leistungsziele erweisen sich nur bei SLS als signifikante Prädiktoren der aktuellen Motivation. (DIPF/Orig.)";"Englisch";"The study compares the situational motivation of early adolescent students with and without achievement difficulties (AD) in inclusive classes. Two multilevel-models are build, with flow-experience (motivational) and situational effort (volitional) as depending variables, subjective task difficulty and task valence on a situational level as well as goal orientations and task interest on the personal level as explaining antecendents. By means of experience sampling method time samples (N = 7201) of students (N = 712, M = 12.2 years) were investigated. The findings show slightly higher flow-experience and situational effort as well as distinct higher avoidance motivation for students with AD. In both models, students with AD show lesser variance and lower model fit regarding the variables on the situational level. Approach and avoidance achievement goals are significant predictors only for students with AD. (DIPF/Orig.)";"2016";"Aufsatz (Zeitschrift)";"370";"ger";"";"1869-4845";"Empirische Sonderpädagogik 8 (2016) 3, S. 207-224";"Pädagogische Teildisziplin: Empirische Bildungsforschung; Sonderpädagogik";"01.12.2016";"urn:nbn:de:0111-pedocs-125915";10.25656/01:12591;"Deutsches Urheberrecht";Peer-Review;"";"https://www.pedocs.de/volltexte/2016/12591/";"https://www.pedocs.de/volltexte/2016/12591/pdf/ESP_2016_3_Tarnutzer_Aktuelle_Motivation_im_integrativen_Unterricht.pdf"
"12592";"Effekte von Einstellungen und subjektiven Erwartungen von Lehrkräften: Die Theorie des geplanten Verhaltens im Rahmen schulischer Inklusion";"Lübke, Laura; Meyer, Julia; Christiansen, Hanna";"Effects of teachers‘ attitudes and expectations: The theory of planned behavior within the framework of inclusive education";"";"";"";"Originalveröffentlichung";"Inklusion; Grundschule; Lehrer; Einstellung <Psy>; Wirkung; Integrative Beschulung; Verhaltenstheorie; Schüler; Sonderpädagogischer Förderbedarf; Einflussfaktor; Selbstwirksamkeit; Erwartung; Umfrage; Empirische Untersuchung; Niedersachsen; Hessen; Deutschland";"Inclusion; Elementary School; Primary school; Primary school lower level; Teacher; Pupil; Pupils; Special Educational Needs; Self efficacy; Expectancy; Empirical study; Lower Saxony; Germany";"Deutsch";"Auf Grundlage der Theorie des geplanten Verhaltens (Ajzen, 1985) wurden Einstellungen, Selbstwirksamkeitserwartungen und die Subjektive Norm von 50 Grundschullehrkräften bezüglich der Inklusion von Kindern mit sonderpädagogischem Förderbedarf im Bereich des Lernens sowie der emotionalen und sozialen Entwicklung (ESE) erfasst und hinsichtlich ihrer Vorhersagekraft für die Bereitschaft, differenzierende Unterrichtsstrategien anzuwenden, untersucht. Als signifikante Prädiktoren der Intention stellten sich Selbstwirksamkeitserwartungen bzgl. einer inklusiven Unterrichtsgestaltung sowie Facetten der Einstellungen heraus. Die Einstellungen bezüglich des Förderschwerpunktes ESE fielen signifikant negativer aus als zum Förderschwerpunkt Lernen. Die Ergebnisse werden im Rahmen der aktuellen Forschungslage hinsichtlich ihrer praktischen Bedeutung diskutiert. (DIPF/Orig.)";"Englisch";"The Theory of Planned Behavoir (Ajzen, 1985) was used to examine if the intention of primary school teachers (N=50) to use differentiated instruction strategies is predicted by their attitudes towards the inclusion of students with special educational needs (SEN), their self-efficacy towards working in mainstream classrooms and the social pressure they feel. Parts of the teachers' self-efficacy and attitudes were found to be predictive for the intention. Furthermore, the attitudes towards the inclusion of students with behavior difficulties were significantly more negative than those for the inclusion of students with learning difficulties. Conclusions are drawn for further research and practical impact. (DIPF/Orig.)";"2016";"Aufsatz (Zeitschrift)";"370";"ger";"";"1869-4845";"Empirische Sonderpädagogik 8 (2016) 3, S. 225-238";"Pädagogische Teildisziplin: Empirische Bildungsforschung; Sonderpädagogik";"01.12.2016";"urn:nbn:de:0111-pedocs-125923";10.25656/01:12592;"Deutsches Urheberrecht";Peer-Review;"";"https://www.pedocs.de/volltexte/2016/12592/";"https://www.pedocs.de/volltexte/2016/12592/pdf/ESP_2016_3_Luebke_Meyer_Christiansen_Effekte_von_Einstellungen.pdf"
"12593";"Stepping Stones Triple P - die Berücksichtigung der besonderen Lage der Geschwister von Kindern mit Behinderung innerhalb des Programms";"Kuschel, Annett; Raichle, Ariane; Thomas, Lisa; Friesen, Sabine; Hirsch, Frederike; Herrlein, Jannah";"Stepping Stones Triple P - taking into account the particular situation of the siblings of children with disabilities within the program";"";"";"";"Originalveröffentlichung";"Kind; Behinderung; Entwicklungsstörung; Geschwister; Erziehungsprogramm; Verhaltensauffälligkeit; Intervention; Eltern; Elterntraining; Gruppentraining; Trainer; Ausbildung; Wirkung; Förderprogramm; Wirksamkeit; Wirkungsforschung; Expertenbefragung; Inhaltsanalyse; Empirische Untersuchung; Deutschland";"Child; Handicap; Developmental disabilities; Sibling; Parents; Parents training; Coach; Vocational training; Remedial Programs; Tutorial programs; Impact research; Survey among experts; Content analysis; Empirical study; Germany";"Deutsch";"Im Rahmen eines Projektstudiums wurde untersucht, inwiefern die besondere Lage von Geschwistern von Kindern mit Behinderung im Erziehungsprogramm Stepping Stones Triple P Erwähnung findet. Ausgangspunkt sind die Ergebnisse von Hampel, Schaadt et al. (2010), die die Wirksamkeit des Programms bestätigen, jedoch eine anhaltende Geschwisterbelastung feststellen. Mit Hilfe einer Methodentriangulation (quantitative Befragung, qualitative Inhaltsanalyse, Experteninterviews) wird der Ist-Zustand der Berücksichtigung der Geschwisterthematik erhoben. Die Ergebnisse zeigen, dass Unterstützungsmöglichkeiten für den Umgang mit der Lage der Geschwisterkinder weder in der Trainer-Ausbildung, in den Programmmaterialien noch in den Gruppensitzungen explizit Erwähnung finden. Trotz des Anspruchs des Programms familien- sowie ganzheitlich orientiert zu sein, liegt der Fokus eindeutig auf dem Kind mit Behinderung. Abschließend werden die Ergebnisse reflektiert und Implikationen für die Versorgung diskutiert. (DIPF/Orig.)";"Englisch";"In the context of a research project it was examined, to which extent the specific situation of siblings of children with disability is considered within the parenting program Stepping Stones Triple P. The starting point are the results of Hampel, Schaadt et al. (2010) which confirms the program effectiveness but also determines that siblings are exposed to stress constantly. By means of a methodological triangulation (quantitative survey, qualitative content analysis, and expert interviews) the current status of the consideration of siblings within the parenting program gets investigated. The results show that possibilities of support or suggestions for the handling the specific situation of siblings of children with disabilities are not explicitly mentioned neither in the trainer’s education nor in the program’s material or in the group sessions. Despite the aims of the program of being family centered and holistically oriented the main focus is laid on the children with disability. Finally the results are reflected and implications for the care are discussed. (DIPF/Orig.)";"2016";"Aufsatz (Zeitschrift)";"370";"ger";"";"1869-4845";"Empirische Sonderpädagogik 8 (2016) 3, S. 239-261";"Pädagogische Teildisziplin: Empirische Bildungsforschung; Sonderpädagogik";"01.12.2016";"urn:nbn:de:0111-pedocs-125931";10.25656/01:12593;"Deutsches Urheberrecht";Peer-Review;"";"https://www.pedocs.de/volltexte/2016/12593/";"https://www.pedocs.de/volltexte/2016/12593/pdf/ESP_2016_3_Kuschel_et_al_Stepping_stones.pdf"
"12594";"Moralische Urteilsfähigkeit bei Schülerinnen und Schülern an Förderschulen mit dem Schwerpunkt Lernen und Haupt- und Realschulen. Eine empirische Vergleichsstudie";"Käter, Carolina; Melzer, Conny; Hillenbrand, Clemens";"Moral judgment competencies of students at general and special education schools – a comparative study";"";"";"";"Originalveröffentlichung";"Moralische Entwicklung; Urteilsfähigkeit; Schüler; Sonderschule; Hauptschule; Realschule; Affektive Entwicklung; Lernschwierigkeit; Kognition; Forschungsstand; Fragebogenerhebung; Vergleichsuntersuchung; Empirische Untersuchung; Niedersachsen; Deutschland";"Moral development; Pupil; Pupils; School for the handicapped; Special needs school; Special school; German non-academic secondary school; Intermediate school; Affective development; Learning Difficulties; Learning Difficulty; Learning disorder; Cognition; Questionnaire survey; Empirical study; Lower Saxony; Germany; Cognitive development; Morals";"Deutsch";"Kognitive, emotionale und soziobiografische Aspekte nehmen Einfluss auf das moralische Urteilsvermögen. Schülerinnen und Schüler an Schulen mit dem Förderschwerpunkt Lernen besitzen dahingehend jedoch eine risikobehaftete Ausgangssituation, da sie neben Problemen im Bereich des Lernens Komorbiditäten im Bereich des Verhaltens aufweisen können und zudem oftmals einer sozioökonomischen Benachteiligung unterliegen. Bisher gibt es kaum Studien, die die moralische Urteilskompetenz bei dieser Gruppe von Schülerinnen und Schülern untersuchen. Die vorliegende Studie geht der Frage nach, ob bei Jugendlichen aus Förderschulen mit dem Schwerpunkt Lernen von einem relativ wenig differenziertem moralischen Urteilsvermögen auszugehen ist. Im Rahmen einer Einmalerhebung im prospektiven ex-post-facto-Design wird die moralische Urteilskompetenz von Schülerinnen und Schülern an Förderschulen mit dem Schwerpunkt Lernen sowie von Schülerinnen und Schülern an Haupt- und Realschulen in Niedersachsen (N=315) erhoben. Die Ergebnisse zeigen, im Gegensatz zu den aus den theoretischen Überlegungen abgeleiteten Annahmen, keine signifikanten Unterschiede in der moralischen Urteilskompetenz zwischen den Gruppen. Diskutiert werden die Ergebnisse hinsichtlich divergierender Ansätze in der theoretischen Fundierung und der Operationalisierung der Messung. Dabei stellen vor allem die Güte und die Aussagekraft des Erhebungsinstruments limitierende Faktoren dar. (DIPF/Orig.)";"Englisch";"Individuals’ moral judgements are influenced by emotional, cognitive and socio-biographic aspects. On these grounds, students attending special schools for slow learners face special challenges due to limited cognitive competencies and comorbidities between learning and behavioural difficulties. Very few studies focus on these students to specifically examine their moral judgment competencies. Hence, this study aims at investigating the moral judgment competencies between students in special schools and those in regular schools. In a prospective ex-post-facto-Design, 315 seventh graders out of special schools for learning disabilities (Förderschule Schwerpunkt Lernen) or two types of regular schools (Haupt- und Realschule) in Lower Saxony (Germany) participated. They were tested with the „Moral Judgment Test for Primary School“. Contrary to the presumed hypothesis, no significant differences between students at special or regular schools could be found in moral judgment competencies. Subsequently, divergent theories supporting the hypothesis and the operationalization of the study are discussed. The results of this study are limited by the quality as well as relevance of the test instrument. (DIPF/Orig.)";"2016";"Aufsatz (Zeitschrift)";"370";"ger";"";"1869-4845";"Empirische Sonderpädagogik 8 (2016) 3, S. 262-278";"Pädagogische Teildisziplin: Empirische Bildungsforschung; Sonderpädagogik";"01.12.2016";"urn:nbn:de:0111-pedocs-125941";10.25656/01:12594;"Deutsches Urheberrecht";Peer-Review;"";"https://www.pedocs.de/volltexte/2016/12594/";"https://www.pedocs.de/volltexte/2016/12594/pdf/ESP_2016_3_Kaeter_Melzer_Hillenbrand_Moralische_Urteilsfaehigkeit.pdf"
"12595";"Validierung einer deutschen Version der “Culturally Responsive Classroom Management Self-Efficacy Scale'";"Civitillo, Sauro; Juang, Linda; Schachner, Maja; Börnert, Moritz";"Validation of a German version of the “Culturally Responsive Classroom Management Self-Efficacy Scale”";"";"";"";"Originalveröffentlichung";"Kulturvielfalt; Schulklasse; Klassenmanagement; Klassenführung; Selbstwirksamkeit; Erhebungsinstrument; Validität; Kooperatives Lernen; Adaptiver Unterricht; Lehrer; Lehramtsstudent; Überzeugung; Stress; Faktorenanalyse; Explorative Studie; Deutschland";"School class; Classroom techniques; Self efficacy; Mail surveys; Cooperative learning; Teacher; Student teachers; Psychophysical stress; Stress (Psychological); Factor analysis; Germany";"Deutsch";"Die Culturally Responsive Classroom Management Self-Efficacy Scale (CRCMSES; Siwatu, Putman, Starker-Glass & Lewis, 2015) stellt ein neues Instrument zur Erfassung der Selbstwirksamkeit hinsichtlich kultursensiblen Classroom Managements von Lehrkräften dar. Die vorliegende Studie hat zum Ziel, die eindimensionale Struktur einer für den deutschsprachigen Raum adaptierten Version des CRCMSES mit Hilfe von explorativen und konfirmatorischen Faktorenanalysen zu bestätigen. Dazu wurde das Instrument von 504 Lehramtsstudierenden aus zwei Universitäten in Deutschland beantwortet. Die Ergebnisse zeigen, dass sich die Adaptation der CRCMSES gut im deutschsprachigen Kontext replizieren lässt. Gleichzeitig zeigt sich im Vergleich zur Einfaktorenstruktur der Originalversion des Fragebogens ein besserer Modellfit einer Zweifaktorenstruktur (Faktor 1: Anpassungen von Unterricht und Beziehungen; Faktor 2: Kooperatives Lernen). Deutlich werden zudem negative Zusammenhänge zwischen den beiden identifizierten Subskalen und empfundenem Stress in Zusammenhang mit kultureller Vielfalt. Die Ergebnisse bestätigen gute psychometrischen Eigenschaften der für den deutschen Kontext adaptierten Version des CRCMSES. (DIPF/Orig.)";"Englisch";"The Culturally Responsive Classroom Management Self-Efficacy Scale (CRCMSES; Siwatu, Putman, Starker-Glass, & Lewis, 2015) was developed to assess teacher self-efficacy in using culturally responsive classroom management skills. The present study aims at verifying the dimensional structure of the CRCMSES with exploratory and confirmatory factor analyses in a sample of 504 pre-service teachers in two German universities. Results indicated that the German version of the CRCMSES replicates well in this cultural context, with an overall two-factor structure (I, instructional and relational adaptations; II, cooperative learning arrangements) showing a better fit compared to a one-factor solution of the original scale. Moreover, the two subscales showed the expected negative correlations with a measure of cultural diversity-related stress. These results support the good psychometric properties of the German version of the CRCMSES. (DIPF/Orig.)";"2016";"Aufsatz (Zeitschrift)";"370";"ger";"";"1869-4845";"Empirische Sonderpädagogik 8 (2016) 3, S. 279-288";"Pädagogische Teildisziplin: Empirische Bildungsforschung; Pädagogische Psychologie";"01.12.2016";"urn:nbn:de:0111-pedocs-125950";10.25656/01:12595;"Deutsches Urheberrecht";Peer-Review;"";"https://www.pedocs.de/volltexte/2016/12595/";"https://www.pedocs.de/volltexte/2016/12595/pdf/ESP_2016_3_Civitillo_Validierung_einer_deutschen_Version.pdf"
"12607";"Entwicklung eines Verfahrens zur Messung des inklusionsspezifischen Selbstwirksamkeitserlebens im schulischen Kontext";"Wilbert, Jürgen; Urton, Karolina; Grubert, Jana";"Development of a questionnaire for measuring self-efficacy in the context of inclusive education";"";"";"";"Originalveröffentlichung";"Lehramtsstudent; Inklusion; Erwartung; Selbstwirksamkeit; Erhebungsinstrument; Messverfahren; Konzeption; Validität; Reliabilität; Schüler; Behinderung; Diagnostik; Förderung; Fragebogenerhebung; Itemanalyse; Faktorenanalyse; Empirische Untersuchung; Deutschland";"Student teachers; Inclusion; Expectancy; Self efficacy; Mail surveys; Measurement procedure; Conception; Reliability; Pupil; Pupils; Handicap; Diagnostic; Questionnaire survey; Item analysis; Factor analysis; Empirical study";"Deutsch";"Der vorliegende Beitrag stellt ein neu entwickeltes Fragebogeninstrument zur differenziellen Messung unterschiedlicher Aspekte der Selbstwirksamkeit von Lehrkräften im inklusiven Unterricht vor. Hierzu wird eine Differenzierung in die Bereiche Unterrichten (vier Skalen), Diagnostik (zwei Skalen), Förderung (zwei Skalen), Classroom Management (zwei Skalen) und Beratung (drei Skalen) vorgenommen. Die faktorielle Validität und die Reliabilität des Instruments werden anhand der Date einer Stichprobe von 562 Lehramtsstudierenden aus Köln und Potsdam überprüft. Die Skala erwies sich als reliabel und konstruktvalide. Die Unterteilung des Classroom Managements in zwei Subskalen sowie die Beratung in drei Subskalen lässt sich nicht mit vorliegenden Daten stützen. Hier sollten in einer revidierten Fassung zusätzliche Items ergänzt werden. (DIPF/Orig.)";"Englisch";"The paper introduces a newly developed set of questionnaires for measuring different aspect of self-efficacy of teachers working in inclusive classrooms. The areas teaching (four subscales), diagnostics (two subscales), remediation (two subscales), classroom-management (two subscales), and counseling (three subscales) are addressed. Factorial validity and reliability of the instrument are analyzed based on a sample of 562 students studying teacher education in Potsdam and Cologne, Germany. Reliability and construct validity of the scale could be corroborated. Although, the separation of classroom-management into two components and counseling into three was not supported by the data. These subscales should be extended with further items in a revised version. (DIPF/Orig.)";"2016";"Aufsatz (Zeitschrift)";"370";"ger";"";"1869-4845";"Empirische Sonderpädagogik 8 (2016) 3, S. 289-302";"Pädagogische Teildisziplin: Empirische Bildungsforschung; Sonderpädagogik";"02.12.2016";"urn:nbn:de:0111-pedocs-126076";10.25656/01:12607;"Deutsches Urheberrecht";Peer-Review;"";"https://www.pedocs.de/volltexte/2016/12607/";"https://www.pedocs.de/volltexte/2016/12607/pdf/ESP_2016_3_Wilbert_Urton_Grubert_Entwicklung_eines_Verfahrens.pdf"
"18334";"Rezeptive Wortschatzleistungen in der Grundschule. Unterschiede zwischen Kindern mit Deutsch als Erst- oder Zweitsprache";"Seifert, Susanne; Paleczek, Lisa; Gasteiger-Klicpera, Barbara";"Receptive vocabulary in primary school. Differences between children with German as a first or second language";"";"";"";"Originalveröffentlichung";"Sonderpädagogik; Empirische Forschung; Wortschatz; Primarbereich; Erstsprache; Deutsch als Zweitsprache; Muttersprache; Lesekompetenz; Lesefertigkeit; Migrationshintergrund; Inklusion; Sprachförderung; Sprachstandsforschung; Sprachentwicklung; Wortschatzanalyse; Leseverstehen; Fragebogenerhebung; Schuljahr 01; Schuljahr 02; Schuljahr 03; Herkunftsland; Test; Lesetest; Österreich";"Remedial instruction sciences; Special education for the handicapped; Special needs education; Empirical research; Vocabulary; Primary education; Primary level; German as second language; Reading competence; Reading skill; Immigrant background; Migration background; Inclusion; Language development; Word study skills; Reading comprehension; Questionnaire survey; School year 01; School year 02; School year 03; Country of origin; Reading tests; Austria; German language";"Deutsch";"Das Ziel der vorliegenden Untersuchung bestand darin, Unterschiede im rezeptiven Wortschatz zwischen Kindern mit Deutsch als Erst- und Zweitsprache zu identifizieren und Zusammenhänge mit den Lesefertigkeiten zu verdeutlichen. Untersucht werden die rezeptiven Wortschatz- und Lesefähigkeiten von insgesamt 2398 in Österreich lebenden Kindern (erste bis dritte Klassenstufe) mit Deutsch als Erst- (L1 Deutsch, 66.18%) und Zweitsprache (L2 Deutsch, 33.82%), wobei für die Datenerhebung ein neu entwickeltes Testverfahren verwendet wurde. Unterschiede im Wortschatz zwischen Kindern mit L2 Deutsch werden in Hinblick auf das Geburtsland sowie die häufigsten Sprachgruppen näher beleuchtet. Schließlich werden die Zusammenhänge zwischen Wortschatz- und Lesefähigkeiten bei Kinder mit L1 und L2 Deutsch untersucht. Kinder mit L1 Deutsch zeigten bessere Leistungen als Kindern mit L2 Deutsch im rezeptiven Wortschatz. Zudem verfügten Kinder mit L2 Deutsch, die in Österreich geboren wurden, über bessere Leistungen im rezeptiven Wortschatz als jene, die in einem anderen Land geboren wurden. Kinder mit türkischer Erstsprache wiesen geringere rezeptive Wortschatzfähigkeiten auf als Kinder anderer Sprachgruppen (Albanisch, Arabisch, Bosnisch, Kroatisch und Rumänisch). Die Stärke des Zusammenhangs zwischen Wortschatz und Lesefähigkeiten (insbesondere Leseverständnis) war bei Kindern mit L2 Deutsch größer als bei Kindern mit L1 Deutsch. Bei Kindern mit L2 Deutsch zeigte sich dieser Zusammenhang bereits in der ersten Klasse, wohingegen bei Kindern mit L1 Deutsch die Stärke des Zusammenhangs mit den Klassenstufen stieg. Implikationen der Ergebnisse in Hinblick auf inklusionspädagogische Anpassungen im Leseunterricht werden diskutiert. (DIPF/Orig.)";"Englisch";"The aim of the present study was to identify differences in the receptive vocabulary between children with German as their first and second language and to identify correlations with reading skills. Receptive vocabulary skills of 2398 students with German as a second language (L2 learners, 33.82%) are compared to the skills of their peers with German as their first language (L1 learners, 66.18%) in Grades 1 to 3. For data collection a newly constructed test was used. The data for the present study was collected during standardization processes. The results of L2 learners are investigated in more detail with regard to the country of birth and the most common language groups. In addition, the correlation between vocabulary and reading skills in L1 and L2 learners is examined. L1 learners scored higher in a vocabulary test than L2 learners. Moreover, L2 learners born in Austria showed better receptive vocabulary knowledge than those born in another country. Children with Turkish as their L1 had less receptive vocabulary than children of other language groups (Albanian, Arabic, Bosnian, Croatian, and Romanian). The correlation between vocabulary and reading skills (especially reading comprehension) was higher for L2 learners than for L1 learners. In L2 learners, this high correlation was already evident in Grade 1, whereas in L1 learners, the correlation increased with Grade. The results are discussed with regard to inclusive pedagogical adjustments in reading lessons. (DIPF/Orig.)";"2019";"Aufsatz (Zeitschrift)";"370";"ger";"";"1869-4845";"Empirische Sonderpädagogik 11 (2019) 4, S. 259-278";"Pädagogische Teildisziplin: Fachdidaktik/Sprache und Literatur; Bildungssoziologie";"17.01.2020";"urn:nbn:de:0111-pedocs-183345";10.25656/01:18334;"Deutsches Urheberrecht";Peer-Review;"";"https://www.pedocs.de/volltexte/2020/18334/";"https://www.pedocs.de/volltexte/2020/18334/pdf/ESP_2019_4_Seifert_et_al_Rezeptive_Wortschatzleistungen_in_der_Grundschule.pdf"
"18335";"Unter der Norm - Kompetenz und Diagnostik in IGLU 2016";"Hußmann, Anke; Schurig, Michael";"Below the norm – competence and diagnosis in PIRLS Germany 2016";"";"";"";"Originalveröffentlichung";"Empirische Forschung; Leistungsmessung; Sonderpädagogischer Förderbedarf; Sonderpädagogik; IGLU <Internationale Grundschul-Lese-Untersuchung>; Lesekompetenz; Leseleistung; Inklusion; Diagnostik; Lese-Rechtschreib-Schwäche; Schuljahr 04; Primarbereich; Standardabweichung; Empirische Untersuchung; Stichprobe";"Empirical research; Achievement measurement; Performance measurement; Special Educational Needs; Remedial instruction sciences; Special education for the handicapped; Special needs education; Reading competence; Reading Achievement; Inclusion; Diagnostic; Dyslexia; Legasthenia; Writing-reading weakness; School year 04; Primary education; Primary level; Empirical study";"Deutsch";"Large-Scale Assessments (LSA) sind fester Bestandteil der ‚Gesamtstrategie zum Bildungsmonitoring‘ des deutschen Bildungssystems. Hinsichtlich der Berücksichtigung von Schülerinnen und Schülern mit und ohne sonderpädagogischen Förderbedarf (SPF) stellt sich jedoch die Frage, inwieweit ihre Leistungen in LSA erfasst und interpretiert werden können. Der vorliegende Beitrag diskutiert am Beispiel der Internationalen Grundschul-Lese-Untersuchung (IGLU 2016; Hußmann, Wendt, Bos et al., 2017) und damit für den Kompetenzbereich Lesen diesbezügliche Grenzen und Möglichkeiten für Schülerinnen und Schüler am Ende der vierten Jahrgangsstufe. Im Fokus stehen schwache Leseleistungen, d.h. Leistungen, die im IGLU-Kompetenzstufenmodell als ? Kompetenzstufe III zu bezeichnen sind und damit ‚unter der Norm’ liegen. ‚Unter der Norm’, weil seitens des Sekretariats der Kultusministerkonferenz (KMK) Leseleistungen ab Kompetenzstufe III als Regelstandard gelten (KMK, 2011a), niedrigere Leistungen entsprechend jenseits dieses Regelstandards bzw. dieser Norm liegen. Deskriptive Befunde zeigen, dass die Leseleistungen von Schülerinnen und Schülern mit SPF im Mittel am Ende der vierten Jahrgangsstufe orientiert am IGLU-Kompetenzstufenmodell meist nur die Kompetenzstufe III oder weniger erreichen. In Rückgriff auf Daten des Leseverständnistests für Erst- bis Siebtklässler, Version II (ELFE II; Lenhard, Lenhard & Schneider, 2017), der mit den Untertests auf Wort- und Satzebene ergänzend in IGLU 2016 eingesetzt wurde, zeigt sich, dass eine Orientierung der Leseleistungen von Schülerinnen und Schülern mit SPF am bestehenden IGLU-Kompetenzstufenmodell möglich scheint. Die Zuordnung zu den Kompetenzstufen ist dann aber inhaltlich stärker zu differenzieren. (DIPF/Orig.)";"Englisch";"Large Scale Assessments are an integral part of the “Strategy on educational Monitoring” of the German educational system. However, particularly considering students with and without special education needs (SEN), the question arises whether or rather to which degree student achievements can be assessed and reasonably interpreted at all. The paper at hand discusses the respective possibilities and limits for students at the end of 4th grade in reference to reading competence, based on PIRLS data for Germany (IGLU 2016; Hußmann, Wendt, Bos et al., 2017). The analysis focuses on low reading performance, i.e. those students which are classified as below Proficiency Level III. These proficiencies are regarded as ‘below standard’. The determination ‘below standard’ results from the definition of Competence Level III by the Secretary of the German Kultusministerkonferenz (KMK). The German KMK has defined Competence Level III as the overall reference level; lower proficiencies accordingly lie beyond this rule or norm. Descriptive findings indicate that average students with SEN rarely reach the PIRLS Competence Level III or above at the end of 4th grade. A diagnostic test in reading comprehension (ELFE II; Lenhard, Lenhard & Schneider, 2017) that was employed supplementing PIRLS 2016 in Germany for the first time, including subtests on the level of wording and sentence structure, revealed that it is at least possible to use reading performance as a reference. However, the critical analysis of the data in question reveals the need for further differentiation of the Competence Levels. (DIPF/Orig.)";"2019";"Aufsatz (Zeitschrift)";"370";"ger";"";"1869-4845";"Empirische Sonderpädagogik 11 (2019) 4, S. 279-293";"Pädagogische Teildisziplin: Empirische Bildungsforschung; Sonderpädagogik";"17.01.2020";"urn:nbn:de:0111-pedocs-183350";10.25656/01:18335;"Deutsches Urheberrecht";Peer-Review;"";"https://www.pedocs.de/volltexte/2020/18335/";"https://www.pedocs.de/volltexte/2020/18335/pdf/ESP_2019_4_Hussmann_Schurig_Unter_der_Norm_Kompetenz_und_Diagnostik.pdf"
"18336";"Auswirkungen vorschulischer sprachlicher Disparitäten auf die sprachliche und mathematische Kompetenzentwicklung im Grundschulalter";"Viesel-Nordmeyer, Nurit; Schurig, Michael; Ritterfeld, Ute";"Impact of pre-school linguistic disparities on linguistic and mathematical competence development during primary school age";"";"";"";"Originalveröffentlichung";"Primarbereich; Sprachkompetenz; Mathematische Kompetenz; Kompetenzentwicklung; Sprachentwicklung; NEPS <National Educational Panel Study>; Vorschulalter; Grundschulalter; Sprachfertigkeit; Sprachschwierigkeit; Rechenschwäche; Kompetenzmessung; Korrelation";"Primary education; Primary level; Language skill; Linguistic Competence; Mathematics Achievement; Mathematics skills; Skill development; Language development; Pre-school age; Preschool age; Language skills; Speech Skills; Acalculia; Learning difficulty in arithmetic; Competency measurement; Skills measurement; Skills measurements; Correlation; Language";"Deutsch";"Wiederholt weisen Studien darauf hin, dass die sprachliche und mathematische Entwicklung nicht unabhängig voneinander sind. Wenig ist allerdings bisher über die Co-Entwicklung beider Domänen vom Vorschulalter bis in die Grundschule bekannt. Anhand von Daten des Nationalen Bildungspanels (NEPS; n = 301) wurde deshalb die Entwicklung sprachlicher (Wortschatz, Grammatik) und mathematischer Kompetenzen von Kindern mit unterschiedlichen sprachlichen Voraussetzungen (+/- 1 SD) im Vorschulalter (4/5 Jahre) bis zum Ende der vierten Klassenstufe (9/10 Jahre) verglichen. Dadurch zeigte sich, dass Kinder mit vorschulisch gemessener Sprachschwäche in dieser Altersspanne ihre Defizite in Wortschatz und Grammatik teilweise wieder aufholen, ohne jedoch die Leistungen ihrer vorschulisch unauffälligen Altersgenossen zu erreichen. Die sprachschwachen Kinder zeigten darüber hinaus geringere mathematische Leistungen als sprachlich stärkere Kinder und zwar sowohl im Vorschul- als auch im Grundschulalter. Diese Persistenz der Differenzen mathematischer Leistungen zwischen den Gruppen konnte im Grundschulalter auf die Ausbildung einer Rechenschwäche (+/- 1 SD) zurückgeführt werden. Zudem konnten Einflüsse des sozioökonomischen Hintergrunds Gruppenunterschiede sowohl in Wortschatz- und Grammatik wie auch in der mathematischen Entwicklung erklären. Die Ergebnisse tragen zu einem besseren Verständnis der Auswirkung vorschulisch schwacher Sprachleistungen auf die weitere Entwicklung sprachlicher und mathematischer Kompetenzen im Grundschulalter bei und werden im Hinblick auf kompensatorische Möglichkeiten diskutiert. (DIPF/Orig.)";"Englisch";"Repeatedly, studies have pointed to an interdependence between linguistic and mathematical development. Much less is known about the co-development of both domains from K to 4. Using data from the German National Educational Panel Study (Nationales Bildungspanel NEPS; n = 301) we therefore compared the development of language (lexicon, grammar) and mathematical competences of children with different linguistic skills (+/- 1 SD) at preschool age (4/5 years) throughout the end of grade 4 which ends primary education in Germany (9/10 years). Our observations show that children with preschool measured linguistic weaknesses partly improved in vocabulary and grammar during the age span in question. However, they do not caught up to the level of their typically developed peers. In addition, we found lower mathematical skills in this group of children with linguistic weaknesses compared to children with better results in language. This difference persists into primary school age. Possibly, differences in mathematical skills can be attributed to emerging mathematical weaknesses (+/- 1 SD) during primary education. However, data also revealed the influence of the socio-economic background of children on vocabulary and grammar which might in turn impact acquisition of mathematical skills. Results of this study contribute to a better understanding of the impact that low preschool linguistic skills have on subsequent language development and on the relationship with mathematical skills in primary education. Results are discussed with respect to the relevance for compensatory intervention. (DIPF/Orig.)";"2019";"Aufsatz (Zeitschrift)";"370";"ger";"";"1869-4845";"Empirische Sonderpädagogik 11 (2019) 4, S. 294-309";"Pädagogische Teildisziplin: Sonderpädagogik; Pädagogische Psychologie";"17.01.2020";"urn:nbn:de:0111-pedocs-183367";10.25656/01:18336;"Deutsches Urheberrecht";Peer-Review;"";"https://www.pedocs.de/volltexte/2020/18336/";"https://www.pedocs.de/volltexte/2020/18336/pdf/ESP_2019_4_VieselNordmeyer_et_al_Auswirkungen_vorschulischer_sprachlicher_Disparitaeten.pdf"
"18337";"Der Einsatz von Fragearten in unterschiedlich stark strukturierten Situationen im Kita-Alltag";"Schmidt, Floreana A.; Risse, Laura S.; Beckerle, Christine; Mackowiak, Katja";"Asking questions in differently structured everyday situations in early childhood education";"";"";"";"Originalveröffentlichung";"Kindertagesstätte; Frühpädagogik; Frage; Fragetechnik; Sprachförderung; Elementarbereich; Elementarbildung; Sprachentwicklung; Erzieher; Videoaufzeichnung; Video";"Day nursery; Early childhood education; Questioning; Elementary education sector; Early childhood education and care; Language development; Caregiver; Carer; Educational childcare staff; Educator; Kindergarten teacher; Nursery school teachers; Nursery teacher; Pre-primary school teacher";"Deutsch";"Alltagsintegrierte Sprachförderung beinhaltet u.a. den Einsatz von Fragestrategien, die Kinder in ihrer sprachlichen und kognitiven Entwicklung anregen können. Im Beitrag wird untersucht, welche Fragearten (Entscheidungs-, Benennungs-, Beschreibungs- und Erklärungsfragen) 84 pädagogische Fachkräfte in drei unterschiedlich stark strukturierten Situationen des Kita-Alltags (dyadische Bilderbuchbetrachtung, Freispiel- und Essensbegleitung in der Gruppe) einsetzen. Die Ergebnisse zeigen, dass die Fachkräfte in allen Situationen vor allem (weniger anregende) Entscheidungs- und Benennungsfragen und sehr viel seltener (kognitiv und sprachlich anregende) Beschreibungs- und Erklärungsfragen stellen und dass in strukturierten Situationen wesentlich mehr Fragen vorkommen als in weniger strukturierten. Außerdem passen die Fachkräfte ihr Frageverhalten kaum an die sprachlichen Voraussetzungen der Kinder an und agieren damit wenig adaptiv. (DIPF/Orig.)";"Englisch";"Language support in early childhood education includes questioning as a strategy to stimulate children in their cognitive and language development. In this paper, different questions (deciding, naming, describing, and explaining) used by 84 early childhood professionals in three differently structured everyday situations (dyadic bookreading, freeplay and mealtime in groups) are analysed. The results show that the professionals use (less stimulating) deciding and naming questions mainly, but hardly any (more stimulating) describing and explaining questions. The number of questions is higher in more structured situations than in less structured ones. As well, the professionals do not really adapt their questions to the children’s languages competencies. (DIPF/Orig.)";"2019";"Aufsatz (Zeitschrift)";"370";"ger";"";"1869-4845";"Empirische Sonderpädagogik 11 (2019) 4, S. 310-317";"Pädagogische Teildisziplin: Pädagogische Psychologie; Pädagogik der frühen Kindheit";"17.01.2020";"urn:nbn:de:0111-pedocs-183379";10.25656/01:18337;"Deutsches Urheberrecht";Peer-Review;"";"https://www.pedocs.de/volltexte/2020/18337/";"https://www.pedocs.de/volltexte/2020/18337/pdf/ESP_2019_4_Schmidt_et_al_Der_Einsatz_von_Fragearten.pdf"
"18338";"Sprachliche Fähigkeiten und Schulleistungen von Grundschulkindern mit sonderpädagogischem Förderbedarf Sprache im Längsschnitt";"Spreer, Markus; Glück, Christian W.; Theisel, Anja";"Language abilities and academic achievement of primary-school pupils with special educational needs for language in a longitudinal perspective";"";"";"";"Originalveröffentlichung";"Sprachkompetenz; Sprachfertigkeit; Sprachförderung; Sonderpädagogischer Förderbedarf; Schulleistung; Primarbereich; Übergang Primarstufe - Sekundarstufe I; Mathematische Kompetenz; Lesekompetenz; Rechtschreibleistung; Empirische Untersuchung; Längsschnittuntersuchung; Baden-Württemberg; Deutschland";"Language skill; Linguistic Competence; Language skills; Speech Skills; Special Educational Needs; Educational achievement; School achievement; Primary education; Primary level; Mathematics Achievement; Mathematics skills; Reading competence; Empirical study; Longitudinal analysis; Longitudinal study; Baden-Wurtemberg; Baden-Wurttemberg; Germany";"Deutsch";"Die vorliegende Studie geht der Frage nach, in welcher Weise Einschränkungen im Bereich Sprache und Kommunikation zu Schulbeginn die schulischen Leistungen beeinflussen. Die Daten dokumentieren die längsschnittliche Entwicklung von 89 Schulanfängerinnen und Schulanfängern mit einem sonderpädagogischem Förderbedarf Sprache bis zum Übertritt in die Sekundarstufe. Hierbei werden sprachliche und kognitive Kompetenzen mit den Schulleistungen in den Bereichen Mathematik, Lesen und Rechtschreibung und entsprechenden Vorläuferfähigkeiten in Beziehung gesetzt. Für eine Teilstichprobe von 39 Schülerinnen und Schülern liegen weiterhin differenzierte Parameter ihrer sprachlichen Lernausgangslage vor, die in die Auswertungen mit einbezogen werden können. Die sprachlichen Fähigkeiten beeinflussen wesentlich die schulischen Leistungen und somit den erfolgreichen Bildungsabschluss eines Kindes. Während 70% der vorliegenden Stichprobe Ende Klasse 4 durchschnittliche sprachliche Leistungen erzielen sowie im Rechnen und Lesen zu ihren Altersgenossen aufschließen können, zeigt sich bei den Kindern, die ihren sonderpädagogischen Förderbedarf Sprache auch nach der Grundschulzeit behalten, eine persistierende Problematik. Sie holen den Rückstand in ihrer Sprachentwicklung und der Schulleistung nicht auf und benötigen in der Sekundarstufe weiterhin Unterstützung. Bei dieser Gruppe zeigen sich Ende Klasse 4 im Mittel nicht nur unterdurchschnittliche Leistungen in den Bereichen Sprache und Schulleistung, sondern auch im Bereich der Kognition. (DIPF/Orig.)";"Englisch";"The present study examines the question of how children’s language impairments at school entry affect their academic achievement in primary school. The analysis documents the longitudinal development of 89 German primary-school pupils with ‘special educational needs for language’ from grades 1 through 4, relating the children’s linguistic and cognitive competences to their academic achievement in the areas of mathematics, reading, spelling and the corresponding precursor skills. In addition, for a subsample of 39 pupils more detailed parameters of their initial language skills were available for analysis. The results indicate that the children’s initial language skills had a major influence on their school performance and thus on their successful completion of primary education. While 70% of the sample achieved average linguistic performance by the end of grade 4 and were able to catch up with their peers in mathematics and reading, the remaining 30% displayed below-average performance not only with regard to language competences and overall academic achievement, but also in the area of cognition. Accordingly, children who retain their special educational needs for language beyond primary school are bound to face persistent problems; as they are not caught up in terms of language development and school performance, they continue to require special support during their secondary education. (DIPF/Orig.)";"2019";"Aufsatz (Zeitschrift)";"370";"ger";"";"1869-4845";"Empirische Sonderpädagogik 11 (2019) 4, S. 318-338";"Pädagogische Teildisziplin: Sonderpädagogik";"17.01.2020";"urn:nbn:de:0111-pedocs-183389";10.25656/01:18338;"Deutsches Urheberrecht";Peer-Review;"";"https://www.pedocs.de/volltexte/2020/18338/";"https://www.pedocs.de/volltexte/2020/18338/pdf/ESP_2019_4_Spreer_Glueck_Theisel_Sprachliche_Faehigkeiten_und_Schulleistungen.pdf"
"23568";"Wie Schulleistung und Lehrkraftfeedback die soziale Akzeptanz beeinflussen: Ergebnisse einer Experimentalstudie";"Nicolay, Philipp; Huber, Christian";"How school performance and teacher feedback affect social acceptance: Results from an experimental study";"";"";"";"Originalveröffentlichung";"Empirische Forschung; Sonderpädagogik; Schülerleistung; Feedback; Lehrer; Akzeptanz; Sonderpädagogischer Förderbedarf; Schüler; Integrative Beschulung; Inklusion; Soziale Integration; Computerunterstütztes Verfahren; Video; Grundschule; Primarbereich; Schuljahr 03; Schuljahr 04; Experiment; Nordrhein-Westfalen; Deutschland";"Empirical research; Remedial instruction sciences; Special education for the handicapped; Special needs education; Pupil achievement; Student achievement; Teacher; Acceptance; Special Educational Needs; Pupil; Pupils; Inclusion; Social integration; Elementary School; Primary school; Primary school lower level; Primary education; Primary level; School year 03; School year 04; North Rhine-Westphalia; North-Rhine Westphalia; Germany";"Deutsch";"Die schwache soziale Akzeptanz gegenüber Schüler*innen mit sonderpädagogischem Förderbedarf im Gemeinsamen Unterricht ist ein häufig replizierter Befund. Neben Einflussfaktoren auf Individualebene (bspw. Schulleistung) wird zunehmend auch die Rolle der Lehrkraft und ihres Feedbackverhaltens in der Herausbildung sozialer Hierarchien in Schulklassen diskutiert. Unklar sind jedoch in beiden Fällen die spezifischen Ursache-Wirkungs-Zusammenhänge. Mithilfe eines computergestützten Experiments im Prä-Post-Design untersucht die vorliegende Studie den spezifischen Einfluss von Schulleistung und Lehrkraftfeedback auf die soziale Akzeptanz von Schüler*innen. Hierfür sahen n = 202 Grundschüler*innen ein animiertes Video mit einem fiktiven Schulkind. Hierbei wurden systematisch die Schulleistung bzw. das Lehrkraftfeedback variiert. Die Ergebnisse zeigen, dass sowohl die Schulleistung (ηp² = .530) als auch die Valenz des Lehrkraftfeedbacks (ηp² = .245) einen starken Effekt auf die soziale Akzeptanz haben. Die Ergebnisse werden vor dem Hintergrund der existierenden Feedbackforschung mit ihren Implikationen für weitere Forschung und in Hinblick auf ihre Praxisrelevanz diskutiert. (DIPF/Orig.)";"Englisch";"The poor social acceptance of children with special educational needs in inclusive classrooms is an often-replicated finding. While the relationship between individual characteristics (e.g. school performance) and social acceptance is well-established, a growing body of studies points out the important role of teachers and their feedback in terms of shaping social hierarchies in classrooms. However, in both cases, the cause-and-effect relationship is still unclear. Therefore, the present study tries to examine the influence of school performance and teachers’ feedback on the social acceptance of children in an experimental setting using a pre-post-design. n = 202 third and fourth graders watched an animated video of a fictional school child. Within the video school performance and teachers’ feedback were systematically varied. The results indicate that school performance (ηp² = .530), as well as teachers’ feedback (ηp² = .245), have strong effects on the social acceptance of children. Results and their implications for further research as well as their practical implications are discussed. (DIPF/Orig.)";"2021";"Aufsatz (Zeitschrift)";"370";"ger";"";"1869-4845; 1869-4934";"Empirische Sonderpädagogik 13 (2021) 1, S. 3-20";"Pädagogische Teildisziplin: Empirische Bildungsforschung; Sonderpädagogik";"29.10.2021";"urn:nbn:de:0111-pedocs-235685";10.25656/01:23568;"Deutsches Urheberrecht";Peer-Review;"";"https://www.pedocs.de/volltexte/2021/23568/";"https://www.pedocs.de/volltexte/2021/23568/pdf/ESP_2021_1_Nicolay_Huber_Wie_Schulleistung_und.pdf"
"23569";"Diagnostik im Kontext von Fluchterfahrungen: Eine kritische Betrachtung des dynamischen Testens als Möglichkeit zur Verbesserung von Bildungsteilhabechancen auf Basis eines Rapid Reviews der Literatur";"Röder, Mandy; Guderjahn, Lena; Fingerle, Michael; Büttner, Gerhard";"Assessment in the context of refugee experiences: A critical consideration of dynamic testing as a way to foster opportunities for participation on the basis of a rapid literature review";"";"";"";"Originalveröffentlichung";"Empirische Forschung; Diagnostik; Pädagogische Diagnostik; Diagnostischer Test; Testverfahren; Kind; Jugendlicher; Flüchtling; Bildungschance; Bildungsteilnahme; Kognitive Leistung; Diagnostisches Verfahren; Systematic Review; Literatur; Deutschland";"Empirical research; Diagnostic; Pedagogical diagnostics; Diagnostic test; Test coaching; Child; Adolescent; Refugee; Educational opportunities; Educational opportunity; Cognitive achievement; Diagnostic Assessment; Literature; Germany";"Deutsch";"Bildungsteilhabe und die Ermöglichung von Bildungschancen für alle Kinder und Jugendlichen ist ein zentrales Anliegen, das in der UN-Kinderrechtskonvention verbrieft ist. Somit sollten auch Kindern und Jugendlichen mit Fluchterfahrung adäquate Bildungschancen eröffnet werden. Es fehlen jedoch umfassende wissenschaftliche Erkenntnisse, wie die Diagnostik kognitiver Leistungsfähigkeit bei Kindern und Jugendlichen mit Fluchterfahrung gelingen kann. Als eine mögliche Lösung dieses Methodenproblems wird in der Literatur immer mal wieder der Einsatz dynamischer Testverfahren vorgeschlagen. Auf Basis eines Rapid Reviews der Literatur wird daher ein Überblick über dynamische Tests gegeben und das dynamische Testen wird einer kritischen Reflexion bezüglich der Eignung für den Einsatz bei Kindern und Jugendlichen mit Fluchterfahrung unterzogen. Als Ergebnis kann festgehalten werden, dass sowohl klassische Testverfahren wie auch dynamische Testverfahren nicht frei von Problemen sind, wenn es um den Einsatz bei Kindern und Jugendlichen mit Fluchterfahrungen geht. Empirische Studien zu diesem Themenbereich sollten zeitnah zu einer weiteren Klärung konzipiert werden. (DIPF/Orig.)";"Englisch";"Participation in education and the provision of educational opportunities for all children and young people is a central concern that is determined in the UN Convention on the Rights of the Child. Thus, children and adolescents with refugee experience should also be given adequate educational opportunities. However, there is a lack of comprehensive scientific knowledge how the diagnosis of cognitive performance in children and adolescents with refugee experience can succeed. As a possible solution to this method problem, the use of dynamic test procedures is suggested in the literature. On the basis of a rapid review of the literature, an overview of dynamic tests is given, and dynamic testing is subjected to a critical reflection with regard to the suitability for use in children and adolescents with refugee experience. As a result, it can be stated that both classic test procedures and dynamic test procedures are not free of problems when they are used for children and adolescents with refugee experiences. Empirical studies on this topic should be designed as soon as possible for further clarification. (DIPF/Orig.)";"2021";"Aufsatz (Zeitschrift)";"370";"ger";"";"1869-4845; 1869-4934";"Empirische Sonderpädagogik 13 (2021) 1, S. 21-33";"Pädagogische Teildisziplin: Empirische Bildungsforschung; Pädagogische Psychologie";"29.10.2021";"urn:nbn:de:0111-pedocs-235699";10.25656/01:23569;"Deutsches Urheberrecht";Peer-Review;"";"https://www.pedocs.de/volltexte/2021/23569/";"https://www.pedocs.de/volltexte/2021/23569/pdf/ESP_2021_1_Roeder_et_al_Diagnostik_im_Kontext.pdf"
"23570";"'Wer mich stört – stört mich?!'. Unterschiede in der Qualität der Beziehung zwischen Lehrkräften und Schulkindern mit ADS und ADHS";"Abelein, Philipp; Holtmann, Sophie C.";"Differences in the quality of the relationship with teachers of schoolchildren with ADD and ADHD";"";"";"";"Originalveröffentlichung";"Empirische Forschung; Sonderpädagogik; Schüler-Lehrer-Beziehung; Aufmerksamkeits-Defizit-Hyperaktivitäts-Störung; Aufmerksamkeitsstörung; Schüler; Lehrer-Schüler-Interaktion; Verhaltensauffälligkeit; Interaktion; Kommunikation; Lehrer-Schüler-Kommunikation; Grundschule; Primarbereich; Schuljahr 03; Schuljahr 04; Qualität; Konflikt; Selbsteinschätzung; Fremdeinschätzung; Explorative Studie; Querschnittuntersuchung; Bayern; Deutschland";"Empirical research; Remedial instruction sciences; Special education for the handicapped; Special needs education; Pupil-teacher relation; Pupil-teacher relationship; Attention deficit disorders; Pupil; Pupils; Interaction; Communication; Elementary School; Primary school; Primary school lower level; Primary education; Primary level; School year 03; School year 04; Quality; Conflict; Self-rating; Germany";"Deutsch";"Der Aufbau und die kontinuierliche Gestaltung einer positiven Lehrer-Schüler-Beziehung gelten in schul- und sonderpädagogischen Handlungsfeldern als zentrales Fundament für die professionelle pädagogisch-didaktische Arbeit. Allerdings zeigt sich bei Schulkindern mit der Diagnose Aufmerksamkeitsdefizit-/Hyperaktivitätsstörung (ADHS) oftmals ein sehr konfliktträchtiges Beziehungs- und Interaktionsverhältnis mit der Lehrkraft. Daher wurde in der vorliegenden Studie die Qualität der Lehrer-Schüler-Beziehung von N = 238 Grundschulkindern der 3. und 4. Klasse (n = 68 SchülerInnen mit Symptomen von ADHS, n = 52 SchülerInnen mit Symptomen von Unaufmerksamkeit (ADS), n = 118 Kinder in der Kontrollgruppe) und N = 44 Klassenlehrkräften mittels Skalen des FEESS 3-4 bzw. des FBBADHS sowie selbst entworfener Fragen untersucht. Die Ergebnisse zeigen, dass sowohl die Lehrkräfte als auch die SchülerInnen selbst einschätzten, dass Schulkinder mit ADHS der Lehrkraft signifikant weniger sympathisch sind als Kinder mit ADS bzw. der Kontrollgruppe. Gleichzeitig beanspruchten Schulkinder der Gruppe ADHS signifikant mehr Aufmerksamkeit von der Klassenlehrkraft und wurden häufiger von ihr geschimpft als die Schulkinder der Gruppe ADS bzw. die Peers der Kontrollgruppe. Außerdem empfanden sich die SchülerInnen mit ADHS signifikant weniger angenommen als SchülerInnen der Kontrollgruppe. Die Ergebnisse sprechen insgesamt für eine sehr negative und zugleich unterschiedliche Ausprägung der Lehrer-Schüler-Beziehung zwischen Klassenlehrkräften und Schulkindern mit ADHS und ADS. (DIPF/Orig.)";"Englisch";"In educational circles, nurturing a positive student-teacher relationship is seen as a central tenant of academic and behavioral success in the classroom. Students with Attention Deficit Hyperactivity Disorder (ADHD), however, have been shown to experience more conflict and less emotional closeness in their interactions and relationships with their teachers as compared to their neurotypical peers. This study investigates the quality of the student-teacher relationship in N = 238 schoolchildren in years 3 and 4 (n = 68 students with symptoms of ADHD, n = 52 students with symptoms of Attention Deficit Disorder (ADD), n = 118 in the control group) and N = 44 teachers using scales based on the FEESS 3-4, FBB-ADHS, as well as questionnaires developed by the authors. The results show that teachers were judged, by students and teachers alike, to be markedly less sympathetic toward students with ADHD than toward the control group or those with ADD. Despite this, students with ADHD demanded considerably more attention from their teachers and were scolded more often than their peers in the ADD and control groups. Students with ADHD also felt significantly less accepted in the classroom than those in the control group. These results indicate a distinctly negative expression in the student-teacher relationship between schoolteachers and schoolchildren with ADHD or ADD. (DIPF/Orig.)";"2021";"Aufsatz (Zeitschrift)";"370";"ger";"";"1869-4845; 1869-4934";"Empirische Sonderpädagogik 13 (2021) 1, S. 34-55";"Pädagogische Teildisziplin: Empirische Bildungsforschung; Sonderpädagogik";"29.10.2021";"urn:nbn:de:0111-pedocs-235706";10.25656/01:23570;"Deutsches Urheberrecht";Peer-Review;"";"https://www.pedocs.de/volltexte/2021/23570/";"https://www.pedocs.de/volltexte/2021/23570/pdf/ESP_2021_1_Abelein_Holtmann_Wer_mich_stoert.pdf"
"23571";"Kompetenz zum inklusiven Unterrichten von allgemeinpädagogischen Grundschullehrkräften: Zusammenhänge zu berufsbiografischen Merkmalen und dem schulischen Kontext";"Külker, Lena; Gresch, Cornelia";"Competence in inclusive teaching of regular teachers in elementary schools: Relationships of professional biographical characteristics and the school context";"";"";"";"Originalveröffentlichung";"Empirische Forschung; Sonderpädagogik; Lehrer; Grundschule; Lehrbefähigung; Inklusion; Schule; Integrationsklasse; Integrative Beschulung; Kompetenz; Berufsbiografie; Kompetenzentwicklung; Sekundäranalyse; Deutschland";"Empirical research; Remedial instruction sciences; Special education for the handicapped; Special needs education; Teacher; Elementary School; Primary school; Primary school lower level; Teaching aptitude; Inclusion; School; Inclusion class; Integration classes; Competency; Skill development; Germany";"Deutsch";"Die Kompetenz von Lehrkräften gilt als wichtige Gelingensbedingung für schulische Inklusion und gleichzeitig ergeben sich daraus neue Anforderungen für die Lehrkräfte. Der Beitrag beschäftigt sich mit der Frage, wie die Berufsbiografie und der schulische Kontext mit der Kompetenz zum inklusiven Unterrichten von Lehrkräften zusammenhängen. Datengrundlage bildet der IQB-Bildungstrend 2016 an Grundschulen, an dem auch N = 973 allgemeinpädagogische Lehrkräfte teilnahmen, die in inklusiven Klassen unterrichten. Lineare Regressionsanalysen zeigen, dass mit längerer Berufserfahrung im inklusiven Unterricht sowie niedrigerem selbsteingeschätzten Fortbildungsbedarf in Bezug auf inklusive Themen eine höhere Kompetenz zum inklusiven Unterrichten von Lehrkräften berichtet wird. Hingegen findet sich kein Zusammenhang zwischen der Berufserfahrung allgemein unter Berücksichtigung weiterer berufsbiografischer Merkmale. Weiterhin steht die Verankerung von Inklusion im Schulkonzept in positivem Zusammenhang mit Kompetenz zum inklusiven Unterrichten, nicht aber weitere betrachtete schulische Kontextmerkmale. Vor dem Hintergrund dieser Ergebnisse wird die Relevanz von Kompetenz zum inklusiven Unterrichten der Lehrkräfte für die Umsetzung schulischer Inklusion diskutiert. (DIPF/Orig.)";"Englisch";"Teacher competence is considered an important condition for inclusive education. At the same time, the implementation of inclusive education leads to new challenges for teachers. In the present study, we examine how professional biography and school context relate to competence in inclusive teaching. Data is based on IQB Trends in Student Achievement 2016 of German fourth-graders. The sample consists of N = 973 regular teachers working in inclusive settings. Linear regression analyses show that increasing experience in inclusive teaching and a decreasing self-reported need for in-service training on inclusive topics lead to higher competence in inclusive teaching. In contrast, experience in general, taking into account other biographical characteristics, is not related. Furthermore, anchoring inclusion in the school concept corresponds with competence in inclusive teaching while other characteristics of the school context considered do not. In view of our findings, we discuss the relevance of competence in inclusive teaching for the implementation of inclusive education. (DIPF/Orig.)";"2021";"Aufsatz (Zeitschrift)";"370";"ger";"";"1869-4845; 1869-4934";"Empirische Sonderpädagogik 13 (2021) 1, S. 56-74";"Pädagogische Teildisziplin: Empirische Bildungsforschung; Sonderpädagogik";"29.10.2021";"urn:nbn:de:0111-pedocs-235716";10.25656/01:23571;"Deutsches Urheberrecht";Peer-Review;"";"https://www.pedocs.de/volltexte/2021/23571/";"https://www.pedocs.de/volltexte/2021/23571/pdf/ESP_2021_1_Kuelker_Gresch_Kompetenz_zum_inklusiven.pdf"
"23572";"Work-Life-Balance, berufsbezogenes Belastungserleben und Self-Compassion bei Lehrkräften im Förderschwerpunkt Hören";"Schäfer, Karolin; Vogt, Kathrin; Hintermair, Manfred";"Work-life-balance, job-related stress experience and self-compassion among teachers for students who are deaf or hard-of hearing";"";"";"";"Originalveröffentlichung";"Empirische Forschung; Sonderpädagogik; Lehrer; Förderschwerpunkt; Hörbehinderung; Beruf; Familie; Gleichgewicht; Sonderschule; Belastung; Selbstwirksamkeit; Bewältigung; Schulform; Allgemein bildende Schule; Fragebogenerhebung; Deutschland";"Empirical research; Remedial instruction sciences; Special education for the handicapped; Special needs education; Teacher; Aural handicap; Hearing impairment; Occupation; Family; Equilibrium; School for the handicapped; Special needs school; Special school; Self efficacy; Coping; Type of school; General education school; Questionnaire survey; Germany";"Deutsch";"In der vorliegenden Studie wird die Work-Life-Balance (WLB) von Lehrkräften an deutschsprachigen Fördereinrichtungen für hörgeschädigte Kinder untersucht. In die Analysen werden die subjektiv erlebten beruflichen Belastungen und das Konstrukt des Selbstmitgefühls (Self-Compassion) einbezogen, das für das berufliche und private Belastungserleben eine wichtige protektive Rolle spielen kann. Es werden die Ergebnisse einer Online-Befragung mit standardisierten und informellen Fragebögen vorgestellt, an der insgesamt n=470 Lehrkräfte aus dem Förderschwerpunkt Hören teilgenommen haben. Konkret wird untersucht, ob sich im Erleben der WLB Unterschiede zu Lehrkräften an allgemeinen Schulen zeigen und ob ausgewählte soziografische Merkmale und spezifische Tätigkeitsbereiche des Förderschwerpunkts von Bedeutung für die WLB sind. Des Weiteren werden mögliche Zusammenhänge zwischen beruflichem Belastungserleben, der Self-Compassion und der WLB untersucht. Die Ergebnisse zeigen, dass sich die WLB der befragten Lehrkräfte nicht von der WLB von Lehrkräften an allgemeinen Schulen unterscheidet. Weibliche Lehrkräfte schätzen ihre WLB jedoch als geringer ein als männliche, ebenso wie Personen, die in bimodal-bilingualen Settings und in der Inklusion arbeiten. Bei den beruflichen Tätigkeiten selbst werden insbesondere Verwaltungs- und Vorbereitungsarbeiten als belastend erlebt. Lehrkräfte mit hohen Werten im Bereich der Self-Compassion zeigen geringere Belastungswerte und haben eine bessere WLB. (DIPF/Orig.)";"Englisch";"This study examines the work-life-balance (WLB) of teachers at German-speaking institutions for students who are deaf or hard-of-hearing (DHH). The analyses include occupational stress and self-compassion, which can play an important protective role in the experience of professional and private stress. The results of an online survey with standardized and informal questionnaires are presented, in which a total of n=470 teachers for DHH children participated. Specifically, it is investigated whether there are differences in the experience of WLB compared to teachers at general schools. In addition, it is determined whether selected sociographic characteristics and specific job activities are associated with WLB. Furthermore, correlations between the experience of occupational stress, self-compassion and WLB are investigated. The results indicate that the WLB of the teachers for DHH children does not differ from the WLB of teachers at general schools. Nevertheless, female teachers estimate their WLB lower than male teachers, as do those teachers working in bimodal-bilingual and inclusive settings. In terms of the professional activities, it is mainly administrative and preparatory work that is experienced as stressful. Teachers with high scores of self-compassion show lower stress scores and have a better WLB. (DIPF/Orig.)";"2021";"Aufsatz (Zeitschrift)";"370";"ger";"";"1869-4845; 1869-4934";"Empirische Sonderpädagogik 13 (2021) 1, S. 75-93";"Pädagogische Teildisziplin: Empirische Bildungsforschung; Sonderpädagogik";"29.10.2021";"urn:nbn:de:0111-pedocs-235726";10.25656/01:23572;"Deutsches Urheberrecht";Peer-Review;"";"https://www.pedocs.de/volltexte/2021/23572/";"https://www.pedocs.de/volltexte/2021/23572/pdf/ESP_2021_1_Schaefer_Vogt_Hintermair_Work-Life-Balance.pdf"
"23573";"Adaptive Kompetenzen von Kindern mit Down-Syndrom – ein Follow-up über zehn Jahre";"Sarimski, Klaus";"Adaptive competences of children with Down syndrome - a ten-year follow-up";"";"";"";"Originalveröffentlichung";"Empirische Forschung; Sonderpädagogik; Geistige Behinderung; Kind; Down-Syndrom; Kompetenz; Kompetenzmessung; Geistige Entwicklung; Prognose; Praktische Intelligenz; Kompetenzentwicklung; Motorische Entwicklung; Sprachentwicklung; Entwicklungsstand; Alltagsfertigkeit; Fragebogenerhebung; Langzeituntersuchung; Deutschland";"Empirical research; Remedial instruction sciences; Special education for the handicapped; Special needs education; Oligophrenia; Child; Downs Syndrome; Competency; Competency measurement; Skills measurement; Skills measurements; Mental development; Forecasting; Prognosis; Practical intelligence; Skill development; Motor development; Language development; State of the art reviews; Daily living skills; Questionnaire survey; Germany";"Deutsch";"Es wird über eine Nachuntersuchung bei 30 Kindern mit Down-Syndrom aus der Heidelberger Down-Syndrom-Studie berichtet, in der im Alter von elf Jahren die adaptiven Kompetenzen mittels einer deutschen Version der Vineland Adaptive Behavior Scales-II (Sparrow et al., 2005) erhoben wurden. Es zeigt sich ein Profil mit relativen Stärken im Bereich des Sprachverstehens und der hauswirtschaftlichen Fertigkeiten, jedoch Schwächen im Bereich der expressiven Sprache und der motorischen Fähigkeiten. Der Entwicklungsstand der Kompetenzen in den Bereichen Motorik, Sprachverstehen und Spiel im Alter von zwei Jahren erweist sich im Längsschnitt als signifikanter Prädiktor für den Entwicklungsstand im Alter von elf Jahren. (DIPF/Orig.)";"Englisch";"We report on a follow-up study on the adaptive competence of 30 children with Down syndrome who participated in the Heidelberg Down syndrome study. We used the Vineland Adaptive Behavior Scales-II (Sparrow et al., 2005) when the children were eleven years old. The results point to a profile with strengths in receptive language and domestic skills and weaknesses in expressive language and motor skills. The developmental age in motor skills, receptive language and play skills obtained at the age of two years predicts the developmental age in these scales at the age of 11. (DIPF/Orig.)";"2021";"Aufsatz (Zeitschrift)";"370";"ger";"";"1869-4845; 1869-4934";"Empirische Sonderpädagogik 13 (2021) 2, S. 100-109";"Pädagogische Teildisziplin: Empirische Bildungsforschung; Sonderpädagogik";"29.10.2021";"urn:nbn:de:0111-pedocs-235736";10.25656/01:23573;"Deutsches Urheberrecht";Peer-Review;"";"https://www.pedocs.de/volltexte/2021/23573/";"https://www.pedocs.de/volltexte/2021/23573/pdf/ESP_2021_2_Sarimski_Adaptive_Kompetenzen.pdf"
"23574";"Systematisches Literaturreview der Arbeitsgedächtnisbesonderheiten bei Personen mit sogenannter geistiger Behinderung unspezifischer Ätiologie";"Kehl, Stephan; Scholz, Markus";"A systematic literature review of working memory in people with intellectual disabilities of non-specific etiology";"";"";"";"Originalveröffentlichung";"Empirische Forschung; Sonderpädagogik; Geistige Behinderung; Arbeitsgedächtnis; Pädagogische Psychologie; Systematic Review; Literatur; Literaturauswertung";"Empirical research; Remedial instruction sciences; Special education for the handicapped; Special needs education; Oligophrenia; Educational psychology; Pedagogical psychology; Literature; Cognitive achievement; Research of academic literature";"Deutsch";"Trotz intensiver Forschungsbemühungen ist die Ausprägung der einzelnen Arbeitsgedächtniskomponenten bei Personen mit sogenannter geistiger Behinderung unspezifischer Ätiologie weiterhin umstritten (Henry, 2012). Ziel des systematischen Reviews ist es deshalb, die Leistungen von Personen, die als geistig behindert bezeichnet werden, vor dem Hintergrund des Arbeitsgedächtnismodells von Baddeley (2012, 2000) systematisch aufzuarbeiten und auszuwerten. Auf Basis einer Literaturrecherche in deutsch- und englischsprachigen Datenbanken (ERIC, PsycInfo, PSYNDEX, FIS Bildung) wurden 16 durch ein Peer-Review-Verfahren geprüfte Artikel aufgenommen und ausgewertet. Die Ergebnisse deuten auf eine relative Schwäche in der phonologischen Schleife hin, widersprechen jedoch der Annahme einer relativen Stärke im visuell-räumlichen Notizblock. Die überwiegende Mehrzahl der verschiedenen Funktionen der zentralen Exekutive scheint dagegen dem mentalen Entwicklungsalter zu entsprechen. Neben der Auswertung des Arbeitsgedächtnisprofils werden auf Basis des systematischen Reviews Implikationen für Forschung und Praxis abgeleitet. Dazu gehören u. a. die Auswahl geeigneter Erhebungsinstrumente sowie der sonderpädagogische Umgang mit spezifischen Schwächen in der Arbeitsgedächtnisleistung. (DIPF/Orig.)";"Englisch";"Despite intense research, performance in working memory tasks of people with intellectual disabilities of non-specific etiology is far from clear (Henry, 2012). The presented review systematically analyzes the performance of people with intellectual disabilities compared to mental or chronological age control groups in all areas of the working memory model by Baddeley (2000, 2012). A literature search for peer-reviewed articles in the databases ERIC, PsycInfo, PSYNDEX, FIS Bildung yielded 16 articles which met the inclusion criteria. Results indicate a relative impairment within the phonological loop but contradict the presumption of a relative strength of the visuo-spatial sketchpad. However, the central executive demonstrates mostly MA-equivalent functionality. Besides the analysis of working memory components, the review gives implications for future research and practice. Among other things the choice of suitable assessment instruments and possible support for students with working memory challenges are discussed. (DIPF/Orig.)";"2021";"Aufsatz (Zeitschrift)";"370";"ger";"";"1869-4845; 1869-4934";"Empirische Sonderpädagogik 13 (2021) 2, S. 110-132";"Pädagogische Teildisziplin: Sonderpädagogik; Pädagogische Psychologie";"29.10.2021";"urn:nbn:de:0111-pedocs-235744";10.25656/01:23574;"Deutsches Urheberrecht";Peer-Review;"";"https://www.pedocs.de/volltexte/2021/23574/";"https://www.pedocs.de/volltexte/2021/23574/pdf/ESP_2021_2_Kehl_Scholz_Systematisches_Literaturreview.pdf"
"23575";"Exekutive Funktionen von Schülerinnen und Schülern mit geistiger Behinderung";"Seeler, Isabelle von; Agha, Melina";"Executive functions of students with intellectual disabilities";"";"";"";"Originalveröffentlichung";"Empirische Forschung; Sonderpädagogik; Geistige Behinderung; Schüler; Kognitive Leistung; Kognition; Flexibilität; Arbeitsgedächtnis; Selbststeuerung; Geschlechtsspezifischer Unterschied; Alter; Förderschwerpunkt; Schwer geistig Behinderter; Fragebogenerhebung; Schleswig-Holstein; Deutschland";"Empirical research; Remedial instruction sciences; Special education for the handicapped; Special needs education; Oligophrenia; Pupil; Pupils; Cognitive achievement; Cognition; Self-regulation; Gender-specific difference; Old age; Questionnaire survey; Germany";"Deutsch";"Exekutive Funktionen spielen für erfolgreiches Lernen eine zentrale Rolle. Sie steuern und überwachen das Zusammenspiel kognitiver Prozesse und tragen so zur angemessenen Zielanalyse, Strategieauswahl und -anwendung im Problemlöseprozess bei. Die bislang noch spärlich vorliegenden Forschungsbefunde deuten auf Defizite in der exekutiven Funktionsfähigkeit von Schülerinnen und Schülern mit geistiger Behinderung hin, bringen aber zum Teil uneinheitliche Ergebnisse hervor, so dass sich noch keine verlässlichen Aussagen zu exekutiven Profilen für die Personengruppe treffen lassen. Die vorliegende Querschnittstudie identifiziert Schwächen und Stärken in einer Stichprobe von 69 Probandinnen und Probanden (22 Mädchen, 47 Jungen) im Alter von 8 bis 16 Jahren (IQ ? 69) auf Grundlage von Lehrkräfteeinschätzungen mit dem „Verhaltensinventar zur Beurteilung exekutiver Funktionen“ (BRIEF-L). Die Ergebnisse zeigen klinische Auffälligkeiten in fast allen Skalen des BRIEF-L. Eine relative Stärke in den exekutiven Funktionen kristallisiert sich in der Fähigkeit zum Ordnen und Organisieren heraus, in dieser BRIEFSkala zeigen die Teilnehmenden keine klinischen Auffälligkeiten. Die Ergebnisse verdeutlichen die Notwendigkeit einer gezielten Förderung der exekutiven Funktionen bei der Zielgruppe. (DIPF/Orig.)";"Englisch";"Executive functions play a central role in successful learning. They control and monitor the interaction of cognitive processes and thus contribute to the appropriate target analysis, strategy decision and strategy application in the problem-solving process. Hitherto sparsely available research findings indicate deficits in the executive functionality of schoolchildren with intellectual disabilities, but still produce inconsistent results in some cases, so that no clear, reliable statements can yet be made on executive profiles for the target group. The present cross-sectional study identifies weaknesses and strengths in a sample of 69 subjects (22 girls, 47 boys) aged between 8 and 16 years (IQ ≤ 69) based upon teachers' assessments with the 'Behavior Rating Inventory of Executive Function' (BRIEF-L). The results show clinical deficits in almost all BRIEF-L scales. A relative strength in the executive functions emerges in the ability to order and organize, in this BRIEF scale the subjects did not show any clinical deficits. The results emphasize the need for targeted advancement of executive functions in the target group. (DIPF/Orig.)";"2021";"Aufsatz (Zeitschrift)";"370";"ger";"";"1869-4845; 1869-4934";"Empirische Sonderpädagogik 13 (2021) 2, S. 133-147";"Pädagogische Teildisziplin: Sonderpädagogik; Pädagogische Psychologie";"29.10.2021";"urn:nbn:de:0111-pedocs-235756";10.25656/01:23575;"Deutsches Urheberrecht";Peer-Review;"";"https://www.pedocs.de/volltexte/2021/23575/";"https://www.pedocs.de/volltexte/2021/23575/pdf/ESP_2021_2_Seeler_Agha_Exekutive_Funktionen.pdf"
"23576";"Disentangling the relationship between mathematical achievement, social skills, and social status in inclusive classrooms";"Schnepel, Susanne; Garrote, Ariana; Moser Opitz, Elisabeth";"Die Beziehung zwischen Mathematikleistung, sozialer Akzeptanz und sozialen Kompetenzen von Schüler*innen mit und ohne intellektuelle Beeinträchtigung in inklusiven Grundschulklassen";"";"";"";"Originalveröffentlichung";"Empirische Forschung; Sonderpädagogik; Geistige Behinderung; Mathematikunterricht; Schülerleistung; Akzeptanz; Soziale Kompetenz; Integrationsklasse; Integrative Beschulung; Inklusion; Soziometrie; Mathematische Kompetenz; Grundschule; Primarbereich; Schuljahr 01; Schuljahr 02; Schuljahr 03; Schüler; Interview; Schweiz";"Empirical research; Remedial instruction sciences; Special education for the handicapped; Special needs education; Oligophrenia; Mathematics lessons; Teaching of mathematics; Pupil achievement; Student achievement; Acceptance; Social competence; Inclusion class; Integration classes; Inclusion; Sociometry; Mathematics Achievement; Mathematics skills; Elementary School; Primary school; Primary school lower level; Primary education; Primary level; School year 01; School year 02; School year 03; Pupil; Pupils; Switzerland";"Englisch";"This study examined how the social skills and mathematical achievement levels of pupils in inclusive classrooms relate to their social status. Three achievement groups were compared: n = 39 pupils with intellectual disabilities (ID) and very basic mathematical skills, n = 71 mainstream pupils with low achievement in mathematics, and n = 81 mainstream pupils with high achievement in mathematics. The results show that pupils with ID and low achieving pupils had poorer social skills, were less accepted, and more often rejected than their high achieving peers. Structural equation models indicate that low achievers with poorer social skills were rejected more often than low achievers with better social skills. The greater rejection rate of pupils with ID, however, could not be explained by their lower level of social skills alone. Other factors which may have affected the social status of pupils with ID and of low achieving mainstream pupils are discussed. (DIPF/Orig.)";"Deutsch";"In der Studie wurde in inklusiven Klassen untersucht, wie soziale Kompetenzen, die Mathematikleistung und der soziometrische Status zusammenhängen. Verglichen wurden drei Gruppen: Schüler*innen mit intellektueller Beeinträchtigung (IB) und sehr basalen mathematischen Kompetenzen (n = 39), Schüler*innen ohne IB mit unterdurchschnittlichen Mathematikleistungen (n = 71) und Schüler*innen ohne IB mit überdurchschnittlichen mathematischen Leistungen (n = 81). Schüler*innen mit IB und mit niedrigen Mathematikleistungen wiesen niedrigere soziale Kompetenzen auf, waren weniger beliebt und wurden mehr abgelehnt als die Lernenden mit hohen Leistungen. Strukturgleichungsmodelle zeigen, dass Schüler*innen mit unterdurchschnittlicher Mathematikleistung stärker abgelehnt werden, wenn sie niedrige soziale Kompetenzen aufwiesen. Die höhere soziale Ablehnung der Schüler*innen mit IB konnte hingegen nicht allein durch deren niedrigen sozialen Kompetenzen erklärt werden. Es wird diskutiert, welche anderen Faktoren die soziale Ablehnung dieser Schüler*innen zu beeinflussen scheinen. (DIPF/Orig.)";"2021";"Aufsatz (Zeitschrift)";"370";"eng";"";"1869-4845; 1869-4934";"Empirische Sonderpädagogik 13 (2021) 2, S. 148-166";"Pädagogische Teildisziplin: Empirische Bildungsforschung; Sonderpädagogik";"29.10.2021";"urn:nbn:de:0111-pedocs-235761";10.25656/01:23576;"Deutsches Urheberrecht";Peer-Review;"";"https://www.pedocs.de/volltexte/2021/23576/";"https://www.pedocs.de/volltexte/2021/23576/pdf/ESP_2021_2_Schnepel_Garrote_MoserOpitz_Disentangling_the_relationship.pdf"
"23577";"Verhaltensauffälligkeiten von jungen Männern mit Fragilem-X-Syndrom und die familiäre Zufriedenheit aus Elternsicht";"Engelhardt, Meike; Sansour, Teresa";"Regulation of behavior and emotions in young men with fragile X syndrome and familial stress from the parents' perspective";"";"";"";"Originalveröffentlichung";"Empirische Forschung; Sonderpädagogik; Geistige Behinderung; Verhaltensauffälligkeit; Emotion; Familie; Belastung; Zufriedenheit; Junger Mann; Eltern; Erwachsenenalter; Bewältigung; Qualitative Forschung; Explorative Studie; Interview; Qualitative Analyse";"Empirical research; Remedial instruction sciences; Special education for the handicapped; Special needs education; Oligophrenia; Emotions; Family; Satisfaction; Young man; Parents; Adulthood; Coping; Qualitative research; Qualitative analysis";"Deutsch";"Qualitative Untersuchungen zum Fragilen-X-Syndrom im Erwachsenenbereich sind bislang eher rar. Die vorliegende explorative Studie geht der Frage nach, wie Eltern von erwachsenen jungen Männern mit Fragilem-X-Syndrom das Verhalten ihrer Söhne erleben und welche Auswirkungen das Verhalten auf die familiäre Zufriedenheit bzw. Belastung hat. Für eine interaktionistische Sicht auf Verhaltensauffälligkeiten wurden problemzentrierte Interviews mit insgesamt neun Elternteilen geführt, deren Söhne mit Fragilem-X-Syndrom zwischen 20 und 35 Jahre alt waren. Die Interviewdaten wurden inhaltsanalytisch ausgewertet. Die Ergebnisse zeigen, dass sich die von den Eltern beschriebenen Verhaltensauffälligkeiten in vorhandene Beschreibungen eines Verhaltensphänotyps einfügen. Als Auslöser dieser Verhaltensauffälligkeiten werden häufig Veränderungen im gewohnten Tagesablauf oder sog. Übergangssituationen genannt. Ferner wird deutlich, dass die Befragten im Laufe der Zeit eine Bandbreite an möglichen Reaktionen und Maßnahmen mit Blick auf das Verhalten entwickeln, die mit unterschiedlichem Erfolg eingesetzt werden. Auch die Söhne mit Fragilem-X-Syndrom erlernen mit der Zeit Strategien, mit den eigenen impulsiven Reaktionen besser umzugehen. Insgesamt zeigt sich in den Interviews, dass die familiäre Belastungssituation mit zunehmendem Alter der Söhne mit Fragilem-X-Syndrom nachlässt und die Familien ihre Situation überwiegend als zufriedenstellend beschreiben. Die Ergebnisse veranschaulichen die Relevanz der Betrachtung von Person-Umfeld-Wechselwirkungen im Kontext auffälligen Verhaltens. Aus den Interviews lässt sich ein Bedarf an syndromspezifischen Beratungs- und Vernetzungsmöglichkeiten für Betroffene und deren Familien, insbesondere in Bezug auf Themen des Erwachsenenalters ableiten. (DIPF/Orig.)";"Englisch";"Qualitative studies on fragile X syndrome in adults are rather rare so far. This explorative study examines how parents of adult young men with fragile X syndrome experience the behavior of their sons and what effects this behavior has on family satisfaction or stress. For an interactionist view of behavioral problems, problem-centered interviews were conducted with a total of nine parents whose sons with fragile X syndrome were between 20 and 35 years old. The interview data was evaluated by content analysis. The results show that the challenging behavior described by the parents fits into existing descriptions of a behavioural phenotype. Changes in the usual daily routine or so-called transitional situations are often named as triggers of these behavior problems. Furthermore, the results show that the respondents have developed a range of possible reactions and measures to the behavior over time, which are used with varying degrees of success. Also, the sons with fragile X syndrome learn over time strategies to deal better with their impulsive reactions. Overall, the interviews show that the familial stress situation decreases as the sons with fragile X syndrome grow older and the families describe their situation as satisfactory for the most part. The results illustrate the relevance of considering person-environment interactions in the context of behavior problems. From the interviews, a need for syndrome-specific counselling and networking opportunities for affected persons and their families can be derived, especially with regard to adult issues. (DIPF/Orig.)";"2021";"Aufsatz (Zeitschrift)";"370";"ger";"";"1869-4845; 1869-4934";"Empirische Sonderpädagogik 13 (2021) 2, S. 167-182";"Pädagogische Teildisziplin: Empirische Bildungsforschung; Sonderpädagogik";"29.10.2021";"urn:nbn:de:0111-pedocs-235771";10.25656/01:23577;"Deutsches Urheberrecht";Peer-Review;"";"https://www.pedocs.de/volltexte/2021/23577/";"https://www.pedocs.de/volltexte/2021/23577/pdf/ESP_2021_2_Engelhardt_Sansour_Verhaltensauffaelligkeiten_von_jungen.pdf"
"26646";"Das Klassenklima aus Sicht von Schüler:innen mit Migrationshintergrund";"Przibilla, Bodo; Lüdeke, Sören; Linderkamp, Friedrich";"Class climate from the perspective of students with immigration backgrounds";"";"";"";"Originalveröffentlichung";"Empirische Forschung; Klassenklima; Schüler; Migrationshintergrund; Sekundarstufe I; Primarbereich; Sekundarbereich; Quantitative Forschung; Mehrebenenanalyse; Deutschland";"Empirical research; Classroom Environment; Pupil; Pupils; Immigrant background; Migration background; Lower level secondary education; Lower secondary; Lower secondary education; Secondary education lower level; Primary education; Primary level; Secondary education; Quantitative research; Hierarchical Linear Modelling; Multi-level analysis; Germany";"Deutsch";"Die Qualität von Schule und Unterricht zeigt sich u. a. darin, der Reproduktion sozialer Ungleichheit im Bildungswesen durch Benachteiligung von Schüler:innen mit Migrationshintergrund entgegenzuwirken. Im Rahmen aktueller Modelle zur Beschreibung von Schul- und Unterrichtsqualität wird das Klassenklima hervorgehoben; es fehlt jedoch an differenzierten Befunden zur Beurteilung des Klassenklimas aus Sicht von Schüler:innen mit Migrationshintergrund. In der vorliegenden Studie beurteilten 1292 Schüler:innen aus 49 Schulklassen der Jahrgangsstufen vier bis acht das Klassenklima auf Schul-, Klassen- und Individualebene. Mehrebenenanalysen zeigen, dass Schüler:innen mit Migrationshintergrund die Interaktion mit Lehrkräften als strenger und restriktiver wahrnehmen und den bestehenden sozialen und leistungsbezogenen Druck auf Klassenebene höher bewerten. Demgegenüber werden die Lerngemeinschaft und Schülerzentriertheit tendenziell positiver wahrgenommen. Die Befunde geben einen differenzierten Einblick in die subjektiven Wahrnehmungen einzelner Dimensionen des Klassenklimas und legen nahe, migrationsbedingte Unterschiede in der Bewertung der Lernumgebungen im Schulkontext sensibler zu berücksichtigen. (DIPF/Orig.)";"Englisch";"Counteracting the disadvantages of students with a migration background is, among other things, a quality characteristic of education and teaching. Within the framework of current models describing school and teaching quality, class climate is emphasized; however, there is a lack of differentiated findings on the evaluation of class climate from the perspective of students with a migration background. In the present study, 1292 students from 49 school classes in grades four to eight evaluated the class climate on school, class, and individual level. Multilevel analyses show that immigrant students perceive interactions with teachers as more restrictive and evaluated the social- and performance-related pressure at class level higher. In contrast, students with a migration background tent to perceive the learning community and the student centeredness of their classes more positive. The findings provide a differentiated insight into the subjective perceptions of class climate as a multidimensional construct from the perspective of students with a migration background and suggest that migration-related differences in the assessment of learning environments in the school context should be considered more sensitively. (DIPF/Orig.)";"2022";"Aufsatz (Zeitschrift)";"370";"ger";"";"1869-4845; 1869-4934";"Empirische Sonderpädagogik 14 (2022) 4, S. 315-333";"Pädagogische Teildisziplin: Empirische Bildungsforschung; Bildungssoziologie";"02.06.2023";"urn:nbn:de:0111-pedocs-266466";10.25656/01:26646;"Creative Commons Namensnennung - Nicht kommerziell 4.0 International";Peer-Review;"";"https://www.pedocs.de/volltexte/2023/26646/";"https://www.pedocs.de/volltexte/2023/26646/pdf/ESP_2022_4_Przibilla_et_al_Das_Klassenklima.pdf"
"26647";"Die Bedeutung von Hörqualität für die Partizipation und die Lebensqualität von Schüler:innen mit Hörbehinderung an allgemeinen Schulen";"Bogner, Barbara; Hintermair, Manfred; Avemarie, Laura";"Importance of classroom listening conditions for the participation and quality of life of deaf and hard-of-hearing students in mainstream schools";"";"";"";"Originalveröffentlichung";"Empirische Forschung; Sonderpädagogik; Hörbehinderung; Partizipation; Lebensqualität; Schüler; Allgemein bildende Schule; Tauber; Inklusion; Wohlbefinden; Kommunikation; Unterricht; Querschnittuntersuchung; Fragebogenerhebung; Deutschland";"Empirical research; Remedial instruction sciences; Special education for the handicapped; Special needs education; Aural handicap; Hearing impairment; Quality of life; Pupil; Pupils; General education school; Deaf; Inclusion; Well being; Well-being; Communication; Teaching; Questionnaire survey; Germany";"Deutsch";"Über 50 Prozent aller Kinder und Jugendlichen mit einem festgestellten sonderpädagogischen Förderbedarf im Bereich Hören (und Kommunikation) besuchen in Deutschland allgemeine Schulen. Da in inklusiven Bildungssettings vorwiegend in gesprochener Sprache kommuniziert wird, kann eine gute Hörqualität im Unterricht einen wichtigen Beitrag zur Sicherung der kommunikativen Partizipation und des Wohlbefindens der Schüler:innen leisten. Über die Zusammenhänge dieser drei Variablen ist bisher wenig bekannt. Der vorliegende Beitrag präsentiert die Ergebnisse einer Querschnittsuntersuchung, in der mittels standardisierter Fragebögen der Zusammenhang zwischen subjektiv beurteilter Hörqualität im Unterricht (E-HAK), kommunikativer Partizipation (CPQ-D) und Lebensqualität (KINDLR) untersucht wurde. Es liegen dazu die Daten von 156 Schüler:innen im Alter zwischen sieben und 18 Jahren vor. Die Ergebnisse der Korrelationsanalyse zeigen u. a. signifikante positive Zusammenhänge mit geringer bis mittlerer Effektstärke zwischen der subjektiv beurteilten Hörqualität im Unterricht und der kommunikativen Partizipation sowie zwischen der subjektiv beurteilten Hörqualität und der Lebensqualität. Subjektiv gut beurteilte Hörqualität ist mit einem besseren Verstehen der Äußerungen von Lehrkräften und Schüler:innen assoziiert und geht mit einer höher bewerteten Lebensqualität für den Bereich „Schule“ einher. Die Mediationsanalyse zeigt, dass der Zusammenhang von subjektiver Hörqualität und Lebensqualität durch die kommunikative Partizipation vermittelt wird. (DIPF/Orig.)";"Englisch";"Over 50 percent of all deaf and hard-of-hearing students in Germany attend mainstream schools. Since spoken language is the predominant means of communication in mainstream school classrooms, the listening conditions can substantially affect student participation and well-being in the classroom. However, little is known about the relationship between those three factors. This paper presents the results of a cross-sectional study using standardized questionnaires to investigate the relationship between subjective assessment of classroom listening quality (E-HAK), communicative participation (CPQ-D), and quality of life (KINDLR). Data from 156 pupils aged between 7 to 18 years were used. The results of the correlation analysis revealed significant positive correlations with low to medium effect sizes between subjective assessment of the listening quality and communicative participation and between the subjective assessment of listening quality and quality of life. In other words, a classroom environment assessed as having a good listening quality is associated both with better understanding of teachers and other pupils and with a higher-rated quality of life in school. A mediation analysis showed that communicative participation mediates the relationship between the subjectively assessed listening quality and the quality of life. (DIPF/Orig.)";"2022";"Aufsatz (Zeitschrift)";"370";"ger";"";"1869-4845; 1869-4934";"Empirische Sonderpädagogik 14 (2022) 4, S. 334-351";"Pädagogische Teildisziplin: Empirische Bildungsforschung; Sonderpädagogik";"02.06.2023";"urn:nbn:de:0111-pedocs-266476";10.25656/01:26647;"Creative Commons Namensnennung - Nicht kommerziell 4.0 International";Peer-Review;"";"https://www.pedocs.de/volltexte/2023/26647/";"https://www.pedocs.de/volltexte/2023/26647/pdf/ESP_2022_4_Bogner_et_al_Die_Bedeutung_von.pdf"
"26648";"Der Einfluss der pandemiebedingten Schulschließung auf den Leistungszuwachs von Grundschülerinnen und -schülern in inklusiven Klassen der Schweiz – eine Längsschnittstudie";"Schnepel, Susanne; Wehren-Müller, Maria; Luger, Simon; Stöckli, Meret; Moser Opitz, Elisabeth";"How the achievement gain of primary school pupils in inclusive classrooms may have been affected by pandemic school closures in Switzerland - a longitudinal study";"";"";"";"Originalveröffentlichung";"Empirische Forschung; Sonderpädagogik; Pandemie; COVID-19; Schulschließung; Inklusion; Schülerleistung; Mathematikunterricht; Primarbereich; Leseleistung; Leistungsentwicklung; Leistungsmessung; Schweiz";"Empirical research; Remedial instruction sciences; Special education for the handicapped; Special needs education; School closing; Inclusion; Pupil achievement; Student achievement; Mathematics lessons; Teaching of mathematics; Primary education; Primary level; Reading Achievement; Achievement measurement; Performance measurement; Switzerland; Reading competence";"Deutsch";"In der vorliegenden Studie wurde untersucht, ob die achtwöchige Schulschließung in der Schweiz einen Effekt auf den Leistungszuwachs von Grundschüler*innen in inklusiven Klassen in Mathematik und Lesen hatte. Dafür wurde der Leistungszuwachs von zwei Kohorten innerhalb eines Schuljahres verglichen. In Kohorte 1 (n = 728) erfolgte die Leistungsmessung im Schuljahr 2019/20 einige Monate vor und wenige Wochen nach der Schulschließung, in Kohorte 2 (n = 688) erfolgte sie im Schuljahr 2020/2021 vier und zwölf Monate nach der Schulschließung. Es wurde analysiert, ob sich Unterschiede zwischen jüngeren und älteren Lernenden, zwischen Jungen und Mädchen, zwischen Klassen an Schulen mit niedrigem und hohem Sozialindex sowie zwischen Lernenden mit unterschiedlichem Leistungsniveau zeigen. Außerdem wurde untersucht, ob die Wahrnehmung der familiären Lernunterstützung während der Schulschließung sowie die Umsetzung des Distanzunterrichts einen Einfluss auf den Leistungszuwachs hatten. Die Schulschließung hatte einen kleinen negativen Effekt auf die Mathematikleistung der Lernenden der Kohorte 1. Dieser Effekt war in Klassen mit hoher sozialer Belastung größer. Ein stärkerer Einfluss der Schulschließung auf jüngere, auf leistungsschwächere Kinder oder auf Jungen konnte nicht festgestellt werden. Auf die Leseleistung hatte die Schulschließung keinen nachweisbaren Effekt, jedoch hatten Lernende, die während der Schulschließung gut zu Hause lernen konnten, einen größeren Leistungszuwachs im Lesen. (DIPF/Orig.)";"Englisch";"This study investigates whether the school closures had an effect on the achievement gains in maths and reading of primary school pupils in inclusive classes. The sample comprised two cohorts. The first cohort (n = 728) participated in the study during the school year 2019/2020, when schools were closed for 8 weeks. The second cohort (n = 688 pupils) participated in 2020/2021, when schools were open. Differences between younger and older pupils, between boys and girls, between classes with low and high social indexes, and between learners with different achievement levels were analysed. We also examined whether the perceived presence of learning support from their family during the closures or the implementation of distance learning had an impact. The results of multi-level analyses revealed a small negative effect of the school closures on the mathematical achievement gain of pupils in the first cohort. The effect was larger in classes with more disadvantaged pupils. No stronger effect of school closures on younger children, on lower-performing children, or on boys could be found. School closures had no measurable effect on achievement gains in reading. Pupils who were able to learn well at home during school closures had larger achievement gains in reading. (DIPF/Orig.)";"2022";"Aufsatz (Zeitschrift)";"370";"ger";"";"1869-4845; 1869-4934";"Empirische Sonderpädagogik 14 (2022) 4, S. 352-367";"Pädagogische Teildisziplin: Empirische Bildungsforschung; Sonderpädagogik";"02.06.2023";"urn:nbn:de:0111-pedocs-266484";10.25656/01:26648;"Creative Commons Namensnennung - Nicht kommerziell 4.0 International";Peer-Review;"";"https://www.pedocs.de/volltexte/2023/26648/";"https://www.pedocs.de/volltexte/2023/26648/pdf/ESP_2022_4_Schnepel_et_al_Der_Einfluss_der.pdf"
"26649";"Leistungsbewertung in inklusiven Lernkontexten. Wie beurteilen Grundschullehrkräfte die Eignung alternativer Formen der Leistungsbewertung in heterogenen Lerngruppen?";"Kopmann, Henrike; Zeinz, Horst; Kaul, Magdalena";"Performance assessment in inclusive learning contexts. How do primary school teachers evaluate alternative forms of performance assessment in heterogeneous student groups?";"";"";"";"Originalveröffentlichung";"Empirische Forschung; Sonderpädagogik; Schülerleistung; Leistungsbeurteilung; Alternative; Primarbereich; Inklusion; Heterogene Lerngruppe; Lehrer; Grundschule; Sonderpädagogischer Förderbedarf; Schüler; Querschnittuntersuchung; Fragebogenerhebung; Deutschland";"Empirical research; Remedial instruction sciences; Special education for the handicapped; Special needs education; Pupil achievement; Student achievement; Achievement measurement; Achievement test; Pupil Evaluation; Primary education; Primary level; Inclusion; Teacher; Elementary School; Primary school; Primary school lower level; Special Educational Needs; Pupil; Pupils; Questionnaire survey; Germany";"Deutsch";"Durch die sukzessive Umsetzung schulischer Inklusion stellt sich zunehmend die Frage nach geeigneten Maßnahmen, welche die individuelle Leistung von Kindern mit und ohne besonderen Förderbedarf diagnostizieren und unterstützen können. Dabei kommen vermehrt alternative Formen der Leistungsbeurteilung in den Blick. In der vorliegenden Studie wird untersucht, inwiefern diese bei Grundschullehrkräften bekannt und gerade im Hinblick auf den Einsatz für Schülerinnen und Schüler mit sonderpädagogischem Förderbedarf akzeptiert sind. Im Rahmen einer Querschnittsstudie wurden 40 Lehrkräfte an 13 Grundschulen mittels Fragebögen untersucht. Insgesamt waren die genannten alternativen Formen der Leistungsbewertung bekannt und wurden auch als geeignet für die Leistungsbeurteilung von Schülerinnen und Schülern eingeschätzt. Als besonders geeignet für Lernende mit sonderpädagogischem Förderbedarf wurden Lernportfolios angesehen. Kompetenzraster und Schülerinnen- und Schülerselbstbewertungen wurden ebenso positiv eingeschätzt, wohingegen Gruppenarbeitsergebnisse insgesamt als eher ungeeignet angesehen wurden. Korrelationsanalysen zeigten, dass Lehrkräfte, die Lernportfolios, Schülerinnen- und Schülerselbstbewertungen und Gruppenarbeitsergebnisse als geeignete Formen der Leistungsbeurteilung von Lernenden mit sonderpädagogischem Förderbedarf ansahen, auch statistisch signifikant häufiger von einem Einsatz der jeweiligen Form im Unterricht berichteten. Limitationen der Studie sowie mögliche Implikationen der Befunde für weitere Forschungsprojekte, für die Lehrkräftebildung und für die Schulpraxis werden diskutiert. (DIPF/Orig.)";"Englisch";"The successive implementation of school inclusion increasingly raises the question of suitable measures that can diagnose and support the individual performance of children with and without special needs. Alternative forms of performance assessment are increasingly being considered. The present study examines to what extent these are known to primary school teachers and to what extent they are accepted, especially with regard to pupils with special needs. As part of a cross-sectional study, 40 teachers at 13 primary schools were examined using questionnaires. Overall, the alternative forms of assessment mentioned were known and were also considered as suitable for assessing the performance of pupils. Learning portfolios were seen as particularly suitable for pupils with special educational needs. Competence frames and student self-assessments were also rated positively, whereas group work results were generally viewed as rather unsuitable. Correlation analyses showed that teachers who regarded learning portfolios, student self-assessments and group work results as suitable forms of performance assessment of students with special educational needs also reported that the respective form was used more frequently in the classroom. Limitations of the study and possible implications of the findings for further research projects, for teacher training and for school practice are discussed. (DIPF/Orig.)";"2022";"Aufsatz (Zeitschrift)";"370";"ger";"";"1869-4845; 1869-4934";"Empirische Sonderpädagogik 14 (2022) 4, S. 368-404";"Pädagogische Teildisziplin: Empirische Bildungsforschung; Sonderpädagogik";"02.06.2023";"urn:nbn:de:0111-pedocs-266494";10.25656/01:26649;"Creative Commons Namensnennung - Nicht kommerziell 4.0 International";Peer-Review;"";"https://www.pedocs.de/volltexte/2023/26649/";"https://www.pedocs.de/volltexte/2023/26649/pdf/ESP_2022_4_Kopmann_et_al_Leistungsbewertung_in_inklusiven.pdf"
"26650";"Inklusionsorientierung – ein Indikator zum schulartspezifischen Monitoring von Inklusion";"Eckert, Thomas; Dworschak, Wolfgang";"Inclusion orientation – an indicator for a school-specific monitoring of inclusion";"";"";"";"Originalveröffentlichung";"Empirische Forschung; Sonderpädagogik; Inklusion; Schule; Bildungsmonitoring; Schulform; Indikator; Sonderpädagogische Förderung; Integration; Vergleichende Analyse; Bundesland; Bayern; Deutschland";"Empirical research; Remedial instruction sciences; Special education for the handicapped; Special needs education; Inclusion; School; Evaluation of the education system; Monitoring of the education system; Type of school; Indicator; Germany; Educational indicator";"Deutsch";"Das Thema Inklusion hat in den letzten Jahren zunehmend Eingang in die Bildungsberichterstattung gefunden. Die dort vorgenommenen Analysen verwenden als Indikatoren zumeist die Förderquote und den Integrationsanteil. Diese Indikatoren werden dann differenziert nach Bundesländern berichtet, ohne dass weitere Differenzierungen vorgenommen werden. In diesem Beitrag wird gezeigt, warum eine solche Differenzierung mit Hilfe dieser Indikatoren unmöglich ist und es wird eine neuer Indikator, die Inklusionsorientierung, vorgeschlagen, der sich nach Schularten differenzieren lässt. Anschließend werden Unterschiede in der Inklusionsorientierung zwischen Schularten und Bundesländern dargestellt. Dabei zeigt sich u.a., dass die Inklusionsorientierung an Grund- und Sekundarschulen zwischen den Bundesländern sehr unterschiedlich ist. Ein weiterer Befund ist, dass die Unterschiede zwischen den Schularten größer sind als zwischen den Bundesländern. Abschließend werden die Ergebnisse aus der Sicht des Bundeslandes Bayern detailliert interpretiert. (DIPF/Orig.)";"Englisch";"The topic of inclusion has increasingly found its way into Educational monitoring in recent years. The analyses carried out there, mostly use the ‚support rate’ and ‚integration rate’ as indicators. These indicators then are reported differently between the German federal states without any further differentiation. In this article we will show why such further differentiation using these indicators is impossible and we will propose a new indicator called ‘inclusion orientation’ which can be differentiated along school types. After that we will present the differences in inclusion orientation between school types and federal states. The analysis shows among other things, that the inclusion orientation at primary and secondary schools varies greatly between the federal states. Another finding is, that the differences between the school types are greater than between the federal states. Finally, the results are interpreted in detail from the perspective of the state of ‘Bavaria’. (DIPF/Orig.)";"2022";"Aufsatz (Zeitschrift)";"370";"ger";"";"1869-4845; 1869-4934";"Empirische Sonderpädagogik 14 (2022) 4, S. 405-420";"Pädagogische Teildisziplin: Empirische Bildungsforschung; Sonderpädagogik";"02.06.2023";"urn:nbn:de:0111-pedocs-266501";10.25656/01:26650;"Creative Commons Namensnennung - Nicht kommerziell 4.0 International";Peer-Review;"";"https://www.pedocs.de/volltexte/2023/26650/";"https://www.pedocs.de/volltexte/2023/26650/pdf/ESP_2022_4_Eckert_Dworschak_Inklusionsorientierung.pdf"
"27181";"Eine Untersuchung der Beziehung von Bullying, dem Bedürfnis nach sozialer Eingebundenheit und unterstützendem Lehrkraftverhalten bei Schüler*innen in der Sekundarstufe";"Drengk, Christian; Börnert-Ringleb, Moritz";"Examining the relationship of bullying, the need for social relatedness, and supportive teacher behavior among secondary school students";"";"";"";"Originalveröffentlichung";"Empirische Forschung; Sonderpädagogik; Mobbing; Lehrerverhalten; Prävention; Bedürfnis; Soziale Integration; Sekundarstufe I; Schule; Schüler; Fragebogenerhebung; Deutschland";"Empirical research; Remedial instruction sciences; Special education for the handicapped; Special needs education; Learning behavior; Teacher behaviour; Teachers' behavior; Prevention; Social integration; Lower level secondary education; Lower secondary; Lower secondary education; Secondary education lower level; School; Pupil; Pupils; Questionnaire survey; Germany";"Deutsch";"Wenn Entstehungsprozesse und Hintergründe von Bullying untersucht werden, wird in der Fachliteratur deutlich, dass Täter*innen Bullying betreiben, um persönliche Ziele zu verfolgen. Als erstrebenswerte Ziele können die Befriedigung der psychologischen Grundbedürfnisse nach sozialer Eingebundenheit, Kompetenzerleben und Autonomie genannt werden. Der vorliegende Beitrag stellt die These auf, dass Bullying als Kompensationshandlung initiiert wird, wenn es nicht anderweitig zur Befriedigung des grundlegenden Bedürfnisses nach sozialer Eingebundenheit und zu Frustrationsgefühlen in diesem Bereich kommt. Die Ergebnisse deuten an, dass Lehrkraftverhalten, das sich auf die Bedienung dieses psychologischen Grundbedürfnisses fokussiert, zur Reduzierung von Bullying beitragen könnte. In diesem Beitrag werden die Daten von N = 541 Lernenden der Klassenstufen sieben bis zehn im Rahmen eines Strukturgleichungsmodells analysiert und die Beziehung von Bullyingverhalten dem Bedürfnis nach sozialer Eingebundenheit und dem unterstützenden Lehrkraftverhalten gegenüber den Lernenden betrachtet. Die Ergebnisse deuten an, dass unterstützendes Lehrkraftverhalten im Zusammenhang mit Bullying stehen könnte und sich Teile dieses Zusammenhangs über die Frustration des Bedürfnisses nach sozialer Eingebundenheit erklären lassen könnten. (DIPF/Orig.)";"Englisch";"By examining the processes of development and the motivation of bullying, it becomes evident in the literature that perpetrators engage in bullying in order to pursue personal goals. Sustainable goals can include the satisfaction of basic psychological needs for social relatedness, competence, and autonomy. This paper posits that bullying is initiated as an act of compensation if the basic need for social relatedness is not satisfied or even frustrated. Findings suggest that teacher behavior that focus on attending this basic psychological need may help reduce bullying. This paper analyzes data from N = 541 learners in grades seven to ten within a structural equation model to examine the relationship of bullying, the need for social relatedness, and supportive teacher behavior. The results suggest that supportive teacher behavior is related to the development of bullying and that parts of this relationship can be explained by the frustration of the need for social relatedness. (DIPF/Orig.)";"2023";"Aufsatz (Zeitschrift)";"370";"ger";"";"1869-4845; 1869-4934";"Empirische Sonderpädagogik 15 (2023) 1, S. 3-20";"Pädagogische Teildisziplin: Empirische Bildungsforschung; Sonderpädagogik";"18.08.2023";"urn:nbn:de:0111-pedocs-271817";10.25656/01:27181;"Creative Commons Namensnennung - Nicht kommerziell 4.0 International";Peer-Review;"";"https://www.pedocs.de/volltexte/2023/27181/";"https://www.pedocs.de/volltexte/2023/27181/pdf/ESP_2023_1_Drengk_Boernert-Ringleb_Eine_Untersuchung_der.pdf"
"27182";"Psychische Auffälligkeiten von Kindern und Jugendlichen an Förderschulen mit dem Förderschwerpunkt Emotionale und soziale Entwicklung";"Hanisch, Charlotte; Vögele, Ulrike; Leidig, Tatjana; Döpfner, Manfred; Niemeier, Émilie; Hennemann, Thomas";"Mental health problems of children and adolescents at special schools for emotional and behavioral disorders";"";"";"";"Originalveröffentlichung";"Empirische Forschung; Sonderpädagogik; Psychische Auffälligkeit; Sonderschule; Affektive Entwicklung; Soziale Entwicklung; Förderschwerpunkt; Schüler; Mental Health; Psychische Störung; Querschnittuntersuchung; Deutschland";"Empirical research; Remedial instruction sciences; Special education for the handicapped; Special needs education; School for the handicapped; Special needs school; Special school; Affective development; Social change; Social development; Pupil; Pupils; Mental disturbance; Germany";"Deutsch";"Bisher liegen für Deutschland kaum belastbare Daten zur Verbreitung psychischer Auffälligkeiten und zur Inanspruchnahme von Versorgungsleistungen von Schüler*innen an Förderschulen mit dem Förderschwerpunkt emotionale-soziale Entwicklung (FSP EsE) vor. Die vorliegende Studie geht daher der Fragestellung nach, wie häufig die unterschiedlichen Formen psychischer Auffälligkeiten an Förderschulen mit dem FSP EsE vorkommen und wie sich die Versorgungssituation betroffener Schüler*innen darstellt. Hierzu schätzten Lehrkräfte an sieben Förderschulen mit dem FSP EsE das Verhalten ihrer 6 – 18 Jahre alten Schüler*innen (N = 745) mit Hilfe des Fragebogens DISYPS-III (Döpfner & Görtz-Dorten, 2017) ein. 60,5% der Schüler*innen wurden als auffällig bzw. sehr auffällig im Bereich Aufmerksamkeitsdefizit-/ Hyperaktivitätsstörung (ADHS) beschrieben. Auffälligkeiten im Bereich oppositioneller Störungen (OPP) lagen aus Sicht der Lehrkräfte bei 42% aller Schüler*innen, im Bereich der Störung des Sozialverhaltens (SSV) bei 25,9%, der Angststörung bei 6,5% und der Depression bei 15,0% vor. Bei einem beträchtlichen Anteil der Schüler*innen wurden Auffälligkeiten in mehreren Bereichen gesehen, z. B. wiesen 47,1% derjenigen, die als auffällig im Bereich ADHS eingeschätzt wurden, auch Auffälligkeiten in Bezug auf OPP/ SSV auf. Bei 20,7% traten Symptome der SSV gemeinsam mit depressiven Problemen auf. Demgegenüber steht eine sehr viel geringere Anzahl an Schüler*innen, die außerschulische Unterstützungsleistungen wie Psychotherapie, Jugendhilfe etc. erhalten. (DIPF/Orig.)";"Englisch";"So far, there are no reliable data on the prevalence of mental health problems and the use of care services of students at special schools for emotional and behavioral disorders (EBD). Therefore, the current study investigates how often the different forms of mental disorders can be found at special schools for EBD and how the care situation of affected students can be described. As part of the PEARL research project, seven special schools for students with EBD (N = 745) were surveyed for mental health problems and the use of care services. Using the DISYPS-III questionnaire (Döpfner & Görtz-Dorten, 2017), teachers rated 60.5% of their 6 – 18 years old students to have severe problems in the area of ADHD. Symptoms of oppositional disorders (OPP) were present in 42% of all students, in the area of conduct disorder (CD) in 25.9%, anxiety disorder in 6.5%, and depression in 15.0%. A significant proportion of students were seen to have severe problems in multiple domains, e.g., 47.1% of those assessed as having symptoms of ADHD also had symptoms related to OPP/ SSV. In 20.7%, symptoms of SSV co-occurred with depressive problems. In contrast, there is a much smaller number of students who receive support services outside of school, such as psychotherapy, youth services, etc. (DIPF/Orig.)";"2023";"Aufsatz (Zeitschrift)";"370";"ger";"";"1869-4845; 1869-4934";"Empirische Sonderpädagogik 15 (2023) 1, S. 21-37";"Pädagogische Teildisziplin: Empirische Bildungsforschung; Sonderpädagogik";"18.08.2023";"urn:nbn:de:0111-pedocs-271820";10.25656/01:27182;"Creative Commons Namensnennung - Nicht kommerziell 4.0 International";Peer-Review;"";"https://www.pedocs.de/volltexte/2023/27182/";"https://www.pedocs.de/volltexte/2023/27182/pdf/ESP_2023_1_Hanisch_et_al_Psychische_Auffaelligkeiten.pdf"
"27183";"Game-based assessment of early mathematical competencies. A pilot study";"Skillen, Johanna; Ricken, Gabi; Seitz-Stein, Katja";"Pilotierung eines spielbasierten Verfahrens zur Erfassung basisnumerischer Kompetenzen";"";"";"";"Originalveröffentlichung";"Empirische Forschung; Sonderpädagogik; Spielerisches Lernen; Frühpädagogik; Numerische Mathematik; Kompetenz; Zahlenspiel; Mathematische Kompetenz; Kompetenzmessung; Kindergartenalter; Diagnostik; Leistungsmessung; Screening; Deutschland";"Empirical research; Remedial instruction sciences; Special education for the handicapped; Special needs education; Learning by playing; Early childhood education; Competency; Mathematics Achievement; Mathematics skills; Competency measurement; Skills measurement; Skills measurements; Diagnostic; Achievement measurement; Performance measurement; Germany; Playing";"Englisch";"This study examined a game-based screening tool for measuring early mathematical competencies. Since these competencies have been shown to be predictors of later mathematical achievement, assessment tools are required that identify children who are at risk of experiencing developmental difficulties in this area. Game-based approaches have been effective in nurturing early mathematical competencies, but only few studies have examined their potential in assessment. Tasks that address prognostic, relevant competencies in accordance with two developmental models were embedded in a number board game. A sample of 300 German four-to-six-year-olds played the game. We compared the children’s performance with that of standardized tests. The results confirmed the applicability of the approach and indicated satisfactory internal consistency and content as well as concurrent validity. Moreover, the screening tool identified about 80 % of the children whose performance was clearly below average. The authors discuss the advantages and disadvantages of game-based assessment. (DIPF/Orig.)";"Deutsch";"Die Studie untersucht, ob basisnumerische Kompetenzen mithilfe eines spielbasierten Screeningverfahrens erfasst werden können. Da sich diese Kompetenzen als bedeutsam für schulische Mathematikleistungen erweisen, besteht ein Bedarf an Verfahren, mit denen Entwicklungsschwierigkeiten frühzeitig erkannt werden können. Spielbasierte Verfahren haben sich in der Förderung als wirksam erwiesen. Für die Diagnostik wurde ihr Potential noch wenig überprüft. Ausgehend von zwei Entwicklungsmodellen wurden Aufgaben ausgewählt, die prognostisch relevante mathematische Kompetenzen adressieren und in ein Zahlenbrettspiel eingebettet. Eine Stichprobe von 300 deutschen Kindergartenkindern im Alter von 4 bis 6 Jahren spielte das Spiel. Zum Vergleich wurden standardisierte Testverfahren eingesetzt. Die Ergebnisse bestätigen die Durchführbarkeit und sprechen für eine zufriedenstellende Reliabilität, sowie für Inhalts- und konkurrente Validität. Mithilfe des Screenings konnten rund 80 % der Kinder als leistungsschwach identifiziert werden, die in den standardisierten Verfahren altersabweichende Leistungen zeigten. Stärken und Schwächen einer spielbasierten Erfassung werden diskutiert. (DIPF/Orig.)";"2023";"Aufsatz (Zeitschrift)";"370";"eng";"";"1869-4845; 1869-4934";"Empirische Sonderpädagogik 15 (2023) 1, S. 38-60";"Pädagogische Teildisziplin: Empirische Bildungsforschung; Sonderpädagogik";"18.08.2023";"urn:nbn:de:0111-pedocs-271837";10.25656/01:27183;"Creative Commons Namensnennung - Nicht kommerziell 4.0 International";Peer-Review;"";"https://www.pedocs.de/volltexte/2023/27183/";"https://www.pedocs.de/volltexte/2023/27183/pdf/ESP_2023_1_Skillen_et_al_Game-based_assessment.pdf"
"27184";"Moralische Einstellungen. Ein Vergleich von Jugendlichen ohne und mit Förderschwerpunkt emotional-soziale Entwicklung und Lernen";"Schütz-Wilke, Jessica; Bäker, Neele; Koglin, Ute";"Moral attitudes. A comparison of adolescents without and with special educational needs in emotional-social development and learning";"";"";"";"Originalveröffentlichung";"Empirische Forschung; Sonderpädagogik; Moral; Einstellung <Psy>; Jugendlicher; Förderschwerpunkt; Lernen; Affektive Entwicklung; Soziale Entwicklung; Moralische Entwicklung; Moralpsychologie; Verhaltensentwicklung; Ethisches Verhalten; Fragebogenerhebung; Querschnittuntersuchung; Deutschland";"Empirical research; Remedial instruction sciences; Special education for the handicapped; Special needs education; Morals; Adolescent; Learning; Affective development; Social change; Social development; Moral development; Questionnaire survey; Germany";"Deutsch";"Jugendliche in den sonderpädagogischen Förderschwerpunkten emotional-soziale Entwicklung und Lernen sind im Hinblick auf ihre Moralentwicklung unterschiedlichen Risiken wie Beeinträchtigungen in der Selbstregulierung, im Emotionserleben und in kognitiven Fähigkeiten ausgesetzt. Im Kontext, der sich ausweitenden Forschung zu moralpsychologischen und -pädagogischen Fragestellungen zeigt sich, dass die Zielgruppe von Jugendlichen mit sonderpädagogischen Förderschwerpunkten weitgehend unberücksichtigt gelassen worden ist. Ziel dieser Studie ist es, Unterschiede in der Moral von Jugendlichen in den Förderschwerpunkten der emotional-sozialen Entwicklung und Lernen im Vergleich zu Jugendlichen ohne Förderschwerpunkt zu untersuchen. Insgesamt bearbeiteten N = 649 Jugendliche einen Fragebogenkatalog zu moralischen Einstellungen. Für Jugendliche im Förderschwerpunkt der emotional-sozialen Entwicklung zeigen sich Unterschiede in den Konstrukten moralische Entscheidungen (behaviorale Komponente) und Emotionszuschreibungen (affektive Komponente). Demnach entscheiden sich Jugendliche im Förderschwerpunkt der emotional-sozialen Entwicklung seltener moralisch und schreiben unmoralischen Entscheidungen positivere Gefühle zu. Jugendliche im Förderschwerpunkt Lernen zeigen im Vergleich zu Jugendlichen ohne Förderschwerpunkt eine geringere Zulässigkeit für unmoralische (selbstsüchtige) Entscheidungen (kognitive Komponente). Die Ergebnisse deuten die Relevanz weiterer Forschung sowie der Förderung moralischer Einstellungen an. Es werden mögliche Fördermaßnahmen diskutiert. (DIPF/Orig.)";"Englisch";"Adolescents with special educational needs in emotional-social development and learning are exposed to different risks with regard to their moral development, such as impairments in self-regulation, emotional experience and cognitive abilities. In context of the expanding research on moral psychology and education, it appears that the target group of adolescents with special educational needs has been largely disregarded. The aim of this study is to investigate differences in the morality of adolescents with special needs in emotional-social development and learning in comparison to adolescents without special needs. A total of N = 649 adolescents completed a questionnaire on moral attitudes. SPSS was used for data analysis. For adolescents with special needs in emotional-social development, differences in the constructs moral decisions (behavioral component) and emotion attributions (affective component) were found. According to this study, adolescents with an emotional-social development focus are less likely to make moral decisions and attribute more positive feelings to immoral decisions. Adolescents with special needs education in learning show a lower permissibility for immoral (selfish) decisions (cognitive component) compared to adolescents without these special needs. The results suggest the relevance of further research as well as the support of moral attitudes. Possible measures are discussed. (DIPF/Orig.)";"2023";"Aufsatz (Zeitschrift)";"370";"ger";"";"1869-4845; 1869-4934";"Empirische Sonderpädagogik 15 (2023) 1, S. 61-78";"Pädagogische Teildisziplin: Empirische Bildungsforschung; Sonderpädagogik";"18.08.2023";"urn:nbn:de:0111-pedocs-271843";10.25656/01:27184;"Creative Commons Namensnennung - Nicht kommerziell 4.0 International";Peer-Review;"";"https://www.pedocs.de/volltexte/2023/27184/";"https://www.pedocs.de/volltexte/2023/27184/pdf/ESP_2023_1_Schuetz-Wilke_et_al_Moralische_Einstellungen.pdf"
"27185";"Beanspruchungserleben von Lehrpersonen an Schulen für Kinder und Jugendliche mit geistiger Behinderung. Zusammenhänge mit Klasseneigenschaften";"Amstad, Meta; Hofmann, Verena; Müller, Christoph Michael";"Burnout risk of teachers at schools for children and adolescents with intellectual disabilities. Associations with classroom characteristics";"";"";"";"Originalveröffentlichung";"Empirische Forschung; Sonderpädagogik; Lehrer; Beanspruchung; Belastung; Burnout-Syndrom; Sonderschule; Geistige Behinderung; Heterogenität; Schulklasse; Lehrberuf; Deutschsprachige Schweiz; Schweiz";"Empirical research; Remedial instruction sciences; Special education for the handicapped; Special needs education; Teacher; Teacher burnout; School for the handicapped; Special needs school; Special school; Oligophrenia; Heterogeneity; School class; Apprenticeship trade; Teaching profession; German-speaking Switzerland; Switzerland; Heterogeneous class";"Deutsch";"Lehrpersonen an Schulen für Kinder und Jugendliche mit geistiger Behinderung sind verschiedenen beruflichen Belastungsfaktoren ausgesetzt, die zu einem erhöhten Beanspruchungsrisiko dieser Berufsgruppe beitragen können. Dabei ist für diesen Schulkontext weitgehend offen, welche Eigenschaften der Schülerschaft auf Klassenebene mit individueller Beanspruchung zusammenhängen. Die vorliegende Studie beabsichtigte daher, Assoziationen zwischen dem Beanspruchungserleben von Lehrpersonen an sonderpädagogischen Schulen für Kinder und Jugendliche mit geistiger Behinderung in der Deutschschweiz mit Klassenmerkmalen (Klassengröße, Alter, Ausprägung von Alltagskompetenzen und Verhaltensproblemen der Schülerschaft) zu untersuchen. Als Individualmerkmale wurden das Geschlecht und Alter der Lehrpersonen statistisch kontrolliert. Es wurden 316 Lehrpersonen (85.2% weiblich; Alter M = 47.63, SD = 10.52 Jahre), tätig in 16 sonderpädagogischen Schulen, mit Hilfe des Maslach Burnout Inventory (Maslach & Jackson, 1981b) befragt. Mehrebenenanalytische Auswertungen zeigten, dass die Ausprägung von Alltagskompetenzen und Verhaltensproblemen der Schülerschaft auf Klassenebene spezifische Aspekte des Beanspruchungserlebens von Lehrpersonen vorhersagten. Die Ergebnisse werden vor dem Hintergrund der Prävention von Burnout bei Lehrpersonen diskutiert. (DIPF/Orig.)";"Englisch";"Teachers at schools for children and adolescents with intellectual disabilities encounter various occupational stress factors that may contribute to an increased risk of burnout. However, in this school context, it is largely unclear which student characteristics at the classroom level are related to teachers’ individual burnout risk. Therefore, the present study investigated associations of the experienced burnout of teachers at special needs schools for children and adolescents with intellectual disabilities in the German-speaking part of Switzerland with classroom characteristics (class size, students’ age, and levels of adaptive and problem behaviors). As individual characteristics, gender and age of teachers were statistically controlled. There were 316 teachers (85.2% female; age M = 47.63, SD = 10.52 years), working in 16 special education schools, surveyed using the Maslach Burnout Inventory (Maslach & Jackson, 1981b). Multilevel analyses revealed that the expression of adaptive and problem behaviors of the students at the classroom level predicted specific aspects of teachers’ experienced burnout. The results are discussed in terms of prevention of teacher burnout. (DIPF/Orig.)";"2023";"Aufsatz (Zeitschrift)";"370";"ger";"";"1869-4845; 1869-4934";"Empirische Sonderpädagogik 15 (2023) 1, S. 79-98";"Pädagogische Teildisziplin: Empirische Bildungsforschung; Sonderpädagogik";"18.08.2023";"urn:nbn:de:0111-pedocs-271853";10.25656/01:27185;"Creative Commons Namensnennung - Nicht kommerziell 4.0 International";Peer-Review;"";"https://www.pedocs.de/volltexte/2023/27185/";"https://www.pedocs.de/volltexte/2023/27185/pdf/ESP_2023_1_Amstad_et_al_Beanspruchungserleben_von_Lehrpersonen.pdf"
"23912";"Selbstkonzept und sportliche Aktivität von Kindern mit geistiger Behinderung";"Schluchter, Thierry; Eckhart, Michael; Nagel, Siegfried; Valkanover, Stefan";"Self-concept and sports activity of children with intellectual disabilities";"";"";"";"Originalveröffentlichung";"Sonderpädagogik; Geistige Behinderung; Sport; Sportaktivität; Selbstkonzept; Primarbereich; Empirische Forschung; Messung; Fragebogenerhebung; Schweiz";"Remedial instruction sciences; Special education for the handicapped; Special needs education; Oligophrenia; Sports; Self concept; Primary education; Primary level; Empirical research; Questionnaire survey; Switzerland";"Deutsch";"Sport kann für Menschen mit Behinderungen sowohl positive als auch negative Wirkungen haben, was besonders deutlich wird, wenn auf das Selbstkonzept fokussiert wird. Die wenigen hierzu vorliegenden Forschungsergebnisse sind zum Teil widersprüchlich. So ist unklar, ob das Selbstkonzept von Menschen mit geistiger Behinderung (GB) mit bewährten Verfahren gemessen werden kann und welche Ausprägung es hat. Der vorliegende Beitrag beschäftigt sich mit diesem Forschungsdesiderat und konzentriert sich auf den Zusammenhang zwischen sportlichen Freizeitaktivitäten und dem sportbezogenen Fähigkeitsselbstkonzept sowie auf dessen Bedeutung für das generelle Selbstkonzept. Die Ergebnisse des schweizerischen Nationalfondsprojekts Soziale Partizipation von Kindern mit einer geistigen Behinderung im integrativen Schul- und Vereinssport (SoPariS) zeigen, dass die angepassten Fragebogenskalen in der Lage sind, das Selbstkonzept von Kindern mit GB reliabel zu messen. Sie zeigen zudem, dass die befragten Kinder mit GB über ein höheres generelles Selbstkonzept und ein tieferes sportbezogenes Fähigkeitsselbstkonzept verfügen und dass sie sportlich weniger aktiv sind als Kinder ohne GB. Die Ergebnisse weisen zudem auf Zusammenhänge zwischen sportlichen Freizeitaktivitäten und dem Selbstkonzept hin. (DIPF/Orig.)";"Englisch";"Sport can have both positive and negative effects for people with disabilities, which is particularly evident when focusing on self-concept. The few research findings available on this are partly contradictory. It is unclear whether the self-concept of people with intellectual disabilities (ID) can be measured using established methods and what its expression is. This paper addresses this research desideratum and focuses on the relationship between sport-related leisure activities and sport-related ability self-concept and its importance on the general self-concept. The results of the Swiss National Science Foundation Project Social Participation of Children with Intellectual Disabilities in Inclusive Physical Education and Sport Clubs (SoPariS) show that the adapted questionnaire scales can reliably measure the self-concept of children with ID. They also show that the surveyed children with ID have a higher general self-concept and a lower sport-related ability self-concept than children without ID and that they are less active in sports. The results also indicate connections between sporting leisure activities and the self-concept. (DIPF/Orig.)";"2021";"Aufsatz (Zeitschrift)";"370";"ger";"";"1869-4845; 1869-4934";"Empirische Sonderpädagogik 13 (2021) 3, S. 185-200";"Pädagogische Teildisziplin: Empirische Bildungsforschung; Sonderpädagogik";"27.01.2022";"urn:nbn:de:0111-pedocs-239121";10.25656/01:23912;"Deutsches Urheberrecht";Peer-Review;"";"https://www.pedocs.de/volltexte/2022/23912/";"https://www.pedocs.de/volltexte/2022/23912/pdf/ESP_2021_3_Schluchter_et_al_Selbstkonzept_und_sportliche.pdf"
"23913";"The social relationships of students with intellectual disabilities in inclusive classrooms";"Garrote, Ariana; Moser Opitz, Elisabeth";"Die sozialen Beziehungen von Schülern mit geistigen Behinderungen in integrativen Klassen";"";"";"";"Originalveröffentlichung";"Empirische Forschung; Sonderpädagogik; Geistige Behinderung; Soziale Beziehung; Integrationsklasse; Inklusion; Peer Group; Primarbereich; Freundschaft; Schweiz";"Empirical research; Remedial instruction sciences; Special education for the handicapped; Special needs education; Oligophrenia; Social relations; Inclusion class; Integration classes; Inclusion; Peer groups; Primary education; Primary level; Friendship; Switzerland";"Englisch";"Social relationships with peers are very important for the development of all children. However, studies show that learners with special educational needs have greater difficulties in forming social relationships with peers than their classmates. However, research data and findings for children with intellectual disabilities (ID) are sparse. The present study investigates the social relationships of 7- to 8-year-old children with ID (n = 35) in inclusive classrooms (first to third year) over the course of one school year. Compared to a sample of matched same-sex classmates without ID with similar social skills (n = 35), the children with ID were less frequently named as playmates and had fewer reciprocal relationships at the end of the school year. There were no differences between children with and without ID in terms of nominations given, reciprocal relationships at the beginning of the school year and stable relationships. The results thus indicate that children with ID and without ID with comparable social skills had a similar number of stable relationships. However, children with ID formed fewer reciprocal relationships than their peers with similar social skills. Both children with IB and children without ID maintained stable reciprocal relationships mostly with same-sex peers (n = 26) who had significantly higher social skills. These findings provide important evidence for the development of strategies to promote social interactions and relationships in inclusive classrooms. (DIPF/Orig.)";"Deutsch";"Soziale Beziehungen mit Gleichaltrigen sind für die Entwicklung von allen Kindern sehr bedeutsam. Studien zeigen jedoch auf, dass Lernende mit sonderpädagogischem Förderbedarf größere Schwierigkeiten haben soziale Beziehungen mit Gleichaltrigen einzugehen als ihre Mitschülerinnen und Mitschüler. Bezüglich von Kindern mit einer intellektuellen Beeinträchtigung (IB) ist die Befundlage allerdings dünn. Die vorliegende Studie untersucht die sozialen Beziehungen von 7- bis 8-jährigen Kindern mit IB (n = 35) in inklusiven Klassen (erstes bis drittes Schuljahr) über ein Schuljahr hinweg. Verglichen mit einer Stichprobe von gepaarten gleichgeschlechtlichen Mitschülerinnen und Mitschüler ohne IB mit ähnlichen sozialen Fähigkeiten (n = 35) wurden die Kinder mit IB weniger häufig als Spielkameradinnen und Spielkameraden genannt und hatten am Ende des Schuljahres weniger reziproke Beziehungen. Bezüglich der abgegebenen Nominationen, der reziproken Beziehungen zu Beginn des Schuljahres und bezüglich stabiler Beziehungen zeigten sich jedoch keine Unterschiede zwischen Kindern mit und ohne IB. Die Ergebnisse weisen somit darauf hin, dass Kinder mit IB und ohne IB mit vergleichbaren sozialen Fähigkeiten über ähnlich viele stabile Beziehungen verfügen. Kinder mit IB bauten aber weniger reziproke Beziehungen auf als ihre Mitschülerinnen und Mitschüler mit ähnlichen sozialen Fähigkeiten. Sowohl Kinder mit IB als auch Kinder ohne IB pflegten stabile reziproke Beziehungen mehrheitlich mit gleichgeschlechtlichen Gleichaltrigen (n = 26), die deutlich höhere soziale Fähigkeiten besaßen. Diese Ergebnisse liefern wichtige Hinweise für die Entwicklung von Strategien zur Förderung von sozialen Interaktionen und Beziehungen in inklusiven Klassen. (DIPF/Orig.)";"2021";"Aufsatz (Zeitschrift)";"370";"eng";"";"1869-4845; 1869-4934";"Empirische Sonderpädagogik 13 (2021) 3, S. 201-215";"Pädagogische Teildisziplin: Empirische Bildungsforschung; Sonderpädagogik";"27.01.2022";"urn:nbn:de:0111-pedocs-239138";10.25656/01:23913;"Deutsches Urheberrecht";Peer-Review;"";"https://www.pedocs.de/volltexte/2022/23913/";"https://www.pedocs.de/volltexte/2022/23913/pdf/ESP_2021_3_Garrote_MoserOpitz_The_social_relationships.pdf"
"23914";"Förderbedarf gleich Ausgrenzung? Ein systematischer Forschungsreview zur sozialen Dimension schulischer Inklusion in der Primarstufe in Deutschland";"Böttinger, Traugott";"Special educational needs equal social exclusion? A systematic review regarding inclusion and its social dimension in primary schools in Germany";"";"";"";"Originalveröffentlichung";"Empirische Forschung; Sonderpädagogik; Inklusion; Primarbereich; Exklusion; Soziale Ausgrenzung; Integrative Beschulung; Soziale Partizipation; Sonderpädagogischer Förderbedarf; Systematic Review; Deutschland";"Empirical research; Remedial instruction sciences; Special education for the handicapped; Special needs education; Inclusion; Primary education; Primary level; Social participation; Special Educational Needs; Germany; Literary review";"Deutsch";"Die soziale Dimension der Inklusion von Schülerinnen und Schülern mit sonderpädagogischem Förderbedarf (SFB) im Gemeinsamen Unterricht ist für ein ganzheitliches Inklusionsverständnis grundlegend. Dieser Forschungsreview analysiert ausgehend von einer Datenbankrecherche 40 Studien, die sich mit der genannten Thematik in Grundschulen in Deutschland beschäftigen. Zum einen wird der Frage nachgegangen, welche Begrifflichkeiten genutzt und wie diese definiert werden. Zum anderen wird herausgearbeitet, ob ein erhöhtes Risiko sozialer Ausgrenzung vorliegt. Die Ergebnisse zeigen erstens, dass keine einheitliche thematische Begriffsverwendung vorliegt. Zweitens ergibt sich kein eindeutiges Forschungsbild, auch wenn die Mehrheit der Studien ein Ausgrenzungsrisiko feststellt. Da die Resultate auch von den verwendeten Forschungsmethoden abhängen, werden diese diskutiert. (DIPF/Orig.)";"Englisch";"The social dimension concerning the inclusion of pupils with special educational needs (SEN) in school is an important part of an entire understanding of inclusion. This article is a review of educational research studies related to the social dimension of inclusion in primary schools in Germany. By the use of a literature analysis with different electronic databases, 40 publications are selected to answer two different questions. The first question asks, how different terms and definitions are used in the literature. Secondly the review tries to answer, if pupils with SEN face a higher risk of social exclusion. The results show an inconsistent use of definitions and concepts. Furthermore, the current state of research draws no consistent image either, though most of the studies find pupils with SEN to be gemore likely excluded by their classmates. The review also discusses the fact, that the differing results depend on the research methods used in the studies. (DIPF/Orig.)";"2021";"Aufsatz (Zeitschrift)";"370";"ger";"";"1869-4845; 1869-4934";"Empirische Sonderpädagogik 13 (2021) 3, S. 216-237";"Pädagogische Teildisziplin: Empirische Bildungsforschung; Sonderpädagogik";"27.01.2022";"urn:nbn:de:0111-pedocs-239142";10.25656/01:23914;"Deutsches Urheberrecht";Peer-Review;"";"https://www.pedocs.de/volltexte/2022/23914/";"https://www.pedocs.de/volltexte/2022/23914/pdf/ESP_2021_3_Boettinger_Foerderbedarf_gleich_Ausgrenzung.pdf"
"23915";"Zusammenhänge von Annahmen über ADHS mit günstigen und ungünstigen Erwartungen. Eine explorative Studie mit angehenden sonderpädagogischen Lehrkräften";"Hennig, Timo; Reininger, Klaus Michael; Schütt, Marie-Luise; Doll, Jörg; Ricken, Gabi";"Associations of assumptions about ADHD with favorable and unfavorable expectations. An exploratory study with prospective special education teachers";"";"";"";"Originalveröffentlichung";"Empirische Forschung; Sonderpädagogik; Aufmerksamkeits-Defizit-Hyperaktivitäts-Störung; Verhaltensauffälligkeit; Stigmatisierung; Lehrerbildung; Inklusion; Integrative Schule; Erwartungshaltung; Annahme; Lehrer; Lehramtsstudent; Umfrage; Deutschland";"Empirical research; Remedial instruction sciences; Special education for the handicapped; Special needs education; Attention deficit disorders; Teacher education; Teachers' training; Inclusion; Inclusive education; Inclusive school; Teacher; Student teachers; Germany";"Deutsch";"Die Aufmerksamkeitsdefizit-/Hyperaktivitätsstörung (ADHS) ist eine häufig diagnostizierte Störung, mit der Lehrkräfte aller Schulformen konfrontiert werden. Wenig untersucht sind die Annahmen von angehenden und praktizierenden Lehrkräften über ADHS und ob diese mit ungünstigen Erwartungen zusammenhängen, die als negative selbsterfüllende Prophezeiungen wirken können. Anhand von Daten einer Online-Umfrage mit Studierenden der Sonderpädagogik (N = 197) werden Zusammenhänge von Annahmen über die Verteilung, Verursachung und Veränderbarkeit von ADHS mit affektiven Reaktionen auf ein betroffenes Kind sowie Erwartungen über dessen zukünftige Entwicklung regressionsanalytisch untersucht. Tendenziell zeigen sich Zusammenhänge zwischen der Annahme eines ADHS-Kontinuums (im Gegensatz zu einer distinkten Störung) mit einer günstigeren Sozialprognose, allerdings auch mit einer geringeren Bereitschaft einem Kind mit ADHS zu helfen. Psychosoziale Ursachenannahmen hängen mit einer pessimistischen Entwicklungserwartung zusammen, allerdings auch mit günstigen affektiven Reaktionen. Weiterhin zeigen sich Zusammenhänge biogenetischer Ursachenannahmen mit einer günstigen affektiven Reaktion, allerdings auch mit der Erwartung von größeren Lern-Leistungsproblemen. Die im Sinne eines Fixed Mindset untersuchte Annahme der Unveränderbarkeit von ADHS hängt weder mit affektiven Reaktionen noch mit Entwicklungserwartungen zusammen. Die Studienergebnisse deuten auf komplexe Zusammenhänge zwischen Annahmen über die Verteilung und Verursachung von ADHS sowohl mit günstigen als auch mit ungünstigen Reaktionen und Erwartungen hin, die weiter untersucht werden sollten. Insgesamt sind die festgestellten Zusammenhänge eher klein und fallen zum Teil erwartungswidrig aus, so dass weiterführende Studien notwendig sind. Die Ergebnisse stützen die Einschätzung, dass Aus- und Fortbildungen für (angehende) Lehrkräfte zum Thema ADHS differenziertes Wissen zur Störung und zum Umgang mit der Diagnose vermitteln sollten. (DIPF/Orig.)";"Englisch";"Attention-deficit/hyperactivity disorder (ADHD) is a frequently diagnosed disorder teachers of all types of schools are confronted with. Little research has been conducted on prospective and practicing teachers’ assumptions about ADHD and whether these are related to unfavorable expectations that can act as negative self-fulfilling prophecies. Using data from an online survey with special education students (N = 197), we analyzed associations between assumptions about the distribution, causation, and mutability of ADHD with affective reactions to a child diagnosed with ADHD as well as with expectations about its future development using regression analyses. The assumption of an ADHD continuum (as opposed to a distinct disorder) tended to be associated with a more favorable social prognosis but also with a lower willingness to help a child with ADHD. Moreover, biogenetic causal assumptions were associated with favorable affective reactions, but also with expectations of greater learning performance problems. Psychosocial causal assumptions were associated with pessimistic expectations of future development, but also with favorable affective reactions. The assumption of the immutability of ADHD, examined in terms of a fixed mindset, was not related to affective reactions or developmental expectations. The results indicate complex relationships between assumptions about the distribution and causation of ADHD with both favorable and unfavorable reactions and expectations that should be further  investigated. Overall, the associations found were rather small and some turned out to be contrary to our expectations, so further studies are needed. The results corroborate the notion that (advanced) training for (prospective) teachers about ADHD should convey nuanced knowledge on the disorder and how to deal with the diagnosis. (DIPF/Orig.)";"2021";"Aufsatz (Zeitschrift)";"370";"ger";"";"1869-4845; 1869-4934";"Empirische Sonderpädagogik 13 (2021) 3, S. 238-266";"Pädagogische Teildisziplin: Empirische Bildungsforschung; Sonderpädagogik";"27.01.2022";"urn:nbn:de:0111-pedocs-239154";10.25656/01:23915;"Deutsches Urheberrecht";Peer-Review;"";"https://www.pedocs.de/volltexte/2022/23915/";"https://www.pedocs.de/volltexte/2022/23915/pdf/ESP_2021_3_Hennig_et_al_Zusammenhaenge_von_Annahmen.pdf"
"23916";"Elterliche Schulwahlmotive und der Besuch einer Förderschule oder einer allgemeinen Schule bei Kindern mit und Kindern ohne Zuwanderungshintergrund";"Kölm, Jenny; Gresch, Cornelia";"Parental motives for school choice and attendance of a special school or a general school for children with and children without an immigrant background";"";"";"";"Originalveröffentlichung";"Empirische Forschung; Sonderpädagogik; Schulwahl; Sonderschule; Allgemein bildende Schule; Migrationshintergrund; Familie; Sonderpädagogischer Förderbedarf; Schulform; Übergang Primarstufe - Sekundarstufe I; Sekundäranalyse; Primarbereich; Deutschland";"Empirical research; Remedial instruction sciences; Special education for the handicapped; Special needs education; Choice of school; Parent Choice; School for the handicapped; Special needs school; Special school; General education school; Immigrant background; Migration background; Family; Special Educational Needs; Type of school; Primary education; Primary level; Germany";"Deutsch";"Zwar sind Kinder mit sonderpädagogischem Förderschwerpunkt Lernen aus zugewanderten Familien an Förderschulen häufig überrepräsentiert, bei vergleichbaren schulischen Kompetenzen und Lernvoraussetzungen besuchen sie jedoch seltener eine Förderschule statt einer allgemeinen Schule als Kinder ohne Zuwanderungshintergrund. Zur Erklärung könnten Schulwahlmotive von Eltern beitragen, wenn sich diese zwischen den Schularten und zwischen Eltern mit und Eltern ohne Zuwanderungshintergrund unterscheiden. Der Beitrag untersucht daher, inwieweit sich die retrospektiv am Ende der vierten Klasse benannten Schulwahlmotive von Eltern, deren Kindern einen diagnostizierten sonderpädagogischen Förderbedarf Lernen aufweisen (N = 767), zwischen den Schularten und zwischen Eltern mit und Eltern ohne Zuwanderungshintergrund unterscheiden. Weiterhin wird geprüft, inwieweit unterschiedliche Schulwahlmotive der Eltern die Unterschiede in den Chancen eines Förderschulbesuchs von Kindern mit und Kindern ohne Zuwanderungshintergrund erklären können. Strukturgleichungsanalysen zeigen, dass sich die Schulwahlmotive nach Schulart und Zuwanderungshintergrund unterscheiden und dass sie den Zusammenhang zwischen einem Zuwanderungshintergrund und der besuchten Schulart vollständig mediieren. (DIPF/Orig.)";"Englisch";"Children from immigrant families are often overrepresented in special schools. But if they have comparable academic skills and learning conditions, they are less likely to attend a special school in the area of learning than children without an immigrant background. A possible explanation could lie in parents’ motives for school choice, if they differ between school types and between parents with and parents without an immigrant background. Based on data from parents of fourth-graders diagnosed with special educational needs in the area of learning at special schools and general schools (N = 767), the present study examines differences in retrospectively reported motives for school choice between the two types of schooling and between parents with and parents without an immigrant background. Furthermore, we investigated to what extent different motives for school choice explain the differences in special school attendance rates of children with and children without an immigrant background. Structural equation analyses show that the motives for school choice differ according to the type of schooling and an immigrant background and also mediate the relationship between an immigrant background and type of schooling. (DIPF/Orig.)";"2021";"Aufsatz (Zeitschrift)";"370";"ger";"";"1869-4845; 1869-4934";"Empirische Sonderpädagogik 13 (2021) 3, S. 267-285";"Pädagogische Teildisziplin: Empirische Bildungsforschung; Sonderpädagogik";"27.01.2022";"urn:nbn:de:0111-pedocs-239166";10.25656/01:23916;"Deutsches Urheberrecht";Peer-Review;"";"https://www.pedocs.de/volltexte/2022/23916/";"https://www.pedocs.de/volltexte/2022/23916/pdf/ESP_2021_3_Koelm_Gresch_Elterliche_Schulwahlmotive.pdf"
"24107";"Lehrkraftfeedback im Unterricht – wie Förderbedarf, Feedbackvalenz und soziale Integration in Grundschulklassen zusammenhängen";"Huber, Christian";"Teacher feedback in school – how educational needs, teacher feedback and social participation are linked in everyday school live";"";"";"";"Originalveröffentlichung";"Sonderpädagogik; Lehrer; Feedback; Primarbereich; Integrationsklasse; Sonderpädagogischer Förderbedarf; Soziale Integration; Inklusion; Unterricht; Beobachtung; Verhaltensauffälligkeit; Lernschwierigkeit; Ablehnung; Querschnittuntersuchung; Integration; Referenz; Nordrhein-Westfalen; Deutschland";"Remedial instruction sciences; Special education for the handicapped; Special needs education; Teacher; Primary education; Primary level; Inclusion class; Integration classes; Special Educational Needs; Social integration; Inclusion; Teaching; Observation; Learning Difficulties; Learning Difficulty; Learning disorder; Rejection (Psychology); North Rhine-Westphalia; North-Rhine Westphalia; Germany";"Deutsch";"Sonderpädagogischer Förderbedarf ist ein Risikofaktor für eine gelungene soziale Integration im inklusiven Unterricht. Zahlreiche Experimentalstudien zeigten in der Vergangenheit, dass Lehrkraftfeedback ein Ansatzpunkt zur Beeinflussung sozialer Hierarchien in der Schule sein könnte. Die vorliegende Feldstudie überprüft diese Feedbackhypothese anhand einer Stichprobe von n = 150 Schülerinnen und Schülern im alltäglichen Unterricht der Grundschule. In einer Querschnittsstudie wurden 1.575 Lehrkraftfeedbacks in sechs Unterrichtsstunden erhoben und auf einen Zusammenhang mit der sozialen Integration der Schülerinnen und Schüler untersucht. Die mehrebenenanalytische Auswertung der Beobachtungsdaten ergab, dass insbesondere ein erhöhter Förderbedarf im Bereich Verhalten ein erheblicher Risikofaktor für negatives Lehrkraftfeedback ist. So war das Feedback, das Schülerinnen und Schüler mit hohem Förderbedarf im Bereich Verhalten von Ihren Lehrkräften erhielten, in 90% der Fälle negativ. Das Risiko erhöhte sich weiter, wenn es sich um männliche Schüler handelte. Für den Bereich Lernen war ein solcher Effekt nicht nachweisbar. Für negatives Lehrkraftfeedback konnte ein signifikanter Haupteffekt auf den Ablehnungsstatus gefunden werden. Positives Lehrkraftfeedback hatte hingegen keinen schützenden Einfluss auf die soziale Integration. Die Studie zeigt damit erstmalig im deutschen Sprachraum, dass Lehrkraftfeedback auch im Schulalltag in einem Zusammenhang mit sozialer Integration stehen könnte. (DIPF/Orig.)";"Englisch";"Special educational needs are a risk factor for peer rejection in inclusive education. In the past, numerous experimental studies have shown that teacher feedback could be a starting point for the promotion of social integration at school. The present field study investigates this feedback hypothesis in everyday school life. A sample of n = 150 schoolchildren were investigated in a cross-sectional study. Data collection comprises 1.575 teacher feedbacks, the assessment of behavioural and learning problems and the sociometric status of the students. A multi-level analysis showed that behavioural problems go along with an increased risk for negative teacher feedback. Thus, 90 percent of the teacher feedbacks towards children with severe behavioural problems were negative, especially for male. The effect did not occur referring learning problems. Further, a significant main effect for negative teacher feedback on peer rejection could be found. On the other hand, positive teacher feedback had no protective effect on social choices. The study shows that teacher feedback could be an important factor for the promotion of social integration in everyday school life. (DIPF/Orig.)";"2021";"Aufsatz (Zeitschrift)";"370";"ger";"";"1869-4845; 1869-4934";"Empirische Sonderpädagogik 13 (2021) 4, S. 289-311";"Pädagogische Teildisziplin: Empirische Bildungsforschung; Sonderpädagogik";"08.02.2022";"urn:nbn:de:0111-pedocs-241074";10.25656/01:24107;"Deutsches Urheberrecht";Peer-Review;"";"https://www.pedocs.de/volltexte/2022/24107/";"https://www.pedocs.de/volltexte/2022/24107/pdf/ESP_2021_4_Huber_Lehrkraftfeedback_im_Unterricht.pdf"
"24108";"Entwicklung und Evaluation eines Fragebogens zur Selbsteinschätzung der sozialen Partizipation von Schüler*innen in der Sekundarstufe I";"Külker, Lena; Labsch, Amelie; Grosche, Michael";"Development and evaluation of a self-assessment questionnaire of the social participation of students in lower secondary education";"";"";"";"Originalveröffentlichung";"Sonderpädagogik; Fragebogen; Selbsteinschätzung; Soziale Partizipation; Sekundarstufe I; Inklusion; Schüler; Integrationsklasse; Sonderpädagogischer Förderbedarf; Entwicklung; Empirische Forschung; Evaluation";"Remedial instruction sciences; Special education for the handicapped; Special needs education; Questionnaire; Self-rating; Social participation; Lower level secondary education; Lower secondary; Lower secondary education; Secondary education lower level; Inclusion; Pupil; Pupils; Inclusion class; Integration classes; Special Educational Needs; Empirical research; School";"Deutsch";"Soziale Partizipation ist ein wichtiges Ziel von schulischer Inklusion. Uneinigkeit herrscht jedoch über die Operationalisierung verschiedener Dimensionen von Partizipation, zudem variiert die Erfassung (u. a. Fremd- oder Selbstbericht) der Dimensionen. Weiterhin wird hervorgehoben, dass standardisierte Befragungen zur Partizipation leicht umsetzbar sind und die Messung verschiedener Dimensionen von Partizipation ermöglichen. Jedoch fehlt ein Fragebogen, der soziale Partizipation umfassend aus der Sichtweise von Schüler*innen erfasst. Aufbauend auf den Arbeiten von Koster et al. (2008) wurde ein Fragebogen zur Selbsteinschätzung für die Sekundarstufe I adaptiert und evaluiert. An einer Stichprobe von 2.482 Schüler*innen wurde in diesem Beitrag die Testgüte des Fragebogens geprüft und eine Kurzversion entwickelt. Dazu wurde der Datensatz randomisiert zweigeteilt, um am ersten Teildatensatz klassische Itemanalysen sowie Faktorenanalysen durchzuführen. Die finalen Modelle wurden anschließend am zweiten Teildatensatz konfirmatorisch geprüft. Es konnte gezeigt werden, dass der Fragebogen reliabel und valide ist, um die von Koster et al. (2008) vorgeschlagenen vier Dimensionen sozialer Partizipation (Freundschaften/Beziehungen, Kontakte/Interaktionen, Selbstwahrnehmung der Partizipation, Akzeptanz/Unterstützung), sowohl in einer regulären (11 Items) als auch in einer Kurzversion (8 Items), zu erfassen. Der Fragebogen ist unter einer CC-BY-SA-Lizenz frei verfügbar. (DIPF/Orig.)";"Englisch";"Social participation is a major goal of inclusive education. However, there is disagreement about the operationalization of different dimensions of participation and the assessment of the dimensions (e.g. external or self-perspective) varies. It is emphasized that standardized questionnaires on participation can be easily implemented and allow the measurement of different dimensions of participation. Hitherto, there is no questionnaire that measures social participation from the students’ perspective. Building on the work of Koster et al. (2008), such a self-report questionnaire was adapted and evaluated for lower secondary education. In this paper, the psychometric quality of the questionnaire was investigated on a sample of 2,482 students and a short version was developed. For this purpose, the data set was randomly divided into two parts in order to conduct classical item analyses and factor analyses on the first part. The final models were then tested confirmatorily on the second part of the data set. The results indicated that both, a regular version (11 items) and a short version (8 items) of the questionnaire appear to be a reliable and valid instrument to assess the four dimensions of social participation (friendships/relationships, contacts/ interactions, self-perception of participation, acceptance) proposed by Koster et al. (2008). The questionnaire is freely available under a CC-BY-SA license. (DIPF/Orig.)";"2021";"Aufsatz (Zeitschrift)";"370";"ger";"";"1869-4845; 1869-4934";"Empirische Sonderpädagogik 13 (2021) 4, S. 312-327";"Pädagogische Teildisziplin: Empirische Bildungsforschung; Sonderpädagogik";"08.02.2022";"urn:nbn:de:0111-pedocs-241089";10.25656/01:24108;"Deutsches Urheberrecht";Peer-Review;"";"https://www.pedocs.de/volltexte/2022/24108/";"https://www.pedocs.de/volltexte/2022/24108/pdf/ESP_2021_4_Kuelker_Labsch_Grosche_Entwicklung_und_Evaluation.pdf"
"24109";"Depression in childhood and adolescence. Development and piloting of a psychoeducational program for the professional development of teachers";"Grabowski, Friederike C.";"Depressionen im Kindes- und Jugendalter. Entwicklung und Pilotierung einer psychoedukativen Fortbildung für Lehrkräfte";"";"";"";"Originalveröffentlichung";"Depression <Psy>; Schüler; Lehrerfortbildung; Trainingsprogramm; Lehrer; Kompetenz; Handlungskompetenz; Früherkennung; Prävention; Lehrertraining; Deutschland";"Pupil; Pupils; Further education for teachers; Further education of teachers; Further training for teachers; Training program; Teacher; Competency; Competence for action; Competence to act; Prevention; Germany; Child; Adolescent";"Englisch";"The prevalence of depression in adolescence is increasing, which has adverse and long-lasting effects. Even though teachers can facilitate early recognition and help for affected individuals, appropriate training is needed. The training program, glücklich, was developed and piloted in one formative and two summative studies. It aims to improve depression literacy, action knowledge, and the subjective competence to act of teachers. Glücklich was evaluated online with teacher training students (n = 84) and teachers (n = 7). In both summative studies, the program was evaluated in a pre-post-follow-up design. In study 1 (n1 = 8), teacher training students answered a formative questionnaire after the training. This revealed that some improvement was required. In studies 2 and 3, n = 91 (n2 = 78; n3 = 13) teacher training students and teachers answered the questionnaires (baseline sample: n2 = 113; n3 = 32). A significant increase in depression literacy (study 2: η2 = 0.512; study 3: η2 = 0.664) and action competence (study 2: η2 = 0.229 / η2= 0.353; study 3: η2 = 0.597 / η2 = 0.609) was observed in the posttest and maintained in the follow-up. Participants showed significant improvements regarding their subjective competence to act (study 2: η2 = 0.44–0.66; study 3: η2 = 0.50–0.80). These improvements could be maintained at follow-up. The piloting of glücklich shows promising preliminary results for the improvement of early recognition of depressed students and the ability of teachers to help. In a following control-design study, these results should be reinforced with a sample of qualified teachers in a face-to-face setting. (DIPF/Orig.)";"Deutsch";"Die Prävalenz von Depressionen im Jugendalter nimmt zu, welches nachteilige und lang anhaltende Auswirkungen hat. Auch wenn Lehrkräfte bei der Früherkennung und Hilfe für Betroffene helfen können, fehlt es an geeigneten Fortbildungen. Das Trainingsprogramm glücklich wurde daher entwickelt und in einer formativen und zwei summativen Studien pilotiert. Es zielt darauf ab, die Depressionskompetenz, das Handlungswissen und die subjektive Handlungskompetenz von Lehrkräften zu verbessern. Glücklich wurde online mit Lehramtsstudenten (n = 84) und Lehrkräften (n = 7) evaluiert. In beiden summativen Studien wurde das Programm in einem Prä-Post-Follow-up-Design untersucht. In Studie 1 (n1 = 8) beantworteten Lehramtsstudierende nach der Fortbildung einen formativen Fragebogen. Dieser ergab, dass einige Verbesserungen erforderlich waren. In Studien 2 und 3 beantworteten n = 91 (n2 = 78; n3 = 13) Lehramtsstudierende und Lehrkräfte die Fragebögen (Ausgangsstichprobe: n2 = 113; n3 = 32). Ein signifikanter Anstieg der Depressionskompetenz (Studie 2: η2 = 0.512; Studie 3: η2 = 0.664) und der Handlungskompetenz (Studie 2: η2 = 0.229 / η2 = 0.353; Studie 3: η2 = 0.597 / η2 = 0.609) wurde im Posttest beobachtet und im Follow-up beibehalten. Die Teilnehmenden zeigten signifikante Verbesserungen hinsichtlich ihrer subjektiven Handlungskompetenz (Studie 2: η2 = 0.44–0.66; Studie 3: η2 = 0.50–0.80). Diese Verbesserungen konnten im Follow-Up beibehalten werden. Die Pilotierung von glücklich zeigt vielversprechende vorläufige Ergebnisse für die Verbesserung der Früherkennung von depressiven Schülerinnen und Schülern und der Fähigkeit von Lehrerkräften, diesen zu helfen. In einer anschließenden Studie mit Kontrolldesign sollen diese Ergebnisse in einer Präsenzfortbildung bestätigt werden. (DIPF/Orig.)";"2021";"Aufsatz (Zeitschrift)";"370";"eng";"";"1869-4845; 1869-4934";"Empirische Sonderpädagogik 13 (2021) 4, S. 328-341";"Pädagogische Teildisziplin: Empirische Bildungsforschung; Pädagogische Psychologie";"08.02.2022";"urn:nbn:de:0111-pedocs-241097";10.25656/01:24109;"Deutsches Urheberrecht";Peer-Review;"";"https://www.pedocs.de/volltexte/2022/24109/";"https://www.pedocs.de/volltexte/2022/24109/pdf/ESP_2021_4_Grabowski_Depression_in_childhood.pdf"
"24110";"Gesundheitsbezogene Lebensqualität und Betreuungssituation von Kindern und Jugendlichen mit Down-Syndrom während der Corona-Pandemie. Eine Elternbefragung";"Neitzel, Isabel";"Health-related quality of life and care situation in children and adolescents with Down syndrome during Covid-19 pandemic. A parent survey";"";"";"";"Originalveröffentlichung";"Sonderpädagogik; Down-Syndrom; Kind; Jugendlicher; Eltern; Lebensqualität; Betreuung; COVID-19; Pandemie; Beschulung; Umfrage; Anamnese; Deutschland";"Remedial instruction sciences; Special education for the handicapped; Special needs education; Downs Syndrome; Child; Adolescent; Parents; Quality of life; Educational provision; Anamnesis; Germany";"Deutsch";"Die Corona-Pandemie hat gerade für Kinder und Jugendliche mit Down-Syndrom aufgrund ihrer Gefährdung für einen schweren Krankheitsverlauf starke Alltagsveränderungen mit sich gebracht. Der vorliegende Artikel präsentiert die Ergebnisse einer Elternbefragung aus 12 Familien mit einem Kind mit Down-Syndrom in Bezug auf die Beschulungs- und Betreuungssituation sowie mögliche erschwerende Faktoren. Anhand eines standardisierten Verfahrens wurde zudem die gesundheitsbezogene Lebensqualität der Kinder und Jugendlichen (Elterneinschätzung) in fünf Subskalen erfasst. Im Vergleich zu prä-pandemischen Daten für Jugendliche mit Down-Syndrom aus der Literatur zeigen die Elterneinschätzungen in der aktuellen Untersuchung deutlich höhere Werte in den Skalen „Gesundheit und Bewegung“ sowie „Familie und Freizeit“ auf. (DIPF/Orig.)";"Englisch";"Due to their special risk for a severe disease progression, Covid-19 pandemic has caused considerable changes in everyday life of children and adolescents with Down syndrome. The current investigation displays results from a parent survey in 12 families of a child with Down syndrome concerning school and care situation as well as possible aggravating factors. Using a standardized measure for health-related quality of life, the parent’s view was assessed in five subscales. In comparison to pre-pandemic data of adolescents with Down syndrome from the literature, the scores of the current survey are significantly higher for subscales “Physical well-being” and “Autonomy and parent relation”. (DIPF/Orig.)";"2021";"Aufsatz (Zeitschrift)";"370";"ger";"";"1869-4845; 1869-4934";"Empirische Sonderpädagogik 13 (2021) 4, S. 342-353";"Pädagogische Teildisziplin: Empirische Bildungsforschung; Sonderpädagogik";"08.02.2022";"urn:nbn:de:0111-pedocs-241104";10.25656/01:24110;"Deutsches Urheberrecht";Peer-Review;"";"https://www.pedocs.de/volltexte/2022/24110/";"https://www.pedocs.de/volltexte/2022/24110/pdf/ESP_2021_4_Neitzel_Gesundheitsbezogene_Lebensqualitaet.pdf"
"24111";"Operationalisierungen von Beeinträchtigung und Behinderung bei Kindern und Jugendlichen. Eine illustrative Replikation aus dem Teilhabebericht";"Stöcker, Anne; Zurbriggen, Carmen";"Operationalizations of impairment and disability in children and adolescents. An illustrative replication from the Participation Report";"";"";"";"Originalveröffentlichung";"Sonderpädagogik; Partizipation; Kind; Jugendlicher; Operationalisierung; Behinderung; Chronisch krankes Kind; Empirische Untersuchung; Statistische Analyse; Deutschland";"Remedial instruction sciences; Special education for the handicapped; Special needs education; Child; Adolescent; Handicap; Empirical study; Statistical analysis; Germany";"Deutsch";"Der Kurzbeitrag repliziert die dem ersten Teilhabebericht (BMAS, 2013) zugrundeliegende Berechnung von Beeinträchtigung und Behinderung bei Kindern und Jugendlichen auf Basis der für Deutschland repräsentativen „Studie zur Gesundheit von Kindern und Jugendlichen in Deutschland“ (KiGGS). Ausgangspunkt für die statistische Illustration unterschiedlicher Modelle von Beeinträchtigung ist der „Children with Special Health Care Needs (CSHCN) Screener“. Die Bandbreite der Anteile an Beeinträchtigung bei Kindern und Jugendlichen in Deutschland bewegt sich je nach Operationalisierung zwischen 9.3 % und 23.8 %, wobei die erste Angabe das im Teilhabebericht gewählte Modell darstellt. Der Anteil an Behinderung beläuft sich diesem entsprechend auf 2 %. Die Ergebnisse verdeutlichen die Bedeutsamkeit von Transparenz hinsichtlich der zugrundeliegenden theoretischen Modelle und Operationalisierungen bei statistischen Angaben zu Behinderung und Beeinträchtigung. (DIPF/Orig.)";"Englisch";"This short article replicates the calculation of impairment and disability in children and adolescents on which the first Report on Participation (BMAS, 2013) is based, using the nationally representative 'German Health Interview and Examination Survey for Children and Adolescents' (KiGGS). The starting point for the statistical illustration of different models of impairment is the 'Children with Special Health Care Needs (CSHCN) Screener'. The proportion of impairment in children and adolescents in Germany ranges from 9.3 % to 23.8 %, depending on the operationalization, with the first figure representing the model selected in the Report on Participation. As expected, the proportion of disability is 2 %. The results illustrate the importance of transparency with regard to the underlying theoretical models and operationalizations in statistical data on disability and impairment. (DIPF/Orig.)";"2021";"Aufsatz (Zeitschrift)";"370";"ger";"";"1869-4845; 1869-4934";"Empirische Sonderpädagogik 13 (2021) 4, S. 354-364";"Pädagogische Teildisziplin: Empirische Bildungsforschung; Sonderpädagogik";"08.02.2022";"urn:nbn:de:0111-pedocs-241110";10.25656/01:24111;"Deutsches Urheberrecht";Peer-Review;"";"https://www.pedocs.de/volltexte/2022/24111/";"https://www.pedocs.de/volltexte/2022/24111/pdf/ESP_2021_4_Stoecker_Zurbriggen_Operationalisierungen_von_Beeintraechtigung.pdf"
"26394";"Learning from null results. An analysis of the unexpected findings of a mathematical intervention study conducted in inclusive classrooms";"Grob, Urs; Moser Opitz, Elisabeth; Stöckli, Meret";"Lernen von Null-Effekten. Eine Analyse von unerwarteten Effekten einer Interventionsstudie in inklusiven Klassen";"";"";"";"Originalveröffentlichung";"Sonderpädagogik; Empirische Forschung; Effekt; Integrationsklasse; Rechenschwäche; Inklusion; Unterricht; Schuljahr 03; Sonderpädagogische Förderung; Mathematikunterricht; Interventionsstudie; Schweiz";"Remedial instruction sciences; Special education for the handicapped; Special needs education; Empirical research; Inclusion class; Integration classes; Acalculia; Learning difficulty in arithmetic; Inclusion; Teaching; School year 03; Mathematics lessons; Teaching of mathematics; Switzerland";"Englisch";"This paper presents an additional, more detailed, analysis of the null results and unexpected outcome of a published intervention study. Pfister, Stöckli et al. (2015) report the results of an intervention study in mathematics in inclusive classrooms. In that study the general education teacher implemented an intervention aimed at supporting low achievers in mathematics lessons in 58 inclusive classrooms with 888 third grade students. Two experimental groups (n = 37 teachers) worked with the program, the third group (groupCONTROL; n = 21 teachers) continued to teach ‘as usual’. The experimental groupMAT (n = 16 teachers) was given the program material and the experimental groupMEET (n = 21 teachers) received the material and had two in-service training sessions. Contrary to theory-based predictions, groupMAT outperformed groupMEET. To try to understand this finding, in the present study we investigated the effects of the three treatment conditions on students with different levels of math achievement at t1 by using the data to estimate random slope models with cross-level interactions. Contrary to our expectations, high achieving students in groupMAT had significantly greater learning gains than those in groupMEET. Control variables at the individual and class level could not explain this outcome. The analysis highlighted the methodological challenges of studies conducted in complex inclusive education settings and raised the question of whether targeted support in an inclusive setting, without individual support outside of the classroom, can meet the needs of low achieving students in mathematics. (DIPF/Orig.)";"Deutsch";"In der Publikation von Pfister, Stöckli et al. (2015) wurden unerwartete Ergebnisse und fehlende Effekte einer unterrichtsintegrierten Intervention für rechenschwache Schüler:innen in inklusiven Klassen berichtet. Im vorliegenden Artikel werden zusätzliche und detailliertere Analysen präsentiert, die dazu beitragen, die Ergebnisse zu verstehen und einzuordnen. In der Studie mit (N = 58 inklusive Klassen, N = 888 Drittklässler:innen) wurde eine unterrichtsintegrierte Intervention zur Förderung von rechenschwachen Schüler:innen von den Regellehrkräften durchgeführt. Zwei Experimentalgruppen (n = 37 Lehrkräfte) erhielten die Fördermaterialien, die Lehrkräfte (n = 21) in der Kontrollgruppe (GruppeCONTROL) führte ihren normalen Mathematikunterricht durch. Die Experimentalgruppe GruppeMAT (n = 16 Lehrkräfte) erhielt die Fördermaterialien, die Experimentalgruppe GruppeMEET (n = 21 Lehrkräfte) bekam zusätzlich zu den Materialien ein Fortbildungsangebot (zwei Nachmittage). Entgegen den Erwartungen machten die Lernenden in der GruppeMAT größere Leistungsfortschritte als die GruppeMEET. Um dieses Ergebnis zu verstehen, wurde in der hier präsentierten Studie der Einfluss der unterschiedlichen Interventionsformen auf Schüler:innen mit unterschiedlichen mathematischen Vorkenntnissen untersucht. Berechnet wurden Random Slope Modelle mit Cross-Level Interaktionen. Entgegen den Erwartungen machten Lernende mit hohen Vorkenntnissen in der GruppeMAT signifikant größere Leistungsfortschritte als vergleichbare Lernende in der GruppeMEET. Die Kontrollvariablen auf Individual- und Klassenebene konnten dieses Ergebnis nicht erklären. Dieses Resultat weist erstens darauf hin, dass es sehr herausfordernd ist, inklusiven Unterricht zu untersuchen und die verschiedenen Einflussvariablen zu kontrollieren. Zudem stellt sich die Frage, ob eine rein unterrichtsintegrierte Förderung den Bedürfnissen von rechenschwachen Lernenden gerecht wird und ob diese nicht auch eine individualisiertere Förderung außerhalb des Regelunterrichts benötigen würden. (DIPF/Orig.)";"2022";"Aufsatz (Zeitschrift)";"370";"eng";"";"1869-4845; 1869-4934";"Empirische Sonderpädagogik 14 (2022) 3, S. 211-227";"Pädagogische Teildisziplin: Empirische Bildungsforschung; Sonderpädagogik";"06.04.2023";"urn:nbn:de:0111-pedocs-263946";10.25656/01:26394;"Creative Commons Namensnennung - Nicht kommerziell 4.0 International";Peer-Review;"";"https://www.pedocs.de/volltexte/2023/26394/";"https://www.pedocs.de/volltexte/2023/26394/pdf/ESP_2022_3_Grob_et_al_Learning_from_null.pdf"
"26395";"Die Interviewführung in standardisierten Interviews mit Menschen mit kognitiven Beeinträchtigungen. Erkenntnisse aus Interviewbeobachtungen";"Schäfers, Markus; Schachler, Viviane";"Interviewing people with intellectual disabilities. Coding the behavior of interviewers and respondents in survey interviews";"";"";"";"Originalveröffentlichung";"Sonderpädagogik; Empirische Forschung; Verhalten; Beobachtung; Geistige Behinderung; Methodenforschung; Verhaltensanalyse; Interviewtechnik; Frageverhalten; Auffälligkeit; Interview; Pretest";"Remedial instruction sciences; Special education for the handicapped; Special needs education; Empirical research; Observation; Oligophrenia; Methodological research; Interviews";"Deutsch";"Menschen mit kognitiven Beeinträchtigungen werden in der Forschung zunehmend selbst als relevante Auskunftsquelle gesehen, insbesondere wenn es um ihre subjektiven Bewertungen geht. Insofern kommt der Methodenforschung zur Befragung dieses Personenkreises eine hohe Bedeutung zu. Neben der Suche danach, welchen Einfluss Befragten- und Fragemerkmale auf die Datenqualität haben, ist insbesondere die Güte der Interviewführung von Interesse. Um die Interaktion, insbesondere das Interviewer/innen-Verhalten in persönlich-mündlichen Interviews mit Menschen mit kognitiven Beeinträchtigungen zu untersuchen, wurde ein Beobachtungssystem entwickelt und im Rahmen einer Pretest-Studie angewandt. Es liegen Angaben zu rund 3.000 Frage-Antwort-Verläufen aus zwölf beobachteten Interviews vor, die von vier verschiedenen Interviewer/innen durchgeführt wurden. 78% aller Sequenzen führen zu adäquaten Messresultaten, d.h. dass der Frage-Antwort-Verlauf unproblematisch ist und schließlich zu gültigen Antworteintragungen führt. 22% der Sequenzen sind problematisch. Darunter fallen erneute Fragestellungen der Interviewer/innen als Reaktion auf Verständnisprobleme der Befragten, die mit starken Veränderungen der Frageformulierungen und Bedeutungsverschiebungen einhergehen. Aber auch problematische Veränderungen von Initialfragen sind festzustellen. Im Ausmaß der eigenständigen Frageabänderungen zeigen sich deutliche von der Person des Interviewers bzw. der Interviewerin abhängige Unterschiede. Die Ergebnisse verdeutlichen die besondere Bedeutung von Interviewer/innen-Trainings im Kontext der Befragung von Menschen mit kognitiven Beeinträchtigungen. Interviewbeobachtungen bieten insbesondere zum Umgang mit Verständnisproblemen geeignetes Schulungsmaterial und sind darüber hinaus für eine interaktionssensible Erprobung von Befragungsinstrumenten prädestiniert. (DIPF/Orig.)";"Englisch";"In research people with intellectual disabilities are increasingly seen as a relevant source of information, especially when it comes to their subjective evaluations. Therefore, methodological research on interviewing people is of great importance. Besides the influence of respondent and question characteristics on data quality, the quality of interviewing is of particular interest. In order to analyze the interaction, especially the interviewer behavior in face-to-face survey interviews with intellectual disabilities, a behavior coding scheme was developed and applied in a pretest study. Approximately 3,000 question-answer sequences from twelve observed interviews are included in the study. The interviews were conducted by four different interviewers. 78% of all sequences lead to adequate measurement results, i.e. that the question-answer sequence is unproblematic and finally leads to valid answer entries. 22% of all sequences are problematic. These include questions read with major changes in response to problems in question understanding. However, problematic changes in initial questions can also be observed. In the extent of questions read with major changes, interviewer-related differences can be seen. The results illustrate the importance of interviewer training in the context of interviewing people with intellectual disabilities. Therefore, coding the interviewer’s behavior offers illustrative material, especially for dealing with problems in question understanding. It is also useful for an interaction-sensitive testing of survey instruments. (DIPF/Orig.)";"2022";"Aufsatz (Zeitschrift)";"370";"ger";"";"1869-4845; 1869-4934";"Empirische Sonderpädagogik 14 (2022) 3, S. 228-244";"Pädagogische Teildisziplin: Empirische Bildungsforschung; Sonderpädagogik";"06.04.2023";"urn:nbn:de:0111-pedocs-263952";10.25656/01:26395;"Creative Commons Namensnennung - Nicht kommerziell 4.0 International";Peer-Review;"";"https://www.pedocs.de/volltexte/2023/26395/";"https://www.pedocs.de/volltexte/2023/26395/pdf/ESP_2022_3_Schaefers_Schachler_Die_Interviewfuehrung_in.pdf"
"26396";"Verhaltensauffälligkeiten hörgeschädigter Kinder. Sekundäranalyse von Daten aus deutschsprachigen Studien mit dem SDQ-D";"Hintermair, Manfred; Burger, Thorsten";"Behavioral problems of deaf and hard-of-hearing children. Secondary analysis of data from German studies using the SDQ-D";"";"";"";"Originalveröffentlichung";"Empirische Forschung; Sonderpädagogik; Verhaltensauffälligkeit; Hörbehinderung; Kommunikative Kompetenz; Kind; Peer Group; Psychische Entwicklung; Psychische Auffälligkeit; Prävalenz; Sekundäranalyse; Deutschland";"Empirical research; Remedial instruction sciences; Special education for the handicapped; Special needs education; Aural handicap; Hearing impairment; Communicative competence; Child; Peer groups; Psychic development; Psychological development; Germany; Communication; Competency";"Deutsch";"Es werden Ergebnisse einer Sekundäranalyse von 13 deutschsprachigen Studien zu Verhaltensauffälligkeiten bei hörgeschädigten Kindern (n = 1205) vorgestellt, die im Zeitraum zwischen 2001 und 2020 mit dem Strengths and Difficulties Questionnaire (SDQ-D) durchgeführt worden sind. Das Studienalter steht in keinem signifikanten Zusammenhang zur Häufigkeit von Verhaltensauffälligkeiten der untersuchten Kinder. Die Prävalenzdaten zeigen sowohl in der Einschätzung durch die Mütter als auch durch die Lehrkräfte im Vergleich zu hörenden Normierungsstichproben erhöhte Werte insbesondere in den Teilskalen „Verhaltensauffälligkeiten“ und „Probleme mit Gleichaltrigen“. Probleme mit Peers werden durch zahlreiche andere Studien in ihrer Bedeutung für die Entwicklung hörgeschädigter Kinder dokumentiert. Im Urteil der Mütter zeigen sich erhöhte Werte auch für die Teilskala „Emotionale Probleme“. Zusammenhangsanalysen mittels eines pfadanalytischen Vorgehens machen den Stellenwert der kommunikativen Kompetenz für die psychische Entwicklung sichtbar, während die Kommunikationsmodalität keine Rolle spielt. Dieser Befund wird in anderen Studien in vergleichbarer Weise dokumentiert. Ebenso werden Daten aus anderen Studien bestätigt, wonach Kinder, die eine zusätzliche Beeinträchtigung haben, und Kinder, die an einem Förderzentrum beschult werden, mehr Probleme in ihrer Entwicklung zeigen. Die Analyse der Subskalen des SDQ-D enthält Hinweise auf behinderungsspezifische Besonderheiten, die für die Förderung und die Gestaltung von Bildungsprozessen relevant sind. (DIPF/Orig.)";"Englisch";"Results of a reanalysis of 13 German studies on behavioral problems in deaf and hard-ofhearing (DHH) children (n = 1205) conducted between 2001 and 2020 using the Strengths and Difficulties Questionnaire (SDQ-D) are presented. Study age is not significantly related to the prevalence of behavioral problems in the children studied. Prevalence data show increased scores in both mothers’ and teachers’ assessments compared to hearing norming samples, particularly in the “behavioral problems” and “problems with peers” subscales. Problems with peers are documented by numerous other studies in their importance for the development of DHH children. The evaluation of the mothers also reveals increased scores regarding the subscale “emotional problems”. Additional analyses by means of a path analytic procedure indicate the importance of communicative competence for the psychological development, while the communication modality does not play a role. This result is documented in other studies in a comparable manner. Likewise, data from other studies confirm that DHH children who have an additional handicap and children who are educated at a school for the deaf and hard-of-hearing reveal more problems in their development. The analysis of the subscales of the SDQ-D indicate specific characteristics due to hearing loss that are relevant for educational promotion. (DIPF/Orig.)";"2022";"Aufsatz (Zeitschrift)";"370";"ger";"";"1869-4845; 1869-4934";"Empirische Sonderpädagogik 14 (2022) 3, S. 245-264";"Pädagogische Teildisziplin: Empirische Bildungsforschung; Sonderpädagogik";"06.04.2023";"urn:nbn:de:0111-pedocs-263968";10.25656/01:26396;"Creative Commons Namensnennung - Nicht kommerziell 4.0 International";Peer-Review;"";"https://www.pedocs.de/volltexte/2023/26396/";"https://www.pedocs.de/volltexte/2023/26396/pdf/ESP_2022_3_Hintermair_Burger_Verhaltensauffaelligkeiten_hoergeschaedigter.pdf"
"26397";"Wenig Personal, hohe Anforderung – dennoch zuversichtliche Lehramtsstudierende? Effekte von Personalressourcen und Schülermerkmalen auf inklusive Lehrer-Überzeugung und -Selbstwirksamkeit";"Künsting, Josef; Duckhorn, Ina; Burger, Ann-Catherine";"Few staff, high demands – nevertheless confident student teachers? Effects of personnel resources and student features on inclusive teacher belief and -self-efficacy";"";"";"";"Originalveröffentlichung";"Empirische Forschung; Sonderpädagogik; Lehramtsstudent; Personal; Inklusion; Einstellung <Psy>; Überzeugung; Selbstwirksamkeit; Schüler; Körperbehinderung; Verhaltensauffälligkeit; Merkmal; Ressource; Fragebogenerhebung";"Empirical research; Remedial instruction sciences; Special education for the handicapped; Special needs education; Student teachers; Inclusion; Self efficacy; Pupil; Pupils; Physical handicap; Questionnaire survey; School personnel";"Deutsch";"Mit einer Stichprobe von 104 angehenden Lehrkräften wird geprüft, welchen Einfluss das Ausmaß angekündigter Personalressourcen und die Art des sonderpädagogisch relevanten Schüler(innen)merkmals auf die Konstrukte inklusive Lehrer(innen)-Überzeugung und -Selbstwirksamkeit ausüben. Mit einem Fragebogen wurden die genannten Konstrukte zweidimensional nach sonderpädagogisch relevantem Schüler(innen)merkmal (körperliche Beeinträchtigung und Verhaltensauffälligkeiten) sowie zweifach nach Personalbedingung (ressourcenarm vs. -reich) erfasst. Im Ergebnis zeigen sich (neben faktorenanalytisch trennbaren und reliablen Skalen) bedeutsame Effekte der Personalbedingung und der Art des sonderpädagogisch relevanten Schüler(innen)merkmals auf die inklusive Lehrer(innen)-Überzeugung und -Selbstwirksamkeit. Zusammenfassend beschreiben sich die Befragten z. B. bei ressourcenreicher Personalbedingung bzw. im Falle körperlich beeinträchtigter Schüler(innen) deutlich überzeugter und selbstwirksamer als bei ressourcenarmer Personalbedingung bzw. bei verhaltensauffälligen Schülerinnen. Die Personalbedingung stellt keine signifikante Moderatorvariable dar. (DIPF/Orig.)";"Englisch";"With a sample of 104 student teachers, the influence of extent of announced personnel resources and the kind of student feature relevant for special needs education on the constructs inclusive teacher belief und -self-efficacy is examined. Using a questionnaire, the mentioned constructs were measured two-dimensionally according to student feature relevant for special needs education (physical impairment and behavioral disorders) and twofold according to personnel condition (resource-poor vs. -rich). As a result (next to factor-analytically separable and reliable scales), significant effects of personnel condition and student feature relevant for special needs education on inclusive teacher belief and -self-efficacy are found. In summary, for example, the respondents describe themselves as clearly more convinced and self-efficacious under the resource-rich personnel condition and, respectively, in case of students with physical impairment, compared to the resource-poor personnel condition and, respectively, students with behavioral disorders. The personnel condition is revealed not to be a significant moderator. (DIPF/Orig.)";"2022";"Aufsatz (Zeitschrift)";"370";"ger";"";"1869-4845; 1869-4934";"Empirische Sonderpädagogik 14 (2022) 3, S. 265-285";"Pädagogische Teildisziplin: Empirische Bildungsforschung; Sonderpädagogik";"06.04.2023";"urn:nbn:de:0111-pedocs-263971";10.25656/01:26397;"Creative Commons Namensnennung - Nicht kommerziell 4.0 International";Peer-Review;"";"https://www.pedocs.de/volltexte/2023/26397/";"https://www.pedocs.de/volltexte/2023/26397/pdf/ESP_2022_3_Kuensting_et_al_Wenig_Personal_hohe.pdf"
"26398";"'Einer für Alle, Alle für Einen?'. Sozialklima bei Schulkindern mit ADS und ADHS im gemeinsamen Unterricht";"Holtmann, Sophie C.; Abelein, Philipp";"'One for all and all for one?'. Social climate among schoolchildren with ADD and ADHD in joint education";"";"";"";"Originalveröffentlichung";"Empirische Forschung; Sonderpädagogik; Schüler; Soziales Klima; Inklusion; Integrationsklasse; Aufmerksamkeits-Defizit-Hyperaktivitäts-Störung; Aufmerksamkeitsstörung; Unterricht; Verhaltensauffälligkeit; Unaufmerksamkeit; Hyperaktivität; Primarbereich; Schuljahr 03; Schuljahr 04; Soziale Integration; Klassenklima; Internalisierung; Externalität; Explorative Studie; Querschnittuntersuchung; Deutschland";"Empirical research; Remedial instruction sciences; Special education for the handicapped; Special needs education; Pupil; Pupils; Inclusion; Inclusion class; Integration classes; Attention deficit disorders; Teaching; Inattention; Hyperactivity; Hypoactivity; Primary education; Primary level; School year 03; School year 04; Social integration; Classroom Environment; Germany";"Deutsch";"Das Störungsbild AD(H)S beinhaltet unterschiedliche Erscheinungsformen. In Bezug auf die drei Kernsymptome von AD(H)S sind Hyperaktivität und Impulsivität weitaus leichter zu erkennen und diagnostizieren als Unaufmerksamkeit. In der schulischen Praxis zeigt sich, dass externalisierende Verhaltensweisen eher über-, und internalisierende Störungen unteridentifiziert werden. Allerdings beeinflussen internalisierende und externalisierende Verhaltensauffälligkeiten das Sozialklima in unterschiedlicher Form. Vor diesem Hintergrund wurden in dieser Studie die Erscheinungsformen mit vorwiegend hyperaktiv-impulsiven (ADHS) und vorwiegend unaufmerksamen Verhaltensweisen (ADS) differenziert betrachtet. Dazu wurden N = 238 Grundschulkinder der 3. und 4. Klasse (n = 68 SchülerInnen mit Symptomen von ADHS, n = 52 SchülerInnen mit Symptomen von ADS, n = 118 Kinder in der Kontrollgruppe) sowie N = 44 Klassenlehrkräfte mittels Skalen des FEESS 3–4 bzw. des FBB-ADHS sowie selbst entworfenen Items befragt. Es zeigte sich, dass Kinder mit ADHS und ADS das Sozialklima als signifikant schlechter empfanden. Kinder mit ADS wiesen signifikant stärkere ängstliche, schüchterne und sozial rückzügliche Verhaltensweisen auf, während Kinder mit ADHS signifikant aggressiver, distanzloser und dominanter wahrgenommen wurden. Außerdem konnte nur teilweise ein schwacher, signifikanter, negativer Zusammenhang zwischen dem Sozialklima und internalisierenden Verhaltensweisen gefunden werden, während sich der negative Zusammenhang zwischen dem Sozialklima und externalisierenden Verhaltensweisen durchweg signifikant zeigte. Die Befunde sprechen insgesamt für eine negativere Ausprägung des Sozialklimas bei Schulkindern mit ADHS und ADS sowie deutliche Unterschiede in der Ausprägung der Störungsbilder, welche für Gruppenprozesse im pädagogischen Kontext zukünftig mitbedacht werden sollten. (DIPF/Orig.)";"Englisch";"The disorder AD(H)D includes different manifestations. With regard to the three core symptoms of AD(H)D, hyperactivity and impulsivity are far easier to identify and diagnose than inattention (Bruchmüller, Margraf, & Schneider, 2012; Corbisiero, Hartmann-Schorro, Riecher-Rössler, & Stieglitz, 2017). In school practice, externalizing behaviors tend to be overidentified, and internalizing disorders tend to be underidentified (Bilz, 2014). However, internalizing and externalizing behavior disorders affect social climate in different ways (Blumenthal & Blumenthal, 2021; O’Connor, Dearing, & Collins, 2011). With this in mind, this study differentiated manifestations with predominantly hyperactive-impulsive (ADHD) and predominantly inattentive behaviors (ADD). To this end, N = 238 3rd and 4th grade elementary school children (n = 68 students with symptoms of ADHD, n = 52 students with symptoms of ADD, n = 118 children in the control group) and N = 44 classroom teachers were surveyed using scales from the FEESS 3–4 or the FBB-ADHS as well as self-designed items. It was found that children with ADHD and ADD perceived the social climate as significantly worse. Children with ADHD exhibited significantly stronger anxious, shy, and socially withdrawn behaviors, while children with ADHD were perceived as significantly more aggressive, aloof, and dominant. In addition, a weak, significant, negative relationship between social climate and internalizing behaviors was found only in part, whereas the negative relationship between social climate and externalizing behaviors was consistently significant. Overall, the findings suggest a more negative social climate of schoolchildren with ADHD and ADD, as well as clear differences in the expression of the disorders, which should be taken into account for group processes in the pedagogical context in the future. (DIPF/Orig.)";"2022";"Aufsatz (Zeitschrift)";"370";"ger";"";"1869-4845; 1869-4934";"Empirische Sonderpädagogik 14 (2022) 3, S. 286-309";"Pädagogische Teildisziplin: Empirische Bildungsforschung; Sonderpädagogik";"06.04.2023";"urn:nbn:de:0111-pedocs-263980";10.25656/01:26398;"Creative Commons Namensnennung - Nicht kommerziell 4.0 International";Peer-Review;"";"https://www.pedocs.de/volltexte/2023/26398/";"https://www.pedocs.de/volltexte/2023/26398/pdf/ESP_2022_3_Holtmann_Abelein_Einer_fuer_alle.pdf"
"21125";"Peereinfluss auf die Entwicklung internalisierenden Verhaltens in der Schule. Klassen- und geschlechtsspezifische Effekte";"Müller, Christoph Michael; Hofmann, Verena; Arm, Sybille";"Peer influence on the development of internalizing behaviors at school. Classroom and gender effects";"";"";"";"Originalveröffentlichung";"Empirische Forschung; Peer Group; Internalisierung; Geschlechtsspezifischer Unterschied; Effekt; Einfluss; Angst; Depression <Psy>; Sekundarstufe I; Schulklasse; Mitschüler; Beeinflussung; Junge; Mädchen; Schuljahr 07; Schuljahr 08; Schuljahr 09; Mehrebenenanalyse; Studie; Empirische Untersuchung; Längsschnittuntersuchung; Schweiz";"Empirical research; Peer groups; Gender-specific difference; Influence; Anxiety; Lower level secondary education; Lower secondary; Lower secondary education; Secondary education lower level; School class; Influencing; Boy; Girl; Girls; School year 07; School year 08; School year 09; Hierarchical Linear Modelling; Multi-level analysis; Empirical study; Longitudinal analysis; Longitudinal study; Switzerland";"Deutsch";"Mehrere Studien zeigen, dass sich Jugendliche innerhalb von Freundschaftsdyaden in ihrer Ausprägung internalisierenden Verhaltens beeinflussen. Offen ist hingegen, inwieweit sich Peereinfluss auf internalisierendes Verhalten, beispielsweise durch Prozesse emotionaler Ansteckung, auch auf Ebene der Schulklasse vollzieht. Es wurde deshalb untersucht, inwiefern die Ausprägung internalisierenden Verhaltens unter den Klassenkameradinnen und -kameraden die individuelle Entwicklung internalisierenden Verhaltens beeinflusst. Angesichts der Geschlechtsunterschiede im Bereich internalisierenden Verhaltens wurde weiter geprüft, ob Mädchen und Jungen unterschiedlich durch ihre Peers beeinflusst werden. Es wurde erwartet, dass höhere Ausprägungen internalisierenden Verhaltens in der Klasse zu mehr individuellem internalisierenden Verhalten über die Zeit beitragen. Zusätzlich wurde erwartet, dass Mädchen generell stärker durch die Peers beeinflusst werden als Jungen und dass sowohl Mädchen als auch Jungen eher von gleichgeschlechtlichen Peers beeinflusst werden. An der Längsschnittstudie mit vier Messzeitpunkten von der 7. bis zur 9. Klasse nahmen 864 Schülerinnen und Schüler (M Alter zu T1 = 13.12 Jahre; 48% Mädchen) teil, die über ihr internalisierendes Verhalten berichteten. Mehrebenenanalytische Längsschnittmodelle zeigten, dass das Niveau internalisierenden Verhaltens in der Gesamtklasse keinen Einfluss auf die individuelle Entwicklung internalisierenden Verhaltens hatte und Mädchen nicht generell stärker beeinflusst wurden. Mädchen wurden jedoch durch das internalisierende Verhalten unter den Mädchen ihrer Klasse beeinflusst, wohingegen Jungen weder von anderen Jungen noch von Mädchen beeinflusst wurden. Die Bedeutung dieser Befunde für das Verständnis von Peereinflussprozessen auf internalisierendes Verhalten in der Schule wird diskutiert. (DIPF/Orig.)";"Englisch";"Several studies suggest that adolescents’ development of internalizing behaviors is influenced by friends’ levels of such behaviors. However, it is an open question whether peer influence on internalizing behaviors can occur on the classroom level, for example through processes of emotional contagion. It was therefore investigated in how far the level of internalizing behaviors among the classmates has an effect on adolescents’ individual development of such behaviors. Given the differences in girls’ and boys’ internalizing behavior development, this study further investigated gender differences in classmates’ influence on internalizing behaviors. It was expected that higher levels of internalizing behaviors in the classroom predict more individual internalizing behavior in the future. Further, we expected that girls are more influenced by their classmates than boys and that both girls and boys are more influenced by same-gender peers. A sample of 864 participants (M age at T1 = 13.12 years; 48% girls) was followed across four measurement occasions from seventh to ninth grade. Students self-reported on their internalizing behaviors. Longitudinal multilevel models indicated that classmates’ levels of internalizing behaviors did not predict individual internalizing behaviors across time and girls were not more susceptible than boys. However, there was a significant effect of female (but not male) classmates’ mean internalizing behaviors on girls’ internalizing behaviors. No effect of either female or male classmates’ internalizing behaviors on boys’ behavior was found. Implications for understanding peer influence on internalizing behavior development are discussed. (DIPF/Orig.)";"2020";"Aufsatz (Zeitschrift)";"370";"ger";"";"1869-4845; 1869-4934";"Empirische Sonderpädagogik 12 (2020) 2, S. 91-111";"Pädagogische Teildisziplin: Empirische Bildungsforschung; Pädagogische Psychologie";"03.12.2020";"urn:nbn:de:0111-pedocs-211253";10.25656/01:21125;"Deutsches Urheberrecht";Peer-Review;"";"https://www.pedocs.de/volltexte/2020/21125/";"https://www.pedocs.de/volltexte/2020/21125/pdf/ESP_2020_2_Mueller_Hofmann_Arm_Peereinfluss_auf_die.pdf"
"21126";"Effekte eines Vorschalttrainings zum induktiven Denken auf die Rechenleistung von Förderschulkindern vor und nach Durchführung eines Mathematiktrainings. Ergebnisse einer Mehrebenenanalyse von Einzelfalldaten";"Keller, Eva; Meyer, Debora; Glaser, Cornelia; Brunstein, Joachim C.";"Effects of prior training in inductive reasoning on the math performance of special education children before and after participation in a training of math skills. Results of a multilevel analysis of single-case data";"";"";"";"Originalveröffentlichung";"Empirische Forschung; Sonderpädagogik; Training; Mathematik; Effekt; Induktives Denken; Sonderschule; Sonderpädagogischer Förderbedarf; Rechnen; Transfer; Lernschwierigkeit; Kognitive Entwicklung; Primarbereich; Schuljahr 03; Schuljahr 04; Denkentwicklung; Schülerleistung; Mehrebenenanalyse; Fallanalyse; Test";"Empirical research; Remedial instruction sciences; Special education for the handicapped; Special needs education; Training (sports); Mathematics; School for the handicapped; Special needs school; Special school; Special Educational Needs; Arithmetic; Learning Difficulties; Learning Difficulty; Learning disorder; Cognitive development; Primary education; Primary level; School year 03; School year 04; Pupil achievement; Student achievement; Hierarchical Linear Modelling; Multi-level analysis; Special school education";"Deutsch";"In einer Stichprobe von Kindern mit dem Förderschwerpunkt Lernen kombinierten wir sequenziell ein Training des induktiven Denkens (TID) mit einem Mathematiktraining. Auf diese Weise prüften wir, ob TID (a) einen unmittelbaren Transfereffekt auf die Leistung bei Mathematikaufgaben erzielt und/oder (b) einen mittelbaren Effekt, indem das Lernen in Mathematik verbessert und die Wirksamkeit des zugehörigen Trainings dadurch gesteigert wird. In der ersten Trainingsphase (8 Sitzungen) wurden 28 Dritt- und Viertklässler per Zufall entweder dem Denktraining (experimentelle Gruppe) oder einem Training sozial-emotionaler Fertigkeiten (Vergleichsgruppe) zugewiesen. Zu je 20 Messzeitpunkten wurden die Denk- und Matheleistungen vor, während und nach den beiden Trainings aufgezeichnet. Die Daten wurden mit Zwei-Ebenen-Modellen analysiert, die der Einzelfallforschung entlehnt wurden. Anders als Kinder der Vergleichsgruppe verbesserten sich Kinder der experimentellen Gruppe während des TID kontinuierlich in ihrer Denkleistung und konnten diesbezüglich substanzielle Verbesserungen von der Grundrate zur Post-Trainingsphase erzielen. Jedoch verbesserten sich Kinder, die das TID durchlaufen hatten, weder in ihrer unmittelbar danach erfassten Mathematikleistung noch profitierten sie mehr als Kinder der Vergleichsgruppe von dem anschließend durchgeführten Mathematiktraining. (DIPF/Orig.)";"Englisch";"In a sample of children from special education schools with a focus on learning we combined in a sequential manner a training in inductive reasoning (TIR) with a math training. In this way, we examined if TIR would be able to produce (a) an immediate transfer effect on students’ math performance and/or (b) an indirect transfer effect through its beneficial impact on students’ math learning and thereby on the efficaciousness of the respective training program. In the first training phase (8 sessions) 28 third and fourth graders were randomly assigned either to TIR (experimental group) or to a training of social-emotional abilities (comparison group). In the second training phase (8 sessions) all children participated in the math training. At 20 measurement occasions students’ reasoning skills and math achievements were assessed before, throughout, and after the two training phases. Data were analyzed with two-level models adapted from research with single case designs. In contrast to students of the comparison group, TIR students significantly improved during the training phase in their reasoning task performance and thus showed substantial performance gains from the baseline to the post-training phase. Yet, TIR students neither improved in their math performance immediately after TIR nor did they benefit from the math training to a greater extent than students in the comparison group. (DIPF/Orig.)";"2020";"Aufsatz (Zeitschrift)";"370";"ger";"";"1869-4845; 1869-4934";"Empirische Sonderpädagogik 12 (2020) 2, S. 112-131";"Pädagogische Teildisziplin: Sonderpädagogik; Pädagogische Psychologie";"03.12.2020";"urn:nbn:de:0111-pedocs-211260";10.25656/01:21126;"Deutsches Urheberrecht";Peer-Review;"";"https://www.pedocs.de/volltexte/2020/21126/";"https://www.pedocs.de/volltexte/2020/21126/pdf/ESP_2020_2_Keller_et_al_Effekte_eines_Vorschalttrainings.pdf"
"21127";"Umgang mit herausfordernden Verhaltensweisen von Erwachsenen mit kognitiven Beeinträchtigungen in Institutionen. Eine Übersicht über den englischsprachigen Forschungsstand";"Zambrino, Natalie; Büschi, Eva; Calabrese, Stefania";"Management of challenging behaviours shown by adults with intellectual disabilities living in residential institutions. An overview of anglophone research";"";"";"";"Originalveröffentlichung";"Sonderpädagogik; Erwachsener; Verhaltensauffälligkeit; Geistige Behinderung; Aggression; Maßnahme; Literaturübersicht; Forschungsstand";"Adult; Oligophrenia; Measure; Literature Reviews";"Deutsch";"Erwachsene mit kognitiven Beeinträchtigungen zeigen oft herausfordernde Verhaltensweisen wie Selbst- und Fremdverletzungen oder generieren Sachbeschädigungen. Der Umgang damit wurde im englischsprachigen Forschungsraum breit untersucht. Dieser Übersichtsartikel soll, ausgehend von bestehenden Literaturübersichten, einem deutschsprachigen Publikum den aktuellen englischsprachigen Forschungsstand aufzeigen. Die Literatursuche ergab 86 Artikel zum Umgang mit herausfordernden Verhaltensweisen, welche auf der Ebene des Individuums agogisch-therapeutische, freiheitsbeschränkende und medizinische Maßnahmen umfassen. Zudem wurden auch Artikel mit Maßnahmen, die auf die Begleitpersonen sowie die Umgebung abzielen, gefunden. Die darin erwähnten Maßnahmen sind vielfältig. Im Umgang mit herausfordernden Verhaltensweisen werden individuumspezifische, nicht-aversive und aufeinander abgestimmte Maßnahmen empfohlen, die in einem Prozess des Fallverstehens erarbeitet werden. (DIPF/Orig.)";"Englisch";"Persons with intellectual disabilities often show challenging behaviour such as physical aggression, self-injury or destructive behaviour. Within anglophone research areas, prevention and intervention set up to decrease these behaviours have frequently been the subject of studies. This review aims to present those current research findings to a German-speaking audience. The literature search resulted in 86 articles, including agogic-therapeutic, restraint, and medical interventions on the individual level as well as interventions on staff and environmental level. To ensure an ideal management of challenging behaviour, individualised, non-aversive as well as coordinated measures based on an accurate observation and analysis are recommended (e.g. functional analysis). (DIPF/Orig.)";"2020";"Aufsatz (Zeitschrift)";"370";"ger";"";"1869-4845; 1869-4934";"Empirische Sonderpädagogik 12 (2020) 2, S. 132-148";"Pädagogische Teildisziplin: Sonderpädagogik; Erwachsenenbildung / Weiterbildung";"03.12.2020";"urn:nbn:de:0111-pedocs-211279";10.25656/01:21127;"Deutsches Urheberrecht";Peer-Review;"";"https://www.pedocs.de/volltexte/2020/21127/";"https://www.pedocs.de/volltexte/2020/21127/pdf/ESP_2020_2_Zambrino_Bueschi_Calabrese_Umgang_mit_herausfordernden.pdf"
"21128";"Die Beeinflussbarkeit von Jugendlichen mit einer geistigen Behinderung durch externe Hinweise beim sozialen Urteilen. Eine Experimentalstudie";"Egger, Sara; Nicolay, Philipp; Huber, Christian; Hartung, Nils; Sinner, Daniel; Müller, Christoph M.";"Susceptibility to influence by external cues on social judgments in adolescents with an intellectual disability. An experimental study";"";"";"";"Originalveröffentlichung";"Empirische Forschung; Sonderpädagogik; Beeinflussung; Jugendlicher; Geistige Behinderung; Peer Group; Urteilsbildung; Einfluss; Soziales Verhalten; Geistige Entwicklung; Förderschwerpunkt; Experiment; Deutschland";"Empirical research; Remedial instruction sciences; Special education for the handicapped; Special needs education; Influencing; Adolescent; Oligophrenia; Peer groups; Influence; Social behavior; Social behaviour; Mental development; Germany; Experimental psychology";"Deutsch";"Jugendliche treffen in der Schule und in sozialen Medien ständig soziale Urteile (z.B. Beurteilung der Vertrauenswürdigkeit von anderen). Aufgrund der hohen kognitiven und sozialen Anforderungen beim Treffen angemessener Urteile kann erwartet werden, dass sich Personen mit einer geistigen Behinderung hierbei vermehrt an externen Hinweisen orientieren. Mit Hilfe einer computerbasierten Aufgabe wurde daher untersucht, inwiefern sich Jugendliche mit einer geistigen Behinderung (n=14; M=16.32 Jahre, SD=1.58) in sozialen Urteilssituationen an hinweisgebenden audiovisuellen Stimuli und Peerurteilen orientieren. Als Vergleichsgruppen dienten Jugendliche ohne geistige Behinderung (n=14; M=15.01 Jahre, SD=0.73) und in Bezug auf die intellektuelle Leistungsfähigkeit vergleichbare Kinder ohne geistige Behinderung (n=14; M=7.78 Jahre, SD=0.55). Die Analysen zeigten, dass sich die Gruppen bei der Orientierung an audiovisuellen Stimuli nicht unterschieden. Jugendliche mit geistiger Behinderung orientierten sich aber signifikant stärker an Peerurteilen als jüngere Kinder ohne geistige Behinderung. Implikationen für Forschung und Praxis werden diskutiert. (DIPF/Orig.)";"Englisch";"Adolescents at school and in social media frequently make social judgments (e.g., judging the trustworthiness of others). Due to the high cognitive and social demands of making appropriate judgments, persons with an intellectual disability (ID) may make increased use of external cues to guide their judgments. Using a computer-based task we investigated the extent to which adolescents with ID (n=14; M=16.32 years, SD=1.58) orient towards indicative audiovisual stimuli and peers’ decisions in social judgment situations. Adolescents without ID (n=14; M=15.01 years, SD=0.73) and children without ID matched in terms of cognitive abilities (n=14; M=7.78 years, SD=0.55) served as comparison groups. Analyses showed no group differences regarding an orientation towards audiovisual stimuli. However, adolescents with ID were significantly more susceptible to peer influence than younger children without ID. Implications for research and practice are discussed. (DIPF/Orig.)";"2020";"Aufsatz (Zeitschrift)";"370";"ger";"";"1869-4845; 1869-4934";"Empirische Sonderpädagogik 12 (2020) 2, S. 149-166";"Pädagogische Teildisziplin: Empirische Bildungsforschung; Sonderpädagogik";"03.12.2020";"urn:nbn:de:0111-pedocs-211284";10.25656/01:21128;"Deutsches Urheberrecht";Peer-Review;"";"https://www.pedocs.de/volltexte/2020/21128/";"https://www.pedocs.de/volltexte/2020/21128/pdf/ESP_2020_2_Egger_et_al_Die_Beeinflussbarkeit.pdf"
"21129";"Assessment of basic motor competencies in children with visual impairments";"Giese, Martin; Herrmann, Christian";"Erfassung von motorischen Basiskompetenzen von Kindern mit Sehbehinderung";"";"";"";"Originalveröffentlichung";"Empirische Forschung; Sonderpädagogik; Sehbehinderung; Kind; Motorische Leistungsfähigkeit; Blindheit; Sportunterricht; Kompetenzmessung; Motorik; Diagnostik; Deutschland";"Empirical research; Remedial instruction sciences; Special education for the handicapped; Special needs education; Visual handicap; Child; Blindness; Education in sports; Physical education; Physical training; Competency measurement; Skills measurement; Skills measurements; Motor activity; Motoricity; Diagnostic; Germany; Competency";"Englisch";"The aim of the current study was to compare the basic motor competencies of adolescents with visual impairments (VI) with those of their sighted peers. To identify high-risk groups that are particularly threatened by social exclusion, we used the MOBAK-5-6 test. We compared a total of 29 students with visual impairments (age: M = 13.08) with sighted children, randomly pairmatched according to age and gender, by conducting a t-test and calculating the effect size using Cohen’s d. The MOBAK test demonstrated that the basic motor competencies of children with VI differed significantly from those of sighted children. From the perspective of social inclusion theory, these findings support the assumption that students with visual impairments may be at particular risk of being excluded in the context of exercise, play, and sports. (DIPF/Orig.)";"Deutsch";"Ziel der Studie ist es, motorische Basiskompetenzen von Kindern und Jugendlichen mit Sehbehinderung mit denen ihrer sehenden Altersgenossen zu vergleichen. Um Risikogruppen zu identifizieren, die besonders von sozialer Exklusion bedroht sind, wurde das Testinstrument MOBAK-5-6 verwendet. Insgesamt 29 Schülerinnen und Schüler mit Sehbehinderung (Alter: M = 13,08) wurden mit sehenden Kindern verglichen. Paare wurden zufällig nach Alter und Geschlecht gebildet, indem ein t-Test durchgeführt und die Effektgröße mit Cohen‘s d berechnet wurde. Der MOBAK-Test zeigt, dass sich die motorischen Basiskompetenzen von blinden und sehbehinderten Kindern und Jugendlichen signifikant von denen sehender Kinder und Jugendlicher unterschieden. In Bezug auf die Frage nach sozialer Teilhabe stützen diese Ergebnisse die Annahme, dass blinde und sehbehinderte Kinder und Jugendliche einem besonders hohen Risiko ausgesetzt sind, im Zusammenhang mit Bewegung, Spiel und Sport ausgeschlossen zu werden. (DIPF/Orig.)";"2020";"Aufsatz (Zeitschrift)";"370";"eng";"";"1869-4845; 1869-4934";"Empirische Sonderpädagogik 12 (2020) 2, S. 167-180";"Pädagogische Teildisziplin: Empirische Bildungsforschung; Sonderpädagogik";"03.12.2020";"urn:nbn:de:0111-pedocs-211297";10.25656/01:21129;"Deutsches Urheberrecht";Peer-Review;"";"https://www.pedocs.de/volltexte/2020/21129/";"https://www.pedocs.de/volltexte/2020/21129/pdf/ESP_2020_2_Giese_Herrmann_Assessment_of_Basic.pdf"
"21606";"Unsichere Bindung und aggressives Verhalten von Schülerinnen und Schülern mit Förderbedarf der Emotionalen und Sozialen Entwicklung";"Bolz, Tijs; Koglin, Ute";"Insecure attachment and aggressive behavior of students with emotional and behavioral disorders";"";"";"";"Originalveröffentlichung";"Empirische Forschung; Sonderpädagogik; Bindung; Aggressivität; Schüler; Förderbedarf; Affektive Entwicklung; Soziale Entwicklung; Emotionale Kontrolle; Kind; Jugendlicher; Verhaltensauffälligkeit; Bindungstheorie; Selbsteinschätzung; Fragebogenerhebung";"Empirical research; Remedial instruction sciences; Special education for the handicapped; Special needs education; Aggressiveness; Pupil; Pupils; Affective development; Social change; Social development; Child; Adolescent; Self-rating; Questionnaire survey; Emotions";"Deutsch";"Unterschiedliche Formen aggressiven Verhaltens zählen zu den häufigsten Verhaltensstörungen und stellen die (sonder-)pädagogische Förderung und Unterstützung in der Schule vor vielfältige Herausforderungen. Unter Berücksichtigung der Grundannahmen der Bindungstheorie, theoretisch fundierten Modellen der Entwicklungspsychologie und bisherigen empirischen Erkenntnissen haben Bindung sowie Emotionsregulationsstrategien einen bedeutsamen Einfluss auf die Entstehung und Verfestigung von externalisierenden Verhaltensproblemen. In der vorliegenden Querschnittsuntersuchung wurde der Zusammenhang zwischen unsicherer Bindung von Schülerinnen und Schülern (Alter 7-15), Emotionsregulationsstrategien sowie aggressivem Verhalten untersucht. Dafür wurden 124 Schülerinnen und Schüler (n = 95; 76,6%) aus Förderschulen mit dem Schwerpunkt der Emotionalen und Sozialen Entwicklung mittels Selbsteinschätzungsfragebögen zu den zwei fundamentalen unsicheren Bindungsdimensionen – bindungsbezogene Angst und bindungsbezogene Vermeidung –, funktionalen und dysfunktionalen Emotionsregulationsstrategien sowie vier auslösenden und aufrechterhaltenden Komponenten aggressiven Verhaltens befragt. Die Ergebnisse legen einen Zusammenhang zwischen bindungsbezogener Angst und drei der vier erhobenen Komponenten aggressiven Verhaltens nahe. Mediatoranalysen verdeutlichen, dass der Zusammenhang zwischen bindungsbezogener Angst und aggressivem Verhalten über internal-dysfunktionale Emotionsregulationsstrategien vermittelt wird. Die Ergebnisse deuten auf die Relevanz von bindungsrelevanten Dimensionen im schulischen Kontext hin. Auf dieser Grundlage werden Limitationen diskutiert und erste Implikationen für schulische Präventions- und Interventionsmaßnahmen abgeleitet. (DIPF/Orig.)";"Englisch";"Different forms of aggressive behavior are among the most common behavioral disorders at schools and pose a variety of challenges to special educational support. Previous empirical findings, based on attachment theory, have shown that attachment and emotion regulation strategies have a significant influence on the development and consolidation of externalizing behavior problems. However, very few studies have investigated these associations in children with emotional and behavioral difficulties. The aim of the present study was to examine the relationship between insecure attachment dimension, emotional regulation and aggressive behavior in students with emotional and behavioral difficulties in middle childhood. In total 124 children (7-15 years) attending a special needs school for students with emotional and behavioral difficulties filled out self-report questionnaires, which assessed insecure attachment dimensions – attachment-related anxiety and attachment-related avoidance –, functional and dysfunctional emotional regulation and four components of aggressive behavior. Results show a significant association between attachment-related anxiety and three out of four components of aggressive behavior. Mediation analyses show that the associations are mediated by internal-dysfunctional emotion regulation. The results indicate the relevance of attachment dimensions in special needs schools. The methodological limitations as well as the initial implications for prevention and intervention measures will be discussed. (DIPF/Orig.)";"2020";"Aufsatz (Zeitschrift)";"370";"ger";"";"1869-4845; 1869-4934";"Empirische Sonderpädagogik 12 (2020) 3, S. 175-192";"Pädagogische Teildisziplin: Empirische Bildungsforschung; Sonderpädagogik";"26.02.2021";"urn:nbn:de:0111-pedocs-216069";10.25656/01:21606;"Deutsches Urheberrecht";Peer-Review;"";"https://www.pedocs.de/volltexte/2021/21606/";"https://www.pedocs.de/volltexte/2021/21606/pdf/ESP_2020_3_Bolz_Koglin_Unsichere_Bindung.pdf"
"21607";"Gleich oder doch anders? Ratingskalen zur Erfassung der wahrgenommenen Anerkennung durch Klassenkameraden und Lehrpersonen in schulischen Kontexten";"Fingerle, Michael; Röder, Mandy";"Rating scales for assessing self-perceived recognition in classrooms";"";"";"";"Originalveröffentlichung";"Empirische Forschung; Sonderpädagogik; Anerkennung; Akzeptanz; Mitschüler; Inklusion; Fragebogen; Lehrer; Sekundarbereich; Selbstwirksamkeit; Deutschland";"Empirical research; Remedial instruction sciences; Special education for the handicapped; Special needs education; Acceptance; Inclusion; Questionnaire; Teacher; Secondary education; Self efficacy; Germany; Self-rating; School class";"Deutsch";"Die Anerkennung der eigenen Person durch soziale Interaktionspartnerinnen und Interaktionspartner ist die grundlegende Voraussetzung für das Erleben befriedigender Sozialbeziehungen, welche unmittelbaren Einfluss auf die individuelle Entwicklung sowie auf Lernprozesse nehmen. Anerkennung ist geprägt durch das Erfahren von Wertschätzung, Respekt, Achtung, die Zuschreibung von Rechten, aber auch durch Fürsorge, Liebe und Solidarität. Um erforschen zu können, inwiefern Anerkennung erfahren wird, welche Dimensionen der Anerkennung im schulischen Kontext eine wichtige Rolle spielen und ob es Unterschiede in der Anerkennung durch Mitlernende und Lehrpersonen gibt, ist es nötig, über entsprechende Erhebungsinstrumente zu verfügen. Das Ziel dieser Arbeit war die Erstellung eines Fragebogens zur Erfassung individueller Wahrnehmungen von Anerkennung durch Schülerinnen und Schüler in der Sekundarstufe bezogen auf Mitlernende und die Lehrperson. Hierfür wurden Items entwickelt, einer Stichprobe von Lernenden (N = 80) vorgelegt und im Anschluss auf ihre Struktur und ihre Korrelationen überprüft. Im Ergebnis zeigte sich, dass sich die Items zu drei zentralen Dimensionen, die als leistungsbezogene Anerkennung, Missachtung und Anerkennung der eigenen Person beschreibbar sind, zuordnen ließen. Die Befunde werden diskutiert und zur aktuellen Anerkennungsliteratur in Beziehung gesetzt. (DIPF/Orig.)";"Englisch";"Being recognized by social interaction partners is a core aspect to experience satisfactory social relations. Social relations also influence individual development and learning. Recognition is characterized by acknowledgement, respect, the attribution of rights and care as well as love and solidarity. One of the major goals of modern education systems is to provide a comparable access to education for all learners. Therefore, it is important to analyze processes of recognition and individual perceptions of recognition. The present contribution explored which aspects of recognition are perceived by learners (N = 80) and a set of items to assess recognition with respect to other students as well as teachers was developed. Results revealed three central dimensions of recognition: achievement related recognition, disregard and recognition as person. The results are discussed with respect to literature on the topic of recognition. (DIPF/Orig.)";"2020";"Aufsatz (Zeitschrift)";"370";"ger";"";"1869-4845; 1869-4934";"Empirische Sonderpädagogik 12 (2020) 3, S. 193-206";"Pädagogische Teildisziplin: Sonderpädagogik; Pädagogische Psychologie";"26.02.2021";"urn:nbn:de:0111-pedocs-216076";10.25656/01:21607;"Deutsches Urheberrecht";Peer-Review;"";"https://www.pedocs.de/volltexte/2021/21607/";"https://www.pedocs.de/volltexte/2021/21607/pdf/ESP_2020_3_Fingerle_Roeder_Gleich_oder_doch.pdf"
"21608";"Können Schülerinnen und Schüler ihr Lernverhalten im Verlauf zuverlässig selbst beurteilen?";"Weber, Simone; Napiany, Sina; Huber, Christian";"Are students able to self-assess their learning behavior reliably in terms of progress monitoring?";"";"";"";"Originalveröffentlichung";"Empirische Forschung; Lernverhalten; Selbstbeurteilung; Schüler; Schuljahr 04; Lehrer; Bewertung; Unterrichtsteilnahme; Verhaltensbeobachtung; Verhaltensbeurteilung; Primarbereich; Mündliche Leistung; Quantitative Forschung; Längsschnittuntersuchung; Deutschland";"Empirical research; Learning behaviour; Self disclosure; Pupil; Pupils; School year 04; Teacher; Assessment; Judgement; Judgment; Primary education; Primary level; Oral achievement; Oral skills; Quantitative research; Longitudinal analysis; Longitudinal study; Germany";"Deutsch";"Mit der Methode Direct Behavior Rating (DBR) kann Verhalten im Verlauf abgebildet werden. Bis dato wird DBR hauptsächlich als Fremdbeurteilung durch Lehrkräfte durchgeführt. Eine Selbstbeurteilung durch Schülerinnen und Schüler würde Ressourcen der Lehrkräfte schonen. Zudem erscheint der Zugang aus einer Selbstperspektive je nach zu beurteilendem Verhaltensziel sinnvoller. In der vorliegenden Studie wird daher der Einsatz von DBR als Methode der Selbstbeurteilung untersucht. Im Fokus steht die numerische und strukturelle Übereinstimmung der Selbstbeurteilung durch Schülerinnen und Schüler der vierten Klasse und der Fremdbeurteilung durch Lehrkräfte in Bezug auf die aktive Teilnahme am Unterricht. In einer quantitativen Feldstudie wurden über einen Zeitraum von vier Schulwochen Verlaufsdaten von NPaare = 18 auf einer fünfstufigen Ratingskala erhoben. Die Ergebnisse zeigten im Mittel eine höhere Selbstbeurteilung der aktiven Teilnahme am Unterricht durch die Schülerinnen und Schüler als eine Fremdbeurteilung durch die Lehrkräfte. [...] Es werden mögliche Gründe für die niedrigen Beurteilungsübereinstimmungen der Paare diskutiert und Ableitungen für die weitere Forschung getroffen. (DIPF/Orig.)";"Englisch";"Direct Behavior Rating (DBR) is a behavior assessment method. So far, DBR is mostly used as a tool of external monitoring. The use of DBR as a method of self-monitoring could be a possibility to look after teachers’ resources. Furthermore, the use of DBR as a method of self-monitoring might be more appropriate for some behaviors. Therefore, the present study focuses on DBR as a method of self-monitoring. Particularly, the numeric and structural invariance of self-monitoring and external monitoring data is examined. Fourth-grade students (self-monitoring) as well as teachers (external monitoring) rated students’ active engagement. Within a quantitative field study, NPairs = 18 pairs of students and teachers collected progress monitoring data over a four-week period on a five-point rating scale. [...] Potential reasons for inadequate interrater agreements as well as conclusions for further research are discussed. (DIPF/Orig.)";"2020";"Aufsatz (Zeitschrift)";"370";"ger";"";"1869-4845; 1869-4934";"Empirische Sonderpädagogik 12 (2020) 3, S. 207-222";"Pädagogische Teildisziplin: Empirische Bildungsforschung; Schulpädagogik";"26.02.2021";"urn:nbn:de:0111-pedocs-216089";10.25656/01:21608;"Deutsches Urheberrecht";Peer-Review;"";"https://www.pedocs.de/volltexte/2021/21608/";"https://www.pedocs.de/volltexte/2021/21608/pdf/ESP_2020_3_Weber_Napiany_Huber_Koennen_Schuelerinnen.pdf"
"21609";"Soziale Teilhabe und Lebensqualität von inklusiv beschulten Kindern mit Hörschädigung aus der Perspektive von Grundschullehrkräften";"Avemarie, Laura; Hintermair, Manfred";"Social participation and quality of life of students deaf and hard-of-hearing in inclusive settings – the perspective of primary school teachers";"";"";"";"Originalveröffentlichung";"Empirische Forschung; Sonderpädagogik; Partizipation; Integrative Beschulung; Inklusion; Hörbehinderung; Tauber; Primarbereich; Lehrer; Schüler; Soziale Integration; Lebensqualität; Soziale Kompetenz; Kommunikative Kompetenz; Verhaltensauffälligkeit; Einstellung <Psy>; Behinderung; Sonderpädagogischer Förderbedarf; Psychosoziale Situation; Fragebogenerhebung; Deutschland";"Empirical research; Remedial instruction sciences; Special education for the handicapped; Special needs education; Inclusion; Aural handicap; Hearing impairment; Deaf; Primary education; Primary level; Teacher; Pupil; Pupils; Social integration; Quality of life; Social competence; Communicative competence; Handicap; Special Educational Needs; Questionnaire survey; Germany";"Deutsch";"In der vorliegenden Studie wird der Zusammenhang zwischen der sozialen Teilhabe einzelinklusiv beschulter hörgeschädigter Grundschüler/innen und deren Lebensqualität untersucht. Ebenso werden Prädiktoren der sozialen Teilhabe analysiert. Es liegen die Datensätze von 126 Schülern/innen im Alter zwischen sechs und zehn Jahren aus der Befragung von Grundschulpädagogen/innen vor. Beurteilt werden die soziale Teilhabe, die Lebensqualität, die sozialen und kommunikativen Kompetenzen und Verhaltensauffälligkeiten von hörgeschädigten Kindern. Die Einstellungen der befragten Lehrkräfte zur Inklusion werden ebenfalls erfasst. Die Ergebnisse zeigen, dass die soziale Teilhabe mit der Lebensqualität und den kindlichen Kompetenzen in einem signifikanten Zusammenhang steht, jedoch nicht mit den Einstellungen der Lehrkräfte zur Inklusion. Soziale und kommunikative Kompetenzen sowie Verhaltensauffälligkeiten erweisen sich als relevante Prädiktoren für die Partizipationschancen. Zusammen mit den kindlichen Verhaltensauffälligkeiten besitzen die Partizipationschancen direkte Vorhersagekraft für die Lebensqualität. (DIPF/Orig.)";"Englisch";"The present study investigates the relationship between social participation of deaf and hard-ofhearing (DHH) students from inclusive settings and their quality of life. Also, predictors of social participation are analyzed. Data of 126 DHH students aged between six and ten years are presented provided by the primary school teachers. There are measures available regarding social participation, quality of life, social and communicative skills and behavioral problems of the children. The attitudes of the teachers towards inclusion are also recorded. The results show that social participation is significantly related to quality of life and children‘s social-emotional and communicative competencies, but not to teachers‘ attitudes towards inclusion. Social and communicative competencies as well as behavioral problems prove to be a relevant predictor of social participation. Together with children’s behavioral problems, social participation has a direct effect for quality of life. (DIPF/Orig.)";"2020";"Aufsatz (Zeitschrift)";"370";"ger";"";"1869-4845; 1869-4934";"Empirische Sonderpädagogik 12 (2020) 3, S. 223-240";"Pädagogische Teildisziplin: Empirische Bildungsforschung; Sonderpädagogik";"26.02.2021";"urn:nbn:de:0111-pedocs-216090";10.25656/01:21609;"Deutsches Urheberrecht";Peer-Review;"";"https://www.pedocs.de/volltexte/2021/21609/";"https://www.pedocs.de/volltexte/2021/21609/pdf/ESP_2020_3_Avemarie_Hintermair_Soziale_Teilhabe.pdf"
"21610";"Inklusive Beschulung und Schulerfolg im Förderschwerpunkt Lernen. Aktuelle Entwicklungen anhand von Daten der amtlichen Schulstatistik";"Goldan, Janka; Kemper, Thomas";"Inclusive schooling and school performance of students with special needs in learning. Recent trends based on data from official school statistics";"";"";"";"Originalveröffentlichung";"Empirische Forschung; Sonderpädagogik; Integrative Beschulung; Inklusion; Schulerfolg; Förderschwerpunkt; Lernbehinderung; Schulabschluss; Schulform; Sonderschule; Allgemein bildende Schule; Regionale Disparität; Förderbedarf; Sekundäranalyse; Amtliche Statistik; Statistische Analyse; Deutschland";"Empirical research; Remedial instruction sciences; Special education for the handicapped; Special needs education; Inclusion; School success; Success at school; Learning handicap; School graduation; School leaving; School leaving qualification; Type of school; School for the handicapped; Special needs school; Special school; General education school; Official statistics; Statistical analysis; Germany";"Deutsch";"In dem Beitrag werden die aktuellen inklusionsrelevanten Kennzahlen (Schuljahre 2014/15 und 2018/19) und die Schulabschlüsse von Schüler*innen mit einem Förderbedarf im Bereich Lernen erstmals für sieben Bundesländer in Zeitreihe (2015 bis 2018) berichtet. Hierbei erfolgt die Darstellung der Schulabschlüsse für Allgemeine Schulen im Vergleich zu Förderschulen und weiter differenziert nach Schulform. Die Ergebnisse basieren auf Daten der amtlichen Schulstatistik und zeigen – mit Ausnahme eines Bundeslands –, dass der Anteil der Schüler*innen mit einem Förderschwerpunkt im Bereich Lernen, die mindestens einen Hauptschulabschluss erreichen, an Allgemeinen Schulen höher ausfällt als an Förderschulen. Die Aussagekraft der vergleichenden Ergebnisse wird vor dem Hintergrund der Limitationen der vorhandenen Daten problematisiert. Es wird auf die Notwendigkeit schulischer Individualdatensätze verwiesen, um vertiefende Analysen durchführen zu können, anhand derer sich die Disparitäten in den Schulabschlussquoten zwischen den Ländern erklären lassen. (DIPF/Orig.)";"Englisch";"The article reports the inclusion relevant key figures (school years 2014/15 and 2018/19) and the graduation rates of students with special educational needs in the area of learning for seven German federal states in time series (2015 to 2018). The graduation rates are presented for general schools in comparison to special schools and further differentiated by school type. The results are based on data from the official school statistics and show, with the exception of one federal state, that students with special educational needs in learning are more likely to achieve at least a lower secondary certificate (Hauptschulabschluss) in regular schools than in special schools. The informational value of the comparative results is discussed with regard to the limitations of the available data. Reference is made to the importance of individual data in order to conduct in-depth analyses that can be used to explain the disparities in graduation rates between the federal states. (DIPF/Orig.)";"2020";"Aufsatz (Zeitschrift)";"370";"ger";"";"1869-4845; 1869-4934";"Empirische Sonderpädagogik 12 (2020) 3, S. 241-254";"Pädagogische Teildisziplin: Empirische Bildungsforschung; Sonderpädagogik";"26.02.2021";"urn:nbn:de:0111-pedocs-216107";10.25656/01:21610;"Deutsches Urheberrecht";Peer-Review;"";"https://www.pedocs.de/volltexte/2021/21610/";"https://www.pedocs.de/volltexte/2021/21610/pdf/ESP_2020_3_Goldan_Kemper_Inklusive_Beschulung.pdf"
"21611";"Förderung sozialer Integration durch Kooperatives Lernen. Ein systematisches Review";"Weber, Simone; Huber, Christian";"Improved social integration as a result of cooperative learning. A systematic review";"";"";"";"Originalveröffentlichung";"Empirische Forschung; Sonderpädagogik; Soziale Integration; Kooperatives Lernen; Wirksamkeit; Sonderpädagogischer Förderbedarf; Forschungsstand; Systematic Review; Studie";"Empirical research; Remedial instruction sciences; Special education for the handicapped; Special needs education; Social integration; Cooperative learning; Special Educational Needs";"Deutsch";"Die Intention dieser Arbeit besteht in der Darstellung und Analyse der bisherigen Forschung hinsichtlich der Wirksamkeit von Kooperativem Lernen auf die soziale Integration von Schülerinnen und Schülern mit sonderpädagogischem Förderbedarf. Durch eine systematische Literaturrecherche wurden zehn Studien ermittelt, deren abhängige Variablen zunächst in das mehrdimensionale Modell sozialer Integration von Koster, Nakken, Pijl und van Houten (2009) eingeordnet wurden. Die Studien fokussierten primär die Dimension Akzeptanz. Die Ergebnisse sprechen für die Wirksamkeit des Kooperativen Lernens in Bezug auf die Akzeptanz von Schülerinnen und Schülern mit sonderpädagogischem Förderbedarf. Es finden sich zudem Hinweise für die Wirksamkeit auf die Dimension Kontakte. Für die zwei verbleibenden Dimensionen sozialer Integration Beziehungen und eigene Wahrnehmung können keine Aussagen getroffen werden. Ausgehend von den Ergebnissen werden Empfehlungen für die Gestaltung von integrationsförderlichen kooperativen Lerneinheiten im schulischen Kontext abgeleitet. (DIPF/Orig.)";"Englisch";"The paper intends to describe and analyse the research concerning the effects of cooperative learning on the social integration of students with special educational needs. Based on a systematic literature review, ten studies were identified. Initially, their dependent variables were classified in the multidimensional model of social integration by Koster, Nakken, Pijl and van Houten (2009). The studies primarily focused on the dimension acceptance. The results promote a positive effect of cooperative learning on the acceptance of students with special educational needs. In addition, there are indications of a positive effect on the dimension contacts. No statements can be made for the dimensions relationships and self-perception. Based on the results, advice for cooperative learning methods promoting social integration in school is derived. (DIPF/Orig.)";"2020";"Aufsatz (Zeitschrift)";"370";"ger";"";"1869-4845; 1869-4934";"Empirische Sonderpädagogik 12 (2020) 4, S. 257-278";"Pädagogische Teildisziplin: Empirische Bildungsforschung; Sonderpädagogik";"26.02.2021";"urn:nbn:de:0111-pedocs-216117";10.25656/01:21611;"Deutsches Urheberrecht";Peer-Review;"";"https://www.pedocs.de/volltexte/2021/21611/";"https://www.pedocs.de/volltexte/2021/21611/pdf/ESP_2020_4_Weber_Huber_Foerderung_sozialer_Integration.pdf"
"21612";"Brav ist schwer, Vogel ist leicht. Eine Analyse geläufiger Mindestwortschätze im Deutschunterricht";"Blumenthal, Stefan; Blumenthal, Yvonne";"'Brav' is difficult, 'Vogel' is easy. An analysis of German common minimum vocabularies in elementary school";"";"";"";"Originalveröffentlichung";"Empirische Forschung; Mindestwortschatz; Wortschatzanalyse; Grundwortschatz; Wortschatzarbeit; Deutschunterricht; Rechtschreibunterricht; Didaktik; Primarbereich; Schuljahr 01; Schuljahr 02; Schuljahr 03; Schuljahr 04; Schriftsprache; Rechtschreibung; Rechtschreibschwäche; Förderung; Schwierigkeit; Wort; Strategie; Item-Response-Theorie; Deutschland";"Empirical research; Word study skills; Basic vocabulary; Vocabulary Development; German language teaching; Teaching of German; Spelling instruction; Training method; Primary education; Primary level; School year 01; School year 02; School year 03; School year 04; Dysorthography; Difficulty; Strategy; Item Response theory; Germany";"Deutsch";"Das Grundwortschatzkonzept ist ein bedeutsamer didaktischer Ansatz im Erwerb von Rechtschreibkompetenzen. In jüngster Vergangenheit wurden in fast allen Bundesländern entsprechende Handreichungen mit Mindestwortschätzen veröffentlicht. Dieser Ansatz bietet den Lehrkräften viel Potenzial, für ihre Lerngruppe angepasste Unterrichts- und Förderangebote zu entwickeln. Ein Vergleich des Wortmaterials der jeweiligen Mindestwortschätze zeigt einerseits eine geringe Schnittmenge im Gesamtvergleich und andererseits fehlt eine empirische Überprüfung der Wortschwierigkeiten. In dieser Studie wurde daher ein Korpus von 539 Wörtern an N = 4091 Kindern erster bis vierter Klassen pilotiert. Mithilfe der Item-Response-Theorie wurden Itemparameter dieses Wortpools geschätzt, die erstmalig eine Wortauswahl auf Grundlage empirisch gewonnener Wortschwierigkeiten erlauben. Mittels Clusteranalysen wurden die für die Klassenstufen 1 und 2 bzw. 3 und 4 verschiedenen Schwierigkeitskategorien zugeordnet. Eine qualitative Beschreibung der ermittelten Itemcluster erfolgt hinsichtlich der zur korrekten Schreibung der enthaltenen Wörter zugrundeliegenden Rechtschreibprinzipien. Abschließend werden Implikationen für den Einsatz der Mindestwortschatzarbeit in der Schule dargelegt. (DIPF/Orig.)";"Englisch";"The basic vocabulary concept is a significant didactic approach to the acquisition of spelling skills. Although corresponding handouts with minimum vocabularies have been published in almost all federal states in recent years, there is criticism of this approach e. g. due to creation criteria. In the present study, a corpus of 539 words was piloted at N = 4091 elementary students (grade 1-4). Item parameters were estimated using Item Response Theory. This procedure allowed a word selection based on empirically derived item difficulties. By means of cluster analyses, the difficulty categories for grades 1 and 2 or 3 and 4 were assigned to different difficulty levels. A qualitative description of the determined item clusters is given with regard to the spelling principles underlying the correct spelling of the words contained in the clusters. Implications for use at school are set out. (DIPF/Orig.)";"2020";"Aufsatz (Zeitschrift)";"370";"ger";"";"1869-4845; 1869-4934";"Empirische Sonderpädagogik 12 (2020) 4, S. 279-294";"Pädagogische Teildisziplin: Empirische Bildungsforschung; Fachdidaktik/Sprache und Literatur";"26.02.2021";"urn:nbn:de:0111-pedocs-216120";10.25656/01:21612;"Deutsches Urheberrecht";Peer-Review;"";"https://www.pedocs.de/volltexte/2021/21612/";"https://www.pedocs.de/volltexte/2021/21612/pdf/ESP_2020_4_Blumenthal_Brav_ist_schwer.pdf"
"21613";"Soziale Partizipation von Kindern mit sonderpädagogischem Förderbedarf in den Bereichen Lernen und emotional-soziale Entwicklung in der allgemeinen Grundschule. Ein Literaturreview";"Schürer, Sina";"Social participation of primary school children with special educational needs in learning and emotional-social skills. A literature review";"";"";"";"Originalveröffentlichung";"Empirische Forschung; Sonderpädagogik; Soziale Integration; Partizipation; Sonderpädagogischer Förderbedarf; Lernbehinderung; Affektive Entwicklung; Soziale Entwicklung; Primarbereich; Allgemein bildende Schule; Inklusion; Ausgrenzung; Förderschwerpunkt; Integrative Beschulung; Studie; Literaturbericht; Recherche; Deutschland";"Empirical research; Remedial instruction sciences; Special education for the handicapped; Special needs education; Social integration; Special Educational Needs; Learning handicap; Affective development; Social change; Social development; Primary education; Primary level; General education school; Inclusion; Social exclusion; Literary review; Germany";"Deutsch";"Soziale Partizipation von Kindern mit sonderpädagogischem Förderbedarf (SPF) ist ein zentrales Ziel inklusiver Beschulung. Das Konstrukt der Partizipation ist facettenreich und es ergeben sich verschiedene Möglichkeiten der Operationalisierung. Dies macht eine Vergleichbarkeit von Studien mitunter schwierig. Ziel dieses Beitrages ist die Darstellung von Studien seit dem Jahr 2010 zum Thema soziale Partizipation von Grundschulkindern mit SPF im Bereich des Lernens und der emotional-sozialen Entwicklung in inklusiven Settings. In einer systematischen Literaturrecherche konnten 15 Studien identifiziert werden. Die Studien werden mit Blick auf die Operationalisierung des SPFs und der sozialen Partizipation dargestellt. Die Ergebnisse werden mit internationalen Befunden verglichen. Übereinstimmend mit internationalen Befunden zeigt sich, dass Kinder mit SPF in Deutschland ebenfalls zu einer Risikogruppe gehören. Je nach Indikator der Partizipation zeigen sich jedoch ambivalente Befunde. Das Ausgrenzungsrisiko scheint insbesondere für Kinder mit emotional-sozialen Auffälligkeiten besonders hoch zu sein. Eine Differenzierung nach verschiedenen Förderschwerpunkten wird jedoch in den gesichteten Studien nur selten vorgenommen. Die Ergebnisse werden unter anderem mit Blick auf Implikationen für weitere Forschung diskutiert. (DIPF/Orig.)";"Englisch";"Social participation of children with special educational needs (SEN) is a central goal of inclusive schooling. The construct of social participation is multifaceted, and thus there are various possibilities for operationalization. This fact makes it difficult to compare studies. This paper aims to present relevant studies on social participation of primary school children with SEN in learning and emotional-social development in inclusive settings since 2010. In a systematic literature search, 15 studies were identified. The review’s findings are presented systematically considering the operationalization of SEN and social participation. The results are compared with international findings. In accordance with international findings, this review shows that children with SEN belong to a risk group in Germany, too. Depending on the indicator of participation, these results are ambivalent, though. The risk of exclusion seems particularly high for children with emotional and social problems. A differentiation considering different SENs, however, is done rarely in the examined studies. The results are discussed concerning implications for further research. (DIPF/Orig.)";"2020";"Aufsatz (Zeitschrift)";"370";"ger";"";"1869-4845; 1869-4934";"Empirische Sonderpädagogik 12 (2020) 4, S. 295-319";"Pädagogische Teildisziplin: Empirische Bildungsforschung; Sonderpädagogik";"26.02.2021";"urn:nbn:de:0111-pedocs-216137";10.25656/01:21613;"Deutsches Urheberrecht";Peer-Review;"";"https://www.pedocs.de/volltexte/2021/21613/";"https://www.pedocs.de/volltexte/2021/21613/pdf/ESP_2020_4_Schuerer_Soziale_Partizipation.pdf"
"21614";"Verbesserung des Leseverständnisses auch bei schwachen Grundschülern der vierten Klasse. Evaluation einer Fördermaßnahme auf der Basis des Programms 'Wir werden Textdetektive' im Rahmen einer Felduntersuchung";"Walter, Jürgen";"Improvement of reading comprehension even with below-average fourth grade readers. Evaluation of the program 'Wir werden Textdetektive' as part of a field study";"";"";"";"Originalveröffentlichung";"Empirische Forschung; Sonderpädagogik; Schuljahr 04; Primarbereich; Leseverstehen; Leseschwäche; Förderung; Leseförderung; Strategie; Lesen; Förderprogramm; Lesekompetenz; Wirksamkeit; Interventionsstudie; Deutschland";"Empirical research; Remedial instruction sciences; Special education for the handicapped; Special needs education; School year 04; Primary education; Primary level; Reading comprehension; Reading weakness; Promotion of reading; Support for reading improvement; Strategy; Remedial Programs; Tutorial programs; Reading competence; Germany; Teaching programme";"Deutsch";"Im Rahmen der internationalen Grundschul-Leseuntersuchung (IGLU 2016) wurden eher ernüchternde Befunde ermittelt sowie eine kritische Analyse strukturell-inhaltlicher Merkmale des Deutschunterrichts an deutschen Grundschulen vorgenommen. Vor diesem Hintergrund und den häufig eher schwach ausfallenden Effektstärken strategieorientierter Förderkonzepte wurde im Rahmen einer Felduntersuchung eine weitere Evaluation des Unterrichtsprogramms „Wir werden Textdetektive“ realisiert. Es zeigte sich ein signifikanter kurz- und mittelfristiger Transfer-Effekt (d = 0.47 bzw. d = 0.30) auf standardisiert erfasste Leseverständnisleistungen insgesamt bei Viertklässlern sowie ein Effekt von d = 0.65 bzw. d = 0.56 bei unterdurchschnittlichen Lesern dieser Klassenstufe. Die Analyse der allgemeinen Forschungslage sowie die Erfahrungen im Rahmen dieser Untersuchung legen für die Zukunft ein gezielteres und hybridorientiertes Vorgehen zur Verbesserung von Leistungen im Leseverstehen nahe. (DIPF/Orig.)";"Englisch";"As a result of the Progress in International Reading Literacy Study (PIRLS 2016), sobering findings were made and a critical analysis of the structural and content-related features concerning the reading instruction at German primary schools was carried out. Against this background and the often rather weak effect sizes of strategy-oriented teaching concepts, a further evaluation of the teaching program “Wir werden Textdetektive” was realized. There was a significant short- and medium-term transfer effect (d = 0.47 and d = 0.30) in a standardized reading comprehension test overall in fourth graders as well as an effect of d = 0.65 and d = 0.56 for below-average readers of this grade. The analysis of the general research situation as well as the experiences in the context of this study suggest a more targeted and hybrid-oriented approach to improve performance in reading comprehension in the future. (DIPF/Orig.)";"2020";"Aufsatz (Zeitschrift)";"370";"ger";"";"1869-4845; 1869-4934";"Empirische Sonderpädagogik 12 (2020) 4, S. 320-346";"Pädagogische Teildisziplin: Empirische Bildungsforschung; Sonderpädagogik";"26.02.2021";"urn:nbn:de:0111-pedocs-216141";10.25656/01:21614;"Deutsches Urheberrecht";Peer-Review;"";"https://www.pedocs.de/volltexte/2021/21614/";"https://www.pedocs.de/volltexte/2021/21614/pdf/ESP_2020_4_Walter_Verbesserung_des_Leseverstaendnisses.pdf"
"21615";"Die Schülerschaft an Schulen für Kinder und Jugendliche mit einer geistigen Behinderung. Hintergrundmerkmale, Alltagskompetenzen und Verhaltensprobleme";"Müller, Christoph Michael; Amstad, Meta; Begert, Thomas; Egger, Sara; Nenniger, Gina; Schoop-Kasteler, Noemi; Hofmann, Verena";"Student characteristics in special needs schools for children and adolescents with intellectual disabilities. Demographics, adaptive and problem behaviors";"";"";"";"Originalveröffentlichung";"Empirische Forschung; Sonderpädagogik; Geistige Behinderung; Sonderschule; Zusammensetzung; Schüler; Behinderter; Förderschwerpunkt; Alltag; Kompetenz; Verhalten; Verhaltensauffälligkeit; Förderbedarf; Sozioökonomischer Status; Sozialer Hintergrund; Fragebogenerhebung; Längsschnittuntersuchung; Schweiz; Deutschsprachige Schweiz";"Empirical research; Remedial instruction sciences; Special education for the handicapped; Special needs education; Oligophrenia; School for the handicapped; Special needs school; Special school; Pupil; Pupils; Disabled person; Handicapped; Everyday life; Competency; Socio-economic status; Socioeconomic status; Questionnaire survey; Longitudinal analysis; Longitudinal study; Switzerland; German-speaking Switzerland; Germany";"Deutsch";"Der Großteil von Kindern und Jugendlichen mit einer geistigen Behinderung besucht auf diesen Personenkreis spezialisierte sonderpädagogische Schulen. Insbesondere für die Schweiz liegen bisher erst wenig empirisch erhobene Informationen über die Schülerschaft an solchen Schulen vor. In der vorliegenden Studie wurden mit Hilfe anonymer Fachpersonenauskünfte an 16 Deutschschweizer Heilpädagogischen Schulen ausführliche Informationen zu den Hintergrundmerkmalen, Alltagskompetenzen und Verhaltensproblemen der Schülerschaft erhoben. In die hier durchgeführten Analysen gingen die Berichte von 397 Fachpersonen zu 1107 Kindern und Jugendlichen im Alter von vier bis 19 Jahren (M=11.28; SD=3.76) ein. Es zeigte sich eine Überrepräsentation von Jungen (68.8%) sowie von Kindern und Jugendlichen mit ausländischer Staatsangehörigkeit (34%). Der Median der Alltagskompetenzen lag mit einem Prozentrang von Mdn=3 (range=0-91) in einem tiefen Bereich und für 51.8% der Kinder und Jugendlichen wurden erhebliche Verhaltensprobleme berichtet. Auffallend war die große Heterogenität der Schülerschaft. Die Ergebnisse zeigen einen hohen professionellen Unterstützungsbedarf der Schülerinnen und Schüler an Heilpädagogischen Schulen. (DIPF/Orig.)";"Englisch";"Most children and adolescents with an intellectual disability attend special needs schools that are specialized on this type of disability. In Switzerland there is a lack of empirical data on the characteristics of students attending these schools. Using anonymous staff reports in 16 Swiss German special needs schools detailed information on students’ background characteristics and both adaptive and problem behaviors was assessed. For the present analyses, data on 1107 students aged between four and 19 years (M=11.28; SD=3.76) reported by 397 persons working in special needs schools were used. An overrepresentation of boys (68.8%) and students of foreign citizenship (34%) was found. The median of adaptive behavior was low (percentile rank Mdn=3; range 0-91) and for 51.8% of the students’ staff reported critically high levels of problem behaviors. At the same time students were very heterogeneous in these characteristics. The results of this study point to a great need of professional support of children and adolescents attending special needs schools for students with intellectual disabilities. (DIPF/Orig.)";"2020";"Aufsatz (Zeitschrift)";"370";"ger";"";"1869-4845; 1869-4934";"Empirische Sonderpädagogik 12 (2020) 4, S. 347-368";"Pädagogische Teildisziplin: Empirische Bildungsforschung; Sonderpädagogik";"26.02.2021";"urn:nbn:de:0111-pedocs-216153";10.25656/01:21615;"Deutsches Urheberrecht";Peer-Review;"";"https://www.pedocs.de/volltexte/2021/21615/";"https://www.pedocs.de/volltexte/2021/21615/pdf/ESP_2020_4_Mueller_et_al_Die_Schuelerschaft_an.pdf"
"25528";"'DigSon' - Digitales Lehren und Lernen in der Hochschullehre mit angehenden Lehrkräften der Sonderpädagogik in den Förderschwerpunkten Emotionale und Soziale Entwicklung und Lernen";"Roos, Stefanie; Kaplan, Anne";"'DigSon' - Digital teaching and learning in higher education with prospective teachers of special needs education in the area of social-emotional and learning disabilities";"";"";"";"Originalveröffentlichung";"Empirische Forschung; Sonderpädagogik; Sonderpädagogische Förderung; Digitalisierung; Lernen; Lehramtsstudent; Selbstwirksamkeit; Medienkompetenz; Feedback; Hochschullehre; Lehrerausbildung; Selbsteinschätzung; Empirische Untersuchung; Evaluation; Fragebogenerhebung";"Empirical research; Remedial instruction sciences; Special education for the handicapped; Special needs education; Digitalization; Learning; Student teachers; Self efficacy; Media competence; Media skills; Higher education lecturing; University lecturing; University teaching; Teacher education; Teacher training; Self-rating; Empirical study; Questionnaire survey";"Deutsch";"Digitales Unterrichten und damit digitale Kompetenzen angehender Lehrkräfte treten – auch durch die aktuelle Covid-19-Pandemie – verstärkt in den Fokus. Laut aktuellen Studien sind systematische Lerngelegenheiten zum Umgang mit digitalen Medien im Studienalltag tendenziell rar und Studierende selbst verfügen über eher geringe Ausprägungsgrade medienbezogener Kompetenzen. In der vorliegenden Studie wird das onlinebasierte Hochschulseminar „DigSon“ für angehende Lehrkräfte mit den gewählten Förderschwerpunkten Emotionale und Soziale Entwicklung (ESE) sowie Lernen der Universität Siegen und der Technischen Universität Dortmund evaluiert. Mittels Kontrollgruppendesign wird die Wahrnehmung der eigenen Kompetenzen der Experimentalgruppe (N = 69) zu drei Messzeitpunkten und der Kontrollgruppe (N = 16) zu zwei Messzeitpunkten mit Hilfe der Skala „Selbsteinschätzung digitaler Kompetenzen bei Lehramtsstudierenden“ von Rubach und Lazarides (2019) sowie der „Kurzskala zur Erfassung allgemeiner Selbstwirksamkeitserwartungen (ASKU)” von Beierlein et al. (2013) erfasst. Lehramtsstudierende können durch die Teilnahme an dem Seminar einen Zuwachs an selbst eingeschätzten digitalen Kompetenzen erfahren. Zudem stellen in vorliegender Untersuchung die selbst eingeschätzten digitalen Kompetenzen einen Prädiktor für das Ausmaß allgemeiner Selbstwirksamkeit dar. Auf dieser Grundlage können das „DigSon”-Seminar weiterentwickelt sowie noch bestehende Desiderate im Bereich digitaler Kompetenzen von angehenden Lehrkräften in den Förderschwerpunkten ESE und Lernen definiert werden. (DIPF/Orig.)";"Englisch";"Digital teaching and thus digital skills of prospective teachers are increasingly in focus – also due to the current Covid 19 pandemic. According to current studies, systematic learning opportunities for dealing with digital media in everyday academic life tend to be rare, and students themselves have rather low level of media-related skills. The present study evaluates the online-based university seminar ´DigSon´ for prospective teachers of special needs education in the area of social-emotional and learning disabilities at the Universities of Siegen and Dortmund. Based on a control group design the self-assessed skills of the experimental group (N = 69) is recorded at three measurement points and the self-assessed skills of the control group (N = 16) is recorded at two measurement points by using the scale ´Self-Evaluation of Digital Competencies in Student Teachers´ from Rubach and Lazarides (2019) and the ´Short Scale for the Assessment of General Self-Efficacy Expectations (ASKU)´ from Beierlein et al. (2013).By participating in the seminar, student teachers can experience an increase in self-assessed digital skills. In addition, in the present study, the self-assessed digital skills represent a predictor for the extent of general self-efficacy. On this basis, the ´DigSon´ seminar can be further developed and existing desiderata in the area of digital skills can be defined from prospective teachers of special needs education in the area of social-emotional and learning disabilities. (DIPF/Orig.)";"2022";"Aufsatz (Zeitschrift)";"370";"ger";"";"1869-4845; 1869-4934";"Empirische Sonderpädagogik 14 (2022) 1, S. 6-25";"Pädagogische Teildisziplin: Empirische Bildungsforschung; Sonderpädagogik";"22.03.2023";"urn:nbn:de:0111-pedocs-255284";10.25656/01:25528;"Creative Commons Namensnennung - Nicht kommerziell 4.0 International";Peer-Review;"";"https://www.pedocs.de/volltexte/2023/25528/";"https://www.pedocs.de/volltexte/2023/25528/pdf/ESP_2022_1_Roos_Kaplan_DigSon_Digitales_Lehren.pdf"
"25529";"Empirischer Forschungsstand zu digitalen Medien im Schulunterricht in inklusiven und sonderpädagogischen Kontexten. Eine systematische Übersichtsarbeit";"Mertens, Claudia; Quenzer-Alfred, Carolin; Kamin, Anna-Maria; Homrighausen, Tim; Niermeier, Tina; Mays, Daniel";"Empirical state of research on digital media in the classroom in inclusive and special education contexts. A systematic review";"";"";"";"Originalveröffentlichung";"Empirische Forschung; Sonderpädagogik; Sonderpädagogische Förderung; Digitalisierung; Digitale Medien; Medieneinsatz; Unterricht; Inklusion; Medienkompetenz; Systematic Review";"Empirical research; Remedial instruction sciences; Special education for the handicapped; Special needs education; Digitalization; Deployment of media; Use of media; Teaching; Inclusion; Media competence; Media skills";"Deutsch";"Bildung in einer digital geprägten Welt hat den Auftrag, zu einer aktiven, selbstbestimmten Teilhabe für alle Schülerinnen und Schüler beizutragen (KMK, 2016). Dazu bedarf es sowohl der curricularen Verankerung des Erwerbs einer umfassenden Medienkompetenz entlang der gesamten Schullaufbahn, als auch der gezielten und reflektierten Nutzung digitaler Medien im Sinne der Mediendidaktik. Im Kontext der Sonderpädagogik können digitale Medien unterschiedliche Funktionen zur Teilhabe aller Schülerinnen und Schüler erfüllen – darunter barrierefreie Zugänglichkeit, Anschluss an assistive Technologien, individuelle Förderung und Diagnostik. Der Artikel präsentiert ein systematisches Review zum Forschungsstand sonderpädagogischer und inklusiver Nutzung digitaler Medien im Unterricht, ordnet die Ergebnisse in den Diskurs um Digitalisierung unter der Perspektive von Inklusion ein und zeigt Forschungsdesiderate auf. Es stellt eine Ergänzung zu Quenzer-Alfred & Mertens et al. (im Druck) dar, die zuvor den empirischen deutschsprachigen Forschungsstand zu digitalen Medien für Schülerinnen und Schüler mit einem zusätzlichen oder einem sonderpädagogischen Förderbedarf im Hinblick auf Studien mit Peer-Review aggregierten und ein Desiderat in Bezug auf Grundlagenforschung mit Fokus auf eine inklusiv-mediale Unterrichtsforschung offenlegten. Ergänzend wurden nun empirische Originalstudien publiziert als Monografie, Abschlussarbeit, Berichte oder Artikel in Zeitschriften oder Konferenz- und Tagungsbänden ohne Peer-Review-Verfahren aggregiert. Auf Basis von sieben Einschlusskriterien wurden N=19 deutschsprachige Studien eingeschlossen. Die Mehrzahl der Studien fokussieren mit Lesen/Schreiben, Rechnen oder Lernen ausgewählte Bereiche schulischen Lernens, wobei der Medieneinsatz vielfach in Form des Einsatzes von Trainingssoftware erfolgt. Das Zusammenspiel der Potenziale von inklusiv-medialen Lernens im Klassenverband sowie der Medienkompetenzerwerb für alle Schülerinnen und Schüler ist hingegen kaum Gegenstand der Forschung. (DIPF/Orig.)";"Englisch";"Education in a digitally shaped world has the task to contribute to active, self-determined participation for all pupils (KMK, 2016). This requires the curricular anchoring of the acquisition of comprehensive media competence along the entire school career and the planned, targeted and reflected use of digital media in the sense of media didactics. In the context of special education, digital media can fulfil different functions for the participation of all pupils – including barrier-free accessibility, assistive technologies, individual support and diagnostics. The article presents a systematic review on the use of digital media in special needs education, places the results in the discourse on digitalization from the perspective of inclusion and identifies research desiderata. It is a supplement to Quenzer-Alfred & Mertens et al. (to be published), who previously aggregated empirical studies on digital media for pupils with additional or special educational needs with peer-review and revealed a desideratum for basic research focusing on inclusive-medium teaching. Additionally, empirical studies published as monographs, theses, reports or articles in journals or conference and conference proceedings without peer review were aggregated. Based on seven inclusion criteria N=19 German studies were included. The majority of the studies focused on selected areas of school learning, such as reading/writing, arithmetic or learning, whereby the use of media often took the form of the use of training software. The interplay of the potentials of inclusive media learning in the classroom as well as the acquisition of media competence for all pupils is hardly the subject of research. (DIPF/Orig.)";"2022";"Aufsatz (Zeitschrift)";"370";"ger";"";"1869-4845; 1869-4934";"Empirische Sonderpädagogik 14 (2022) 1, S. 26-46";"Pädagogische Teildisziplin: Empirische Bildungsforschung; Sonderpädagogik";"22.03.2023";"urn:nbn:de:0111-pedocs-255293";10.25656/01:25529;"Creative Commons Namensnennung - Nicht kommerziell 4.0 International";Peer-Review;"";"https://www.pedocs.de/volltexte/2023/25529/";"https://www.pedocs.de/volltexte/2023/25529/pdf/ESP_2022_1_Mertens_et_al_Empirischer_Forschungsstand.pdf"
"25530";"Digitale Förderung der narrativen Schreibkompetenz bei Schülerinnen und Schülern mit diagnostiziertem Unterstützungsbedarf. Ein systematisches Literatur-Review";"Schröder, Lea; Urton, Karolina; Vierbuchen, Marie-Christine; Hertel, Sophia; Nobel, Kerstin; Barwasser, Anne; Grünke, Matthias; Schulden, Matthias; Hillenbrand, Clemens";"Digital support of narrative writing skills for students with special educational needs. A systematic review";"";"";"";"Originalveröffentlichung";"Empirische Forschung; Sonderpädagogik; Sonderpädagogische Förderung; Digitalisierung; Schreibkompetenz; Narrative Kompetenz; Förderbedarf; Schreiben; Schreibstörung; Intervention; Systematic Review; Literaturübersicht";"Empirical research; Remedial instruction sciences; Special education for the handicapped; Special needs education; Digitalization; Writing ability; Writing difficulties; Literature Reviews";"Deutsch";"Die Fähigkeit, Gedanken schriftlich festzuhalten, ist für gesellschaftliche Teilhabe unabdingbar. Viele Schülerinnen und Schüler erwerben diese Kompetenz jedoch nicht in ausreichendem Maße und benötigen deswegen eine zusätzliche spezifische Förderung. Vor dem Hintergrund einer zunehmenden Bedeutung der Digitalisierung im Bildungsbereich stellt sich die Frage, welche wissenschaftlichen Erkenntnisse bezüglich digitaler Schreibinterventionen bei Schülerinnen und Schülern mit unterschiedlichen diagnostizierten Unterstützungsbedarfen existieren. Das vorliegende systematische Literatur-Review gibt einen Überblick über den gegenwärtigen internationalen Forschungsstand. Insgesamt wurden 40 Zeitschriftenartikel und 11 Dissertationen in die Beurteilung einbezogen. Es zeigt sich, dass digitale Förderung unabhängig vom Förderbedarf, vom Alter und von der Schulform dazu beitragen kann, die narrative Schreibkompetenz zu verbessern. Eine Zuordnung der genutzten digitalen Elemente anhand des SAMR-Modells (Puentedura, 2006) gibt einen Hinweis darauf, dass diese hauptsächlich die analogen Elemente ersetzen und erweitern und weniger der Umgestaltung der Aufgaben zuzuordnen sind. Trotz der Vielzahl an einschlägigen empirischen Arbeiten ist die Datenbasis im Hinblick auf hochwertige Studien allerdings noch zu gering, um verlässliche und allgemeingültige Aussagen über die Wirkungen treffen zu können. (DIPF/Orig.)";"Englisch";"The ability to capture thoughts in a written form is essential for social participation. However, many students develop this skill insufficiently and therefore require additional specific support. Digitalization in education is gaining in importance. The question therefore arises which scientific findings exist regarding digital writing interventions for students with different diagnosed educational needs. This systematic literature review provides an overview of the current state of international research. A total of 40 journal articles and 11 dissertations were included in the review. It is found that digital support is able to improve narrative writing skills regardless of diagnosed educational need, age, and school type. A categorization of the digital elements used based on the SAMR model (Puentedura, 2006) indicates that they mainly substitute and augment the analog elements and are less associated with modification and redefinition. However, despite the large amount of relevant empirical works, the data base in terms of high-quality studies is still too small to draw reliable and generalizable conclusions about the effects. (DIPF/Orig.)";"2022";"Aufsatz (Zeitschrift)";"370";"ger";"";"1869-4845; 1869-4934";"Empirische Sonderpädagogik 14 (2022) 1, S. 47-78";"Pädagogische Teildisziplin: Empirische Bildungsforschung; Sonderpädagogik";"22.03.2023";"urn:nbn:de:0111-pedocs-255300";10.25656/01:25530;"Creative Commons Namensnennung - Nicht kommerziell 4.0 International";Peer-Review;"";"https://www.pedocs.de/volltexte/2023/25530/";"https://www.pedocs.de/volltexte/2023/25530/pdf/ESP_2022_1_Schroeder_et_al_Digitale_Foerderung.pdf"
"25531";"Entwicklung und Evaluation eines Verfahrens zur Prognose von zukünftigen Schwierigkeiten beim Schriftspracherwerb in der Grundschule";"Walter, Jürgen; Clausen-Suhr, Kristina";"Development and evaluation of a screening procedure estimating the risk of future literacy problems in children when entering primary school";"";"";"";"Originalveröffentlichung";"Empirische Forschung; Sonderpädagogik; Sonderpädagogische Förderung; Digitalisierung; Prognostik; Schriftspracherwerb; Prävention; Primarbereich; Lese-Rechtschreib-Schwäche; Kompetenz; Schuljahr 01; Evaluation; Vorhersage; Screening-Verfahren";"Empirical research; Remedial instruction sciences; Special education for the handicapped; Special needs education; Digitalization; Prognostication; Prevention; Primary education; Primary level; Dyslexia; Legasthenia; Writing-reading weakness; Competency; School year 01; Prediction; Screening tests";"Deutsch";"Einen wichtigen Baustein im Rahmen der Prävention von Problemen beim Schriftspracherwerb stellen Screening-Verfahren dar. Die meisten Instrumente zur Prognose solcher Schwächen im Grundschulalter sind als Einzelverfahren konzipiert. Die damit verbundene extrem hohe Zeit- und Personalintensität erschwert den flächendeckenden Einsatz in der Praxis deutlich. Im vorliegenden Beitrag werden die Entwicklung und Evaluation eines Filter-Screenings an einer Stichprobe von N = 173 Kindern der ersten Klassenstufe beschrieben, das auf Gruppenebene durchgeführt werden kann. Auf der Basis der logistischer Regressionsanalyse konnte ein durch eine Kreuzvalidierung abgesichertes Drei-Variablen-Prognosemodell (nonverbaler IQ, Satzverstehen, Phonemsynthese) identifiziert werden, das sehr gute AUC-Werte (bis zu > .90) und vor dem Hintergrund eines optimalen Prognose-Cutoffs gute Sensitivitäts- und Spezifitätswerte (91.2%; 84.9%) bei einem RATZ-Index = 87.4% aufweist. (DIPF/Orig.)";"Englisch";"Screening methods play an important role in preventing problems with the acquisition of written language. Most of these instruments applied in children when entering primary school are designed as individual procedures. The associated extremely high time and personnel intensity makes it much more difficult to use them across the board in practice. This paper describes the development and evaluation of a filter screening-instrument on a sample of N = 173 first graders, which can be carried out at group level. On the basis of a logistic regression analysis, a three-variable prognosis model (nonverbal IQ, sentence comprehension, phoneme synthesis), secured by a cross-validation, could be developed, which has very good AUC-values (up to > .90) and, against the background of an optimal prognosis cutoff, good sensitivity and specificity values (91.2%; 84.9%) with a RATZ index = 87.4%. (DIPF/Orig.)";"2022";"Aufsatz (Zeitschrift)";"370";"ger";"";"1869-4845; 1869-4934";"Empirische Sonderpädagogik 14 (2022) 1, S. 79-99";"Pädagogische Teildisziplin: Empirische Bildungsforschung; Sonderpädagogik";"22.03.2023";"urn:nbn:de:0111-pedocs-255318";10.25656/01:25531;"Creative Commons Namensnennung - Nicht kommerziell 4.0 International";Peer-Review;"";"https://www.pedocs.de/volltexte/2023/25531/";"https://www.pedocs.de/volltexte/2023/25531/pdf/ESP_2022_1_Walter_Clausen-Suhr_Entwicklung_und_Evaluation.pdf"
"25532";"Effekte eines Hochintensiven Intervalltrainings auf das symptomspezifische Unterrichtsverhalten von Schülern mit einer Aufmerksamkeits-Defizit-Hyperaktivitätsstörung";"Casale, Gino; Kauder, Melissa; Hennemann, Thomas; Vrban, Robert";"Effects of a high-intensity interval training on the symptom-specific classroom behavior of students with attention-deficit-hyperactivity-disorder";"";"";"";"Originalveröffentlichung";"Empirische Forschung; Sonderpädagogik; Sonderpädagogische Förderung; Intervalltraining; Schülerverhalten; Unterrichtsverhalten; Aufmerksamkeits-Defizit-Hyperaktivitäts-Störung; Sportförderung; Aktivität; Verhaltensentwicklung; Effektivität; Primarbereich; Evaluation";"Empirical research; Remedial instruction sciences; Special education for the handicapped; Special needs education; Pupil Attitudes; Pupil behavior; Pupil behaviour; Attention deficit disorders; Regional promotion; Sports promotion; Effectiveness; Primary education; Primary level";"Deutsch";"In der vorliegenden Studie wurde untersucht, inwiefern sich das symptomspezifische Unterrichtsverhalten von zwei Erstklässlern mit einer Aufmerksamkeits-Defizit-Hyperaktivitätsstörung (ADHS) während eines Hochintensiven Intervalltrainings (HIIT) entwickelt und welches Muster die Verhaltensentwicklung während der Interventionsphase zeigt. In einer kontrollierten Einzelfallstudie mit AB-Design wurden zwei Erstklässler einer Förderschule mit dem sonderpädagogischen Förderschwerpunkt Emotionale und soziale Entwicklung sowie einer fachärztlich diagnostizierten ADHS über einen Zeitraum von vier Wochen mit einem HIIT bestehend aus einer Aufwärmphase, einer anschließenden Erholungsphase, drei Belastungsintervallen und jeweils drei dazwischenliegenden Erholungsphasen gefördert. In den Messzeitpunkten der A- (n = 14) und B-Phasen (n = 19) wurde das symptomspezifische Unterrichtsverhalten über Direct Behavior Rating Multiple-Item-Skalen (DBR-MIS) erfasst. Die Datenauswertung erfolgte durch die Überlappungskennwerte NAP und Tau-U sowie über Piecewise Linear Regression Modelle (PLM). Die Ergebnisse sind insgesamt uneindeutig, zeigen allerdings bei beiden Schülern substantielle Verhaltensverbesserungen mit moderaten Effekten während des HIIT, die sich insbesondere für das unaufmerksame Unterrichtsverhalten zeigen. Entgegen unserer Hypothese treten die Verhaltensverbesserungen stärker unmittelbar nach Einführung des Trainings und nicht kontinuierlich über die Zeit ein, allerdings ohne signifikante Level- oder Slope-Effekte. Das HIIT stellt somit eine vielversprechende schulische Fördermethode für Schüler*innen mit ADHS dar, wenngleich weitere Wirksamkeitsnachweise fehlen und zukünftige Studien die zwischen Sport und Verhalten moderierenden Faktoren (v. a. die kognitive Performanz) systematisch untersuchen sollten. (DIPF/Orig.)";"Englisch";"The present study investigated to what extent the symptom-specific classroom behavior of two first graders with attention deficit hyperactivity disorder (ADHD) developed during High-Intensity Interval Training (HIIT) and what pattern the behavioral development showed during the intervention phase. In a controlled single-case study with AB design, two first graders of a special school with special educational needs in emotional and social development and a formal ADHD diagnosis participated in a HIIT over a period of four weeks. The HIIT consisted of a warm-up phase, a subsequent recovery phase, three load intervals and three intervening recovery phases each. At the measurement points of the A (n = 14) and B (n = 19) phases, symptom-specific classroom behavior was measured using Direct Behavior Rating Multiple-Item Scales (DBR-MIS). Data analysis was performed using the overlap indices NAP and Tau-U and Piecewise Linear Regression models (PLM). Results were mixed, but substantial behavioral improvements with moderate effects occured during HIIT for both students, especially for inattentive classroom behavior. Contrary to our hypothesis, the behavioral improvements were stronger immediately after the introduction of training and not continuously over time, although neither significant level nor slope effects were identified in the PLM models. HIIT shows the potential as a school support method for students with ADHD, although more evidence about the effects is necessary, and future studies should systematically investigate the moderating factors between exercise and behavior (especially cognitive performance). (DIPF/Orig.)";"2022";"Aufsatz (Zeitschrift)";"370";"ger";"";"1869-4845; 1869-4934";"Empirische Sonderpädagogik 14 (2022) 1, S. 100-119";"Pädagogische Teildisziplin: Empirische Bildungsforschung; Sonderpädagogik";"22.03.2023";"urn:nbn:de:0111-pedocs-255324";10.25656/01:25532;"Creative Commons Namensnennung - Nicht kommerziell 4.0 International";Peer-Review;"";"https://www.pedocs.de/volltexte/2023/25532/";"https://www.pedocs.de/volltexte/2023/25532/pdf/ESP_2022_1_Casale_et_al_Effekte_eines_Hochintensiven.pdf"
"25767";"Zusammenhänge des peerbezogenen Klassenklimas und der sozialen Partizipation von Schüler*innen mit kognitiven und sozial-emotionalen Beeinträchtigungen";"Wüthrich, Sergej; Sahli Lozano, Caroline; Torchetti, Loredana; Lüthi, Michelle";"Relationships between peer-related classroom climate and social participation of students with cognitive and social-emotional disabilities";"";"";"";"Originalveröffentlichung";"Empirische Forschung; Sonderpädagogik; Klassenklima; Inklusion; Soziale Integration; Behinderung; Sonderpädagogischer Förderbedarf; Schüler-Schüler-Beziehung; Peer Group; Schulische Integration; Primarbereich; Soziale Partizipation; Interventionsstudie; Sekundäranalyse; Schweiz";"Empirical research; Remedial instruction sciences; Special education for the handicapped; Special needs education; Classroom Environment; Social integration; Handicap; Special Educational Needs; Peer groups; Pupil integration; School pedagogics; Primary education; Primary level; Social participation; Switzerland; Pupil; Pupils";"Deutsch";"Eine der größten Herausforderungen in inklusiven Schulklassen ist die oftmals schlechtere soziale Partizipation von Schüler*innen mit einer Behinderung im Vergleich zu ihren Peers ohne Behinderung. Bei der sozialen Partizipation spielen nicht nur individuelle, sondern auch kontextuelle Faktoren wie Klassennormen und das Klassenklima eine Rolle. Die vorliegende Studie untersucht Zusammenhänge des peerbezogenen Klassenklimas in 54 Grundschulklassen mit 1099 Schüler*innen auf verschiedene Aspekte der sozialen Partizipation der Risikogruppe von Schüler*innen mit einer kognitiven oder sozial-emotionalen Beeinträchtigung mittels latenter Mehrebenenanalysen. Erwartungsgemäß zeigt sich, dass diese Schüler*innen in einem soziometrischen Peer-Rating-Verfahren weniger Interaktions- und mehr Ablehnungsratings erhalten, und dass sie sich sozial schlechter integriert fühlen als ihre Mitschüler*innen. Analog zu früheren Befunden erweist sich das peerbezogene Klassenklima als wichtiger Faktor, indem Schüler*innen in Klassen mit einem guten Klima insgesamt weniger Ablehnung erfahren und sich sozial besser integriert fühlen. Ein gutes Klima geht zudem mit einer Ausnivellierung der Unterschiede in der Ablehnung zwischen Schüler*innen mit einer kognitiven oder sozial-emotionalen Beeinträchtigung und ihren Mitschüler*innen einher. Für die Interaktionen hingegen wurden keine solche Zusammenhänge gefunden. Lehrpersonen sollten sich daher neben dem Fokus auf ein gutes Klassenklima auch darum bemühen, Schüler*innen mit einer Behinderung aktiv in die Klassengemeinschaft einzubinden. (DIPF/Orig.)";"Englisch";"One of the biggest challenges in inclusive classrooms is the often poor social participation of students with disabilities compared to their peers without disabilities. In addition to individual factors, contextual factors such as class norms and classroom climate play an important role in this regard. The present study investigates relationships of peer-related class climate in 54 elementary school classrooms with 1099 students on different aspects of social participation of the at-risk group of students with a cognitive or social-emotional disability using latent multilevel analyses. As expected, these students receive fewer interaction and more rejection ratings in a sociometric peer rating procedure, and they feel less socially integrated than their peers. Analogous to previous findings, peer-related class climate proves to be an important factor, in that a good climate is generally associated with less rejection and higher perceived social integration of students. A good climate is also associated with a reduction in the differences in rejection between students with a cognitive or social-emotional impairment and their peers. However, for interactions, no such relationships were found. Teachers should therefore not only focus on classroom climate, but also strive to actively integrate students with disabilities into the classroom community. (DIPF/Orig.)";"2022";"Aufsatz (Zeitschrift)";"370";"ger";"";"1869-4845; 1869-4934";"Empirische Sonderpädagogik 14 (2022) 2, S. 123-138";"Pädagogische Teildisziplin: Empirische Bildungsforschung; Sonderpädagogik";"29.03.2023";"urn:nbn:de:0111-pedocs-257678";10.25656/01:25767;"Creative Commons Namensnennung - Nicht kommerziell 4.0 International";Peer-Review;"";"https://www.pedocs.de/volltexte/2023/25767/";"https://www.pedocs.de/volltexte/2023/25767/pdf/ESP_2022_2_Wuethrich_et_al_Zusammenhaenge_des_peerbezogenen.pdf"
"25768";"Klassenklima und Bullyingerfahrungen im Zusammenhang mit sozialer Akzeptanz und Freundschaftsbeziehungen in inklusiven Klassen";"Hartmann, Anne; Lenkeit, Jenny; Ehlert, Antje; Knigge, Michel; Spörer, Nadine";"Classroom climate and bullying experiences in relation to social acceptance and friendships in inclusive classes";"";"";"";"Originalveröffentlichung";"Empirische Forschung; Sonderpädagogik; Klassenklima; Mobbing; Akzeptanz; Freundschaft; Schüler-Schüler-Beziehung; Integrationsklasse; Soziale Partizipation; Sonderpädagogischer Förderbedarf; Schüler; Inklusion; Sekundarstufe I; Jugendlicher; Peer Group; Fragebogenerhebung; Deutschland";"Empirical research; Remedial instruction sciences; Special education for the handicapped; Special needs education; Classroom Environment; Acceptance; Friendship; Inclusion class; Integration classes; Social participation; Special Educational Needs; Pupil; Pupils; Inclusion; Lower level secondary education; Lower secondary; Lower secondary education; Secondary education lower level; Adolescent; Peer groups; Questionnaire survey; Germany";"Deutsch";"Soziale Partizipation von Schüler:innen mit sonderpädagogischem Förderbedarf (SPF) ist ein zentrales Thema aktueller Inklusionsdebatten. Ziel der vorliegenden Studie war es, zu untersuchen, ob sich die Wahrnehmung des Klassenklimas und der Bullyingerfahrungen von Jugendlichen mit SPF Lernen (LE) und emotional-soziale Entwicklung (ESE) von Schüler:innen ohne SPF unterscheidet und zu evaluieren, inwieweit soziale Akzeptanz sowie reziproke und gruppenübergreifende Freundschaften mit dem Klassenklima und Bullyingerfahrungen zusammenhängen. Dazu wurden von 894 Sechst- und Siebtklässler:innen aus 44 inklusiven Klassen soziometrische und Fragebogendaten erhoben. Mithilfe von Mehrebenen-Regressionsanalysen zeigte sich, dass ältere sowie Schüler:innen mit SPF ESE das Klassenklima negativer wahrnehmen. Für Jugendliche mit SPF LE und der Interaktion von Alter und SPF zeigten sich keine signifikanten Zusammenhänge mit dem wahrgenommenen Klassenklima  und Bullyingerfahrungen. Darüber hinaus hingen alle drei soziometrischen Maße auf individueller Ebene signifikant mit dem Klassenklima und Bullyingerfahrungen zusammen. Für das Klassenklima ließen sich die ermittelten Zusammenhänge ebenfalls auf der Klassenebene beobachten. (DIPF/Orig.)";"Englisch";"Social participation of students with special educational needs (SEN) is a central topic in current inclusion debates. The goal of the present study was to analyze self-perceived classroom climate and bullying experiences of adolescents with SEN learning (LE) and social-emotional development (SED), and to investigate to what extent social acceptance, reciprocal, and cross-group friendships relate to classroom climate and bullying experiences. Sociometric and questionnaire data were collected from 894 sixth- and seventh-graders from 44 inclusive classes. Applying multilevel regression analyses findings revealed that older students and adolescents with SEN SED reported lower scores for classroom climate. For adolescents with SEN LE and the interaction of age and SEN, no significant relations were found with classroom climate and bullying experiences. Furthermore, all three sociometric measures were significantly related to classroom climate and bullying experiences at the individual level. For classroom climate, these relations were also evident at the class level. (DIPF/Orig.)";"2022";"Aufsatz (Zeitschrift)";"370";"ger";"";"1869-4845; 1869-4934";"Empirische Sonderpädagogik 14 (2022) 2, S. 139-153";"Pädagogische Teildisziplin: Empirische Bildungsforschung; Sonderpädagogik";"29.03.2023";"urn:nbn:de:0111-pedocs-257684";10.25656/01:25768;"Creative Commons Namensnennung - Nicht kommerziell 4.0 International";Peer-Review;"";"https://www.pedocs.de/volltexte/2023/25768/";"https://www.pedocs.de/volltexte/2023/25768/pdf/ESP_2022_2_Hartmann_et_al_Klassenklima_und_Bullyingerfahrungen.pdf"
"25769";"Social-relational classroom climate and its link to primary students' behavioral problems";"Krull, Johanna; Urton, Karolina; Kulawiak, Pawel R.; Wilbert, Jürgen; Hennemann, Thomas";"Soziales Klassenklima und Verhaltensprobleme von Schüler*innen der Primarstufe";"";"";"";"Originalveröffentlichung";"Empirische Forschung; Sonderpädagogik; Klassenklima; Verhaltensauffälligkeit; Primarbereich; Soziales Klima; Soziale Integration; Soziale Partizipation; Schüler-Lehrer-Beziehung; Mobbing; Soziale Beziehung; Peer Group; Schüler-Schüler-Beziehung; Querschnittuntersuchung; Fragebogenerhebung; Deutschland";"Empirical research; Remedial instruction sciences; Special education for the handicapped; Special needs education; Classroom Environment; Primary education; Primary level; Social integration; Social participation; Pupil-teacher relation; Pupil-teacher relationship; Social relations; Peer groups; Questionnaire survey; Germany";"Englisch";"According to the BELLA study, 15-20% of all students in primary school age in Germany show mild to manifest mental problems. These children are often involved in bullying, have fewer friends in class, and feel less socially included compared to their classmates. Classroom climate is discussed as an approach to foster the academic achievement, the well-being, and the social-emotional development of these children. Previous research has revealed a link between classroom climate and students' behavioral problems. However, classroom climate is a broad construct for which many different definitions and operationalizations exist and less is known about the nexus between behavioral problems and the social-relational classroom climate. In the present study, we focus on the social-relational classroom climate consisting of the students’ feelings of social inclusion, social participation, student-teacher relations, and bullying and address the following research questions: What is the connection between students’ behavioral problems and various aspects of social relations on the individual and class levels? Data were collected from 2045 primary school students (51% male; age: M = 8.57 years, SD = 1.29) from 87 classes in a cross-sectional design utilizing teacher ratings, student questionnaires, and peer nominations. The results indicated that climate at the class level is not simply a reflection of the classroom climate experienced at the individual level. Differences emerged between behavioral problems related to peer interactions and teacher-student relations, with the latter of particular importance for oppositional/disruptive and academically disorganized behavior. Bullying dimensions were related to higher levels of anxious-depressed, social withdrawal, oppositional/disruptive, and academically disorganized behavior. (DIPF/Orig.)";"Deutsch";"Gemäß der BELLA-Studie weisen 15-20% aller Grundschüler*innen in Deutschland Anzeichen für leichte bis schwere psychische Probleme auf. Diese Kinder sind häufig in Mobbingprozesse involviert, haben weniger Freunde in der Klasse und fühlen sich im Vergleich zu ihren Mitschüler*innen weniger sozial eingebunden. Das Klassenklima wird als ein Ansatz zur Förderung der schulischen Leistungen, des Wohlbefindens und der sozial-emotionalen Entwicklung von Lernenden diskutiert. Studien der vergangenen Jahre deuten auf einen Zusammenhang zwischen dem Klima in der Klasse und dem Auftreten von Verhaltensproblemen hin. Für das weit gefasst Konstrukt Klassenklima gibt es viele verschiedene Definitionen und Operationalisierungen. Bisher ist nur wenig bekannt über den Zusammenhang zwischen Verhaltensproblemen und dem sozialen Klima in der Klasse. Daher untersuchen wir in der vorliegenden Studie das soziale Klassenklima, bestehend aus der gefühlten sozialen Integration der Schüler*innen, ihrer sozialen Teilhabe, der Schüler*innen-Lehrkraft-Beziehung sowie Mobbing. Den Fokus bildet die folgende Forschungsfrage: Welcher Zusammenhang besteht zwischen den Verhaltensproblemen von Schüler*innen und verschiedenen Aspekten sozialer Beziehungen auf individueller Ebene und auf Klassenebene? In einem Querschnittsdesign wurden Daten von 2045 Grundschüler*innen (51 % männlich; Alter: M = 8,57 Jahre, SD = 1,29) aus 87 Klassen unter Verwendung von Lehrkraftbewertungen, Schüler*innenfragebögen und Peer-Nominierungen erhoben. Die Ergebnisse deuten darauf hin, dass das soziale Klima auf Klassenebene nicht einfach ein Spiegelbild des auf individueller Ebene erlebten sozialen Klassenklimas ist. Es ergaben sich Unterschiede zwischen der Interaktion mit Gleichaltrigen und der Beziehung zwischen Lehrkräften und Schüler*innen im Zusammenhang mit Verhaltensproblemen. Die Schüler*innen-Lehrkraft-Beziehung scheint für oppositionelles/störendes Verhalten und Probleme im lernförderlichen Verhalten von besonderer Bedeutung zu sein. Mobbing stand in Zusammenhang mit einem höheren Maß an ängstlich-depressivem Verhalten, sozialem Rückzug, oppositionellem/störendem Verhalten und Problemen im lernförderlichen Verhalten. (DIPF/Orig.)";"2022";"Aufsatz (Zeitschrift)";"370";"eng";"";"1869-4845; 1869-4934";"Empirische Sonderpädagogik 14 (2022) 2, S. 154-175";"Pädagogische Teildisziplin: Empirische Bildungsforschung; Sonderpädagogik";"29.03.2023";"urn:nbn:de:0111-pedocs-257697";10.25656/01:25769;"Creative Commons Namensnennung - Nicht kommerziell 4.0 International";Peer-Review;"";"https://www.pedocs.de/volltexte/2023/25769/";"https://www.pedocs.de/volltexte/2023/25769/pdf/ESP_2022_2_Krull_et_al_Social-relational_classroom.pdf"
"25770";"Wahrnehmung von Leistungsdifferenzen in inklusiven Grundschulklassen. Ergebnisse einer Pilotstudie";"Wittich, Claudia; Schröter, Anne";"Perception of achievement differences in inclusive elementary classrooms. Results of a pilot study";"";"";"";"Originalveröffentlichung";"Empirische Forschung; Sonderpädagogik; Klassenklima; Inklusion; Schulische Integration; Primarbereich; Leistungsunterschied; Soziale Wahrnehmung; Soziale Partizipation; Soziales Klima; Schüler-Lehrer-Beziehung; Schuljahr 03; Soziale Beziehung; Selbstkonzept; Schüler; Leistungsdifferenzierung; Leitfadeninterview; Fragebogenerhebung; Pilotstudie; Deutschland";"Empirical research; Remedial instruction sciences; Special education for the handicapped; Special needs education; Classroom Environment; Inclusion; Pupil integration; Primary education; Primary level; Social perception; Social participation; Pupil-teacher relation; Pupil-teacher relationship; School year 03; Social relations; Self concept; Pupil; Pupils; Achievement differentiation; Questionnaire survey; Germany";"Deutsch";"Die Gelingensbedingungen inklusiven Unterrichts werden u.a. hinsichtlich der Lernentwicklung und der sozialen Entwicklung von Schüler*innen gemessen, die beispielsweise davon abhängig sind, wie mit unterschiedlichen Heterogenitätsdimensionen und Lernausgangslagen umgegangen wird. Das vorherrschende soziale Klima einer Klasse, die damit verbundenen sozialen Beziehungen zwischen Lehrer*innen und Schüler*innen und derer untereinander können die Art beeinflussen, wie bestimmte Differenzlinien wahrgenommen und konstruiert werden. Implizite Leistungsanforderungen der Lehrenden und deren Blick auf die unterschiedlichen Lernvoraussetzungen spiegeln sich dabei in unterrichtlichen Praktiken wider. Es stellt sich die Frage, inwieweit Schüler*innen diese (konstruierten) Leistungsdifferenzen wahrnehmen und den Umgang mit Heterogenität in der Klasse beschreiben können. In einer Pilotstudie wurde zunächst untersucht, (1) wie sich die Schüler*innen hinsichtlich ihrer sozialen Eingebundenheit, ihres emotionalen Wohlfühlens und akademischen Selbstkonzept einschätzen und (2) inwiefern sie Leistungsdifferenzen innerhalb ihrer inklusiven Schulklasse wahrnehmen. In 15 Grundschulklassen des dritten Schuljahres in Nordrhein-Westfalen wurden 255 Schüler*innen mit dem PIQ-S (Perceptions of Inclusion Questionnaire) befragt, um deren soziale Inklusion, emotionale Inklusion und akademisches Selbstkonzept beschreiben zu können. Zur explorativen Beschreibung wahrgenommener Leistungsdifferenzen und des sozialen Miteinanders wurden zusätzlich 44 Schüler*innen leitfadengestützt interviewt. Die Fragebogendaten zeigen, dass die Drittklässler* innen sich durchschnittlich sehr sozial und emotional eingebunden einschätzen. Die qualitative Inhaltsanalyse nach Mayring (2015) ergab, dass die Drittklässler*innen die leistungsbezogenen Differenzen wahrnehmen, aber der größte Einfluss auf Differenzwahrnehmung von dem gezeigten Sozialverhalten innerhalb der Klasse ausgeht. (DIPF/Orig.)";"Englisch";"The conditions for success of inclusive education are often measured through learning and social development of the students, which depends on how different dimensions of differences are dealt with. The social classroom climate, the related social relations between teachers and students as well as between them (Krawinkel et al., 2017) can influence how differences are perceived (Sturm, 2013). Teachers’ implicit requirements are reflected in classroom practices (Gellert & Hümmer, 2008). The question arises to what extent students can perceive these differences in achievements and describe how they deal with differences in class. In a pilot study, we investigated (1) how students assess themselves regarding their social and emotional inclusion and academic self-concept and (2) to what extent they perceive achievement differences within their inclusive school class. In 15 third grade primary school classes in North Rhine-Westphalia, 255 students were asked about their social inclusion, emotional inclusion and academic self-concept using the PIQ-S (Perceptions of Inclusion Questionnaire; Venetz et al., 2015). For an exploratory description of perceived differences, 44 students were also interviewed. The questionnaire data shows that, on average, third graders perceive themselves as highly socially and emotionally included. The qualitative content analysis (Mayring, 2015) revealed that the third graders comment achievement-related differences, but the greatest influence on the perception of differences comes from social behaviour displayed within class. (DIPF/Orig.)";"2022";"Aufsatz (Zeitschrift)";"370";"ger";"";"1869-4845; 1869-4934";"Empirische Sonderpädagogik 14 (2022) 2, S. 176-189";"Pädagogische Teildisziplin: Empirische Bildungsforschung; Sonderpädagogik";"29.03.2023";"urn:nbn:de:0111-pedocs-257704";10.25656/01:25770;"Creative Commons Namensnennung - Nicht kommerziell 4.0 International";Peer-Review;"";"https://www.pedocs.de/volltexte/2023/25770/";"https://www.pedocs.de/volltexte/2023/25770/pdf/ESP_2022_2_Wittich_Schroeter_Wahrnehmung_von_Leistungsdifferenzen.pdf"
"25771";"Erfassung des Klassenklimas im inklusiven Unterricht. Konstruktvalidität und Eignung für Kinder mit und ohne sonderpädagogischen Förderbedarfen";"Blumenthal, Stefan; Schurig, Michael; Blumenthal, Yvonne";"Assessment of classroom climate in inclusive classes. Construct validity and suitability for students with and without special educational needs";"";"";"";"Originalveröffentlichung";"Empirische Forschung; Sonderpädagogik; Klassenklima; Inklusion; Unterricht; Schulische Integration; Sonderpädagogischer Förderbedarf; Primarbereich; Wahrnehmung; Soziale Beziehung; Soziales Klima; Schüler-Lehrer-Beziehung; Schüler-Schüler-Beziehung; Peer Group; Soziale Integration; Fragebogenerhebung; Längsschnittuntersuchung; Deutschland";"Empirical research; Remedial instruction sciences; Special education for the handicapped; Special needs education; Classroom Environment; Inclusion; Teaching; Pupil integration; Special Educational Needs; Primary education; Primary level; Perception; Social relations; Pupil-teacher relation; Pupil-teacher relationship; Peer groups; Social integration; Questionnaire survey; Longitudinal analysis; Longitudinal study; Germany";"Deutsch";"Studien belegen, dass Schülerinnen und Schüler mit sonderpädagogischem Förderbedarf bedeutsam negativere Selbsteinschätzungen des Klassenklimas im inklusiven Unterricht im Vergleich zu ihren Peers beschreiben. Insofern ist die reliable Erfassung des wahrgenommenen Klassenklimas von hoher pädagogischer Bedeutung. Die vorliegende Studie untersucht beispielhaft, inwieweit sich drei Skalen des FEESS 3-4 zur Erfassung des sozialen Beziehungsgeflechts in inklusiven Schulen eignen. Grundlage der Analysen bilden die Daten von 925 Grundschülerinnen und Grundschülern, die jeweils am Ende des Schuljahres der Klassenstufen 3 und 4 befragt wurden. Anhand konfirmatorischer Faktorenanalysen wurde deutlich, dass die angenommene Struktur der Skalen angepasst werden muss. Insbesondere evozieren negativ formulierte Items problematische Antworttendenzen, die beim Einsatz der Skalen beachtet werden müssen. Unter Berücksichtigung weicher Kriterien konnte die Testfairness zwischen Kindern mit und ohne Förderbedarfen sowie zwischen Jungen und Mädchen nachgewiesen werden. Deutlich werden jedoch Unterschiede in den Datenstrukturen zwischen den Messzeitpunkten, die auf einen Alterseffekt über das Schuljahr hindeuten. Im Rahmen von Mehrebenenstrukturgleichungsmodellen zeigten sich hohe Variabilitäten zwischen den Klassen sowie signifikant niedrigere Klimaerfahrungen bei Kindern mit Förderbedarfen. (DIPF/Orig.)";"Englisch";"Studies show that students with special educational needs describe significantly more negative self-assessments of the classroom climate in inclusive class rooms compared to their peers. In this respect, the reliable measurement of the perceived class climate is of high pedagogical importance. The present study examines by way of example the extent to which three scales of the FEESS 3-4 (Rauer & Schuck, 2003) are suitable for recording the social relationship network in inclusive schools. The analyses are based on data from 925 elementary school students who were surveyed at the end of each school year in grades 3 and 4. Based on confirmatory factor analyses, it became clear that the assumed structure of the scales needs to be adjusted. In particular, negatively worded items evoke problematic response tendencies that must be taken into account when using the scales. Considering soft criteria, test fairness between students with and without special needs as well as between boys and girls could be demonstrated. However, differences in the data structures between the measurement time points became clear, indicating an age effect across the school year. Multilevel structural equation models revealed high between-class variability and significantly lower climate experiences among students with special educational needs. (DIPF/Orig.)";"2022";"Aufsatz (Zeitschrift)";"370";"ger";"";"1869-4845; 1869-4934";"Empirische Sonderpädagogik 14 (2022) 2, S. 190-207";"Pädagogische Teildisziplin: Empirische Bildungsforschung; Sonderpädagogik";"29.03.2023";"urn:nbn:de:0111-pedocs-257715";10.25656/01:25771;"Creative Commons Namensnennung - Nicht kommerziell 4.0 International";Peer-Review;"";"https://www.pedocs.de/volltexte/2023/25771/";"https://www.pedocs.de/volltexte/2023/25771/pdf/ESP_2022_2_Blumenthal_et_al_Erfassung_des_Klassenklimas.pdf"
"29917";"Zusammenarbeit von Fachkräften des Bildungs- und Gesundheitswesens zur Einschätzung der kindlichen Sprachentwicklung";"Winkler-Hahn, Stefanie; Sallat, Stephan; Eikerling, Maren";"Collaboration between education and health professionals for the assessment of speech development";"";"";"";"Originalveröffentlichung";"Sonderpädagogik; Sprachentwicklung; Störung; Sprachkompetenz; Diagnostik; Kooperation; Kind; Erzieher; Sprachtherapeut; Lehrer; Sonderpädagoge; Arzt; Kommunikation; Interdisziplinäre Zusammenarbeit; Qualitative Forschung; Inhaltsanalyse; Empirische Untersuchung";"Remedial instruction sciences; Special education for the handicapped; Special needs education; Language development; Language skill; Linguistic Competence; Diagnostic; Cooperation; Child; Caregiver; Carer; Educational childcare staff; Educator; Kindergarten teacher; Nursery school teachers; Nursery teacher; Pre-primary school teacher; Teacher; Special education pedagogue; Special educational needs teacher; Teacher for children with special needs; Teacher for the handicapped; Doctor; Le sanitario#persona; Medical practitioner; Physician; Communication; Qualitative research; Content analysis; Empirical study";"Deutsch";"Im Spannungsfeld Kita, Schule und Sprachtherapie ist multifaktorielle Expertise gefragt, um sprachliche Fähigkeiten von Kindern einzuschätzen und gegebenenfalls geeignete Förder- oder Therapiemaßnahmen abzuleiten. Eine besondere Herausforderung stellt dabei die strukturelle Komplexität der Versorgung hinsichtlich der verschiedenen Akteur*innen, Organisationen und Versorgungssysteme dar. Ziel der Studie war es, in Form einer Kontextanalyse die interprofessionellen Prozesse und Strukturen bzgl. kindlicher Sprachentwicklung zu rekonstruieren sowie fördernde und hemmende Faktoren zu identifizieren. Es wurden fünf Fokusgruppen mit jeweils drei Expert*innen aus den Berufsgruppen Erzieher*in, Sprachtherapeut*in, (Grundschul-)Lehrer*in, Sonderpädagog*in und Mediziner*in durchgeführt und ausgewertet, wobei auf die Methode der qualitativen Inhaltsanalyse mittels Extraktion zurückgegriffen wurde. Aus den Analysen ergab sich, dass personelle und ökonomische Ressourcen sowie klar kommunizierte rechtliche Rahmenbedingungen auf Systemebene eine Rolle spielen. Organisationsbezogen konnte die Gestaltung der Kommunikations- und Dokumentationsprozesse als wesentlicher Faktor für das Gelingen interprofessioneller Zusammenarbeit identifiziert werden. Das Engagement der Akteur*innen und der adäquate Einbezug von Erziehungsberechtigten sind ebenfalls als Einflussfaktor zu nennen. Die Expert*innen sehen ein hohes Potential in interprofessioneller Zusammenarbeit. Eine solche Zusammenarbeit ist ihrer Ansicht nach besonders wertvoll, wenn es um die Qualität der Beurteilung des kindlichen (Sprach-)Entwicklungsstandes (1) und der Förder- und Therapieangebote (2) geht. Es besteht ein Bedarf an der Gestaltung interprofessioneller Netzwerke über eine zentrale, sichere, niedrigschwellige und digitale Dokumentations- und Austauschplattform für die fallzentrierte Zusammenarbeit. (DIPF/Orig.)";"Englisch";"Across daycare, school and speech and language therapy (SLT), multifactorial expertise is required to assess the language skills of children and, if necessary, define suitable support or therapeutical measures. The structural complexity of health care, welfare and public education involving various stakeholders, organisations and care systems poses a particular challenge. The aim of the study was a context analysis to reconstruct interprofessional processes and structures with regard to children’s language development and to identify promoting and inhibiting factors. Five focus group interviews, involving three experts each, were conducted and analysed, using the method of qualitative content analysis by means of extraction. The analyses showed that staff and economic resources as well as clearly communicated legal framework conditions play a role at the system level. In terms of organisation, the nature of communication and documentation processes was identified as an essential factor for the success of interprofessional cooperation. The commitment of stakeholders and the adequate involvement of caregivers can also be mentioned as an influencing factor. The participants see high value in interprofessional cooperation. Such cooperation, in their view, is particularly valuable when it comes to the quality of the assessment of the language development of children (1) and of the support and therapy services (2). This study thus suggests that there is a need to create and sustain interprofessional networks through a central, secure, low-threshold and digital documentation and exchange platform for case-centred cooperation. (DIPF/Orig.)";"2023";"Aufsatz (Zeitschrift)";"370";"ger";"";"1869-4845; 1869-4934";"Empirische Sonderpädagogik 15 (2023) 4, S. 299-313";"Pädagogische Teildisziplin: Empirische Bildungsforschung; Sonderpädagogik";"21.05.2024";"urn:nbn:de:0111-pedocs-299170";10.25656/01:29917;"Creative Commons Namensnennung - Nicht kommerziell 4.0 International";Peer-Review;"";"https://www.pedocs.de/volltexte/2024/29917/";"https://www.pedocs.de/volltexte/2024/29917/pdf/ESP_2023_4_Winkler-Hahn_et_al_Zusammenarbeit_von_Fachkraeften.pdf"
"29918";"Psychologische Grundbedürfnisse und berufliches Wohlbefinden bei berufsbegleitend Studierenden der Sonderpädagogik in der Schweiz";"Bauer, Catherine Eve; Troesch, Larissa Maria; Geiser, Denise; Sahli Lozano, Caroline";"Basic psychological needs and job satisfaction in Swiss in-service special education students";"";"";"";"Originalveröffentlichung";"Sonderpädagogik; Grundbedürfnis; Sonderpädagoge; Schule; Zufriedenheit; Wohlbefinden; Student; Berufsbegleitendes Studium; Selbstbestimmungsrecht; Empirische Untersuchung; Qualitative Forschung; Inhaltsanalyse; Schweiz";"Remedial instruction sciences; Special education for the handicapped; Special needs education; Basic need; Special education pedagogue; Special educational needs teacher; Teacher for children with special needs; Teacher for the handicapped; School; Satisfaction; Well being; Well-being; Male student; Occupation accompanying studies; Empirical study; Qualitative research; Content analysis; Switzerland";"Deutsch";"In welchem Zusammenhang stehen die Arbeitsbedingungen von Sonderpädagog*innen im integrativen Berufsalltag mit ihrer Arbeitszufriedenheit? Diese Frage ist hochaktuell, da im Kontext der wachsenden Integrationsbemühungen der Personalbedarf in integrativen Settings der Sonderpädagogik zunimmt, während frühzeitige Berufsausstiege den Personalmangel verschärfen. Ein zentraler Aspekt der Arbeitsbedingungen gemäß der Self-Determination Theory ist die Erfüllung der psychologischen Grundbedürfnisse soziale Eingebundenheit, Kompetenzerleben und Autonomie. Um die psychologischen Grundbedürfnisse im Arbeitsalltag von Schweizer Sonderpädagog*innen zu untersuchen, wurden problemzentrierte Interviews mit 30 berufsbegleitend Studierenden der Sonderpädagogik durchgeführt, die in integrativen Settings arbeiten. Mittels inhaltlich strukturierender und evaluativer qualitativer Inhaltsanalyse wurden die psychologischen Grundbedürfnisse mit der aktuellen Arbeitszufriedenheit in Beziehung gesetzt. Über viel Autonomie wird in Bezug auf das individuelle Unterrichten im direkten Kontakt mit den Schüler*innen berichtet, für die Arbeitszufriedenheit scheint aber die Autonomie auf Team- und Professionsebene relevanter zu sein. Zentral ist hier vor allem die Förderung einer konstruktiven Zusammenarbeit durch die Schulleitung, aber auch die Stärkung der Sonderpädagog*innen in ihrer Berufsrolle. (DIPF/Orig.)";"Englisch";"What are the working conditions of special education teachers (SET) in inclusive settings, and how are they related to job satisfaction? These questions are highly topical, as in the context of growing integration efforts, staffing needs in inclusive special education settings are increasing while early career exits are exacerbating staff shortages. A critical aspect of working conditions, according to self-determination theory, are the basic psychological needs of relatedness, competence, and autonomy. To explore basic psychological needs in Swiss SET, we conducted problem-centered interviews with 30 in-service SET students already working in inclusive school settings. The interviews were analyzed with structuring and evaluative qualitative content analysis to explore the relationship between basic psychological needs and job satisfaction. Perceived autonomy was highest in individual teaching situations, in direct contact with the students; however, team autonomy as well as autonomy at the level of Special Education as a profession seemed to be more relevant for job satisfaction. How school leaders support team cooperation and strengthen SET in their professional role seem to be crucial factors in this context. (DIPF/Orig.)";"2023";"Aufsatz (Zeitschrift)";"370";"ger";"";"1869-4845; 1869-4934";"Empirische Sonderpädagogik 15 (2023) 4, S. 314-329";"Pädagogische Teildisziplin: Empirische Bildungsforschung; Sonderpädagogik";"21.05.2024";"urn:nbn:de:0111-pedocs-299182";10.25656/01:29918;"Creative Commons Namensnennung - Nicht kommerziell 4.0 International";Peer-Review;"";"https://www.pedocs.de/volltexte/2024/29918/";"https://www.pedocs.de/volltexte/2024/29918/pdf/ESP_2023_4_Bauer_et_al_Psychologische_Grundbeduerfnisse.pdf"
"29919";"Einstellungen zu Behinderung mit Fragebögen messen. Eine qualitative Inhaltsanalyse bestehender Messinstrumente";"Schulze, Sarah; Schröter, Anne";"Measuring attitudes towards disability via questionnaires. A qualitative content analysis of existing measurement instruments";"";"";"";"Originalveröffentlichung";"Sonderpädagogik; Empirische Untersuchung; Qualitative Forschung; Inhaltsanalyse; Einstellung <Psy>; Behinderung; Fragebogen; Messinstrument";"Remedial instruction sciences; Special education for the handicapped; Special needs education; Empirical study; Qualitative research; Content analysis; Handicap; Questionnaire; Measurement instrument";"Deutsch";"Einstellungen zu (Menschen mit) Behinderungen sind seit langer Zeit im Fokus der Forschung. Da es sich um ein latentes Konstrukt handelt, sieht sich die Forschung damit konfrontiert, zu definieren, wie die Einstellungen gemessen werden sollen. Die vorliegende Studie nimmt die Operationalisierung des latenten Konstrukts zum Anlass und untersucht durch eine zusammenfassende qualitative Inhaltsanalyse der aktuell verfügbaren Einstellungsfragebögen (N = 13) was gemessen wird, wenn Einstellungen zu (Menschen mit) Behinderungen erfasst werden sollen. Die Ergebnisse zeigen, dass sich die Items der Fragebögen in den Kategorien Fähigkeitserwartungen, Vulnerabilität/Privilegienverlust, Normative Überformung, Expliziter Ableismus, Wissen und Überzeugungen, Strukturelle Barrieren und Persönlicher Kontakt abbilden lassen. (DIPF/Orig.)";"Englisch";"Attitudes towards disability are a recurring topic in research. Being a latent construct, research is challenged with the task of defining how attitudes are to be measured. This study focuses on the operationalisation of the latent construct. It examines what is measured when attitudes towards disability are to be assessed. For this purpose, a qualitative content analysis of currently available questionnaires measuring explicit attitudes towards disability (N = 13) is conducted. Seven categories were generated from the data: Ability Expectations, Vulnerability/Loss of Privilege, Normative Overforming, Explicit Ableism, Knowledge and Beliefs, Structural Barriers, and Personal Contact. (DIPF/Orig.)";"2023";"Aufsatz (Zeitschrift)";"370";"ger";"";"1869-4845; 1869-4934";"Empirische Sonderpädagogik 15 (2023) 4, S. 330-344";"Pädagogische Teildisziplin: Empirische Bildungsforschung; Sonderpädagogik";"21.05.2024";"urn:nbn:de:0111-pedocs-299199";10.25656/01:29919;"Creative Commons Namensnennung - Nicht kommerziell 4.0 International";Peer-Review;"";"https://www.pedocs.de/volltexte/2024/29919/";"https://www.pedocs.de/volltexte/2024/29919/pdf/ESP_2023_4_Schulze_Schroeter_Einstellungen_zu_Behinderung.pdf"
"29920";"What makes school hard for students with internalizing problems? Students' insights on emotional challenges at school";"Bosch, Jannis; Baer, Ella; Meisel, Melanie; Wilbert, Jürgen";"Was erschwert Kindern mit internalisierenden Problemen den Schulalltag? Emotionale Schwierigkeiten aus der Schüler:innenperspektive";"";"";"";"Originalveröffentlichung";"Sonderpädagogik; Schüler; Internalisierung; Problem; Schulalltag; Emotion; Grundbedürfnis; Sekundarstufe I; Empirische Untersuchung; Qualitative Forschung; Inhaltsanalyse; Interview; Deutschland";"Remedial instruction sciences; Special education for the handicapped; Special needs education; Pupil; Pupils; Emotions; Basic need; Lower level secondary education; Lower secondary; Lower secondary education; Secondary education lower level; Empirical study; Qualitative research; Content analysis; Germany";"Englisch";"A number of studies have found evidence for associations of internalizing problems (IP) with negative emotional experiences at school. However, most studies on the subject have neglected to investigate explanations for these associations. Satisfaction of psychological needs of students (i.e., autonomy, competence, and relatedness) provides a theoretical framework to further explain these associations, as need satisfaction has been shown to affect students’ emotional wellbeing. The aims of the study at hand are to investigate students’ explanations for their own emotional experiences within the school context, and whether they correspond with aforementioned psychological needs, with a particular focus on students with high IP. To achieve these aims, n = 32 structured interviews were conducted with fifth and sixth graders. Students were screened for IP and students with either very high or very low IP were interviewed. Students’ explanations for their own emotional experiences were categorized using qualitative content analysis based on aforementioned psychological needs. Results show that children with high IP focused on negative rather than positive situations within school. Differences between children with high and low IP were particularly pronounced in the relatedness category. Children in the high IP group mentioned peer-related needs more often and showed a lower percentage of positive segments relatedness needs. The specific topics within individual needs provided by this study can be used to enhance and further differentiate need-supportive teaching models, particularly for children with high IP. (DIPF/Orig.)";"Deutsch";"In verschiedenen Studien konnte gezeigt werden, dass internalisierende Probleme (IP) bei Schulkindern mit vermehrten negativen emotionalen Erlebnissen zusammenhängen. Die Wirkmechanismen, die zu diesen Zusammenhängen führen, wurden dabei bisher nur am Rande behandelt. Die Befriedigung der psychologischen Grundbedürfnisse (Autonomie, Kompetenz, Eingebundenheit) bietet einen theoretischen Rahmen, der geeignet erscheint, diese Zusammenhänge genauer zu erklären. Das Ziel der vorliegenden Studie ist, das emotionale Erleben von Schulkindern und ihre eigenen Erklärungen für positive und negative Emotionen im Rahmen der psychologischen Grundbedürfnisse genauer zu betrachten. Dabei sollen speziell Kinder mit hohen IP in den Fokus genommen werden. Daher wurden im Rahmen der vorliegenden Studie Interviews mit n = 32 Kindern aus fünften und sechsten Klassen durchgeführt. Dabei wurden anhand eines Screenings spezifisch Kinder mit sehr hohen und sehr niedrigen IP für die Interviews ausgewählt. Die Antworten der Kinder wurden nach der Qualitativen Inhaltsanalyse Kategorien zugeordnet, die auf Basis der psychologischen Grundbedürfnisse erstellt und induktiv erweitert wurden. Ergebnisse zeigen, dass Kinder mit hohen IP sich stärker auf negative Situationen fokussieren. Dieser Fokus war speziell bei Antworten zu erkennen, die sich auf das Bedürfnis nach sozialer Eingebundenheit beziehen. Die spezifischen Schwierigkeiten von Kindern mit hohen IP innerhalb der psychologischen Grundbedürfnisse, die im Rahmen dieser Studie identifiziert wurden, können als Ausgangspunkt für die (Weiter-)Entwicklung bedürfnisorientierter Lehrkonzepte verwendet werden. (DIPF/Orig.)";"2023";"Aufsatz (Zeitschrift)";"370";"eng";"";"1869-4845; 1869-4934";"Empirische Sonderpädagogik 15 (2023) 4, S. 345-361";"Pädagogische Teildisziplin: Empirische Bildungsforschung; Sonderpädagogik";"21.05.2024";"urn:nbn:de:0111-pedocs-299200";10.25656/01:29920;"Creative Commons Namensnennung - Nicht kommerziell 4.0 International";Peer-Review;"Der elektronische Anhang ist abrufbar unter / The electronic supplementary material can be downloaded here: https://doi.org/10.17605/OSF.IO/2CWG4";"https://www.pedocs.de/volltexte/2024/29920/";"https://www.pedocs.de/volltexte/2024/29920/pdf/ESP_2023_4_Bosch_et_al_What_makes_school.pdf"
"29921";"Die qualitative Inhaltsanalyse zur Item-Generierung am Beispiel einer Delphi-Studie zur Forschung im Feld des inklusiven naturwissenschaftlichen Unterrichts";"Pawlak, Felix; Menthe, Jürgen; Watts, Elizabeth; Stinken-Rösner, Lisa";"Qualitative content analysis for the formation of items for a Delphi study on research in inclusive science education";"";"";"";"Originalveröffentlichung";"Sonderpädagogik; Naturwissenschaftlicher Unterricht; Inklusion; Empirische Untersuchung; Qualitative Analyse; Inhaltsanalyse; Delphi-Methode";"Remedial instruction sciences; Special education for the handicapped; Special needs education; Natural sciences lessons; Teaching of science; Inclusion; Empirical study; Qualitative analysis; Content analysis; Delphi method";"Deutsch";"Inklusiver Fachunterricht stellt ein Forschungsfeld dar, das Forscher:innen vor konzeptionelle und methodische Herausforderungen stellt. Das Wissen über mögliche Herausforderungen kann bereits in der Planungsphase einen wichtigen Beitrag leisten, Forschungsprojekte diversitätsbewusst anzulegen und umzusetzen. Aufgrund des Mangels an empirischen Befunden wurde eine Delphi-Studie von Mitgliedern des ‚Netzwerk inklusiver naturwissenschaftlicher Unterricht‘ (NinU) durchgeführt. Das Ziel des Vorhabens war es, (i) Herausforderungen in der Forschung zu inklusivem naturwissenschaftlichen Unterricht zu identifizieren und (ii) einzuschätzen, inwieweit der Einsatz des NinU-Schemas hilft, diesen zu begegnen. Einem explorativen Ansatz folgend, wurde ausgehend von den Antworten einer Expert:innenbefragung (N = 80) in einer diskursiven und mehrstufigen qualitativen Inhaltsanalyse (QIA) ein Kategoriensystem induktiv entwickelt. Im nächsten Schritt wurden basierend auf den Kategorien Items (N = 70) formuliert, die wiederum die Basis für nachfolgende Delphi-Runden bildeten. Eine Besonderheit bei diesem Vorgehen war die Adaption der Delphi-Methode aufgrund der Ergebnisse der QIA. Beim klassischen Vorgehen der Delphi-Methode werden in jeder Runde dieselben Fragen an die Expert:innen gestellt bis ein Konsens erzielt wird. Im Gegensatz dazu wurden in die vorliegende Studie eine zusätzliche Frage sowie die zugehörigen Items nachträglich aufgenommen, da mit Hilfe der QIA ein bisher nicht berücksichtigter, für die Expert:innen jedoch relevanter, Aspekt identifiziert werden konnte. (DIPF/Orig.)";"Englisch";"Inclusive science education is a field of research that poses conceptual and methodological challenges for researchers. Knowledge about challenges can make an important contribution to the planning and realization of research projects. Due to the lack of empirical findings, a Delphi study was conducted by members of the ‘Netzwerk inklusiver naturwissenschaftlicher Unterricht’ (NinU). The aim of the project is (i) to identify challenges in research on inclusive science education and (ii) to assess to what extent the use of the NinU-framework helps to address these. Based on experts (N = 80) responses, a category system was inductively developed by using qualitative content analysis (QCA). The next step was to formulate the items (N = 70) for further rounds of the Delphi study. A feature of the presented study is the adaptation of the Delphi method based on the results of the QCA. In the classical approach of the Delphi method, experts are asked the same questions in each round until a consensus is reached. In contrast, an additional question and associated items were subsequently included in this study. The QCA led to the identification of previously unconsidered aspects. (DIPF/Orig.)";"2023";"Aufsatz (Zeitschrift)";"370";"ger";"";"1869-4845; 1869-4934";"Empirische Sonderpädagogik 15 (2023) 4, S. 362-379";"Pädagogische Teildisziplin: Empirische Bildungsforschung; Sonderpädagogik";"21.05.2024";"urn:nbn:de:0111-pedocs-299219";10.25656/01:29921;"Creative Commons Namensnennung - Nicht kommerziell 4.0 International";Peer-Review;"";"https://www.pedocs.de/volltexte/2024/29921/";"https://www.pedocs.de/volltexte/2024/29921/pdf/ESP_2023_4_Pawlak_et_al_Die_qualitative_Inhaltsanalyse.pdf"
"32220";"Subjektive Zufriedenheit von psychisch belasteten Schülerinnen und Schülern mit schulischer Unterstützung";"Janschewski, Judith; Kühnhausen, Jan; Renner, Tobias; Berens, Philipp";"Subjective satisfaction of students with mental health problems with school support";"";"";"";"Originalveröffentlichung";"Sonderpädagogik; Empirische Untersuchung; Schüler; Zufriedenheit; Psychische Auffälligkeit; Psychische Belastung; Krankenhausschule; Regelschule; Unterstützung; Bedarf; Fragebogenerhebung; Baden-Württemberg";"Remedial instruction sciences; Special education for the handicapped; Special needs education; Empirical study; Pupil; Pupils; Satisfaction; Mental stress; Regular school; Questionnaire survey";"Deutsch";"Psychische Auffälligkeiten von Kindern und Jugendlichen gehen häufig mit schulischen Problemen einher. Bisher existieren jedoch kaum Studien zum schulischen Unterstützungsbedarf psychisch belasteter Schüler:innen und der Wirksamkeit von Unterstützungsmaßnahmen, die zur Anwendung kommen. In dieser Studie befragten die Autor*innen daher psychisch belastete Schüler:innen nach ihrem schulischen Unterstützungsbedarf und ihrer Zufriedenheit mit der Unterstützung, die sie an ihren Schulen erhalten hatten. Dazu wurden 185 Klinikschüler:innen und 388 Schüler:innen an Regelschulen befragt. Der Strengths and Difficulties Questionnaire (SDQ) wurde genutzt, um psychisch auffällige und psychisch unauffällige Schüler:innen der Regelschule unterscheiden zu können. Erwartungsgemäß äußerten psychisch belastete Schüler:innen sehr häufig schulischen Unterstützungsbedarf (> 70%). In mehr als der Hälfte der Fälle zeigten sie sich jedoch eher unzufrieden bis sehr unzufrieden mit der tatsächlich erhaltenen Unterstützung. Dies zeigte sich insbesondere bei Schüler:innen mit internalisierenden Problemen und Schüler:innen mit Migrationshintergrund. (DIPF/Orig.)";"Englisch";"Psychological problems in children and adolescents are often accompanied by serious problems at school. To date, however, hardly any studies exist on the school support needs of mentally distressed students and the effectiveness of support measures that are applied. In this study, we therefore asked students with mental health problems about their subjective need for support in school and their satisfaction with the support they had received. For this purpose, 185 students at hospital schools and 388 students at regular schools were interviewed. The Strengths and Difficulties Questionnaire (SDQ) was used to distinguish between students with and without mental health problems at regular schools. As expected, students with mental health problems very often expressed a need for school support (> 70%). In more than half of the cases, however, they were rather dissatisfied or very dissatisfied with the support they had received. This was particularly evident among students with internalizing problems and students with an immigrant background. (DIPF/Orig.)";"2024";"Aufsatz (Zeitschrift)";"370";"ger";"";"1869-4845; 1869-4934";"Empirische Sonderpädagogik 16 (2024) 2, S. 87-102";"Pädagogische Teildisziplin: Empirische Bildungsforschung; Sonderpädagogik";"17.01.2025";"urn:nbn:de:0111-pedocs-322200";10.25656/01:32220;"Creative Commons Namensnennung - Nicht kommerziell 4.0 International";Peer-Review;"";"https://www.pedocs.de/volltexte/2025/32220/";"https://www.pedocs.de/volltexte/2025/32220/pdf/ESP_2024_2_Janschewski_et_al_Subjektive_Zufriedenheit.pdf"
"32221";"Die Rollen verschiedener Fachpersonen in der Unterstützung sprachauffälliger Kinder. Eine Fragebogenstudie";"Till, Christoph; Kolb, Jasmin";"The roles of different professionals in supporting children with language difficulties. A questionnaire survey";"";"";"";"Originalveröffentlichung";"Sonderpädagogik; Empirische Untersuchung; Sprachbehinderung; Schüler; Kind; Inklusive Pädagogik; Schule; Kooperation; Kompetenz; Lehrer; Sonderpädagoge; Logopäde; Rollenverständnis; Selbstwahrnehmung; Fremdwahrnehmung; Zufriedenheit; Fragebogenerhebung; Schweiz";"Remedial instruction sciences; Special education for the handicapped; Special needs education; Empirical study; Language Handicaps; Speech disability; Speech disorder; Speech handicap; Speech Handicaps; Speech impairment; Pupil; Pupils; Child; School; Cooperation; Competency; Teacher; Special education pedagogue; Special educational needs teacher; Teacher for children with special needs; Teacher for the handicapped; Speech therapist; Role conception; Self-perception; Perception of others; Satisfaction; Questionnaire survey; Switzerland";"Deutsch";"Die inklusive Beschulung von Kindern mit Sprachauffälligkeiten erfordert die multiprofessionelle Kooperation von Regellehrpersonen (RLP), schulischen Heilpädagog*innen (SHP) und Logopäd*innen (LOG). Diese Zusammenarbeit wird u.a. stark von den Rollen bzw. Kompetenzen einer Person geprägt. In verschiedenen Studien wurde ermittelt, dass die Rollen der genannten drei Berufsgruppen keineswegs geklärt sind, was zu Unzufriedenheit bei den Beteiligten führt. Diese Studien befragten in der Regel jedoch nur eine der Berufsgruppen, in Ausnahmefällen zwei. In der vorliegenden Untersuchung wurden erstmals alle drei Berufsgruppen per Online-Fragebogen befragt. Basierend auf Fragebögen von Blechschmidt et al. (2013), Drossel (2015) und Elksnin und Capilouto (1994) wurden neben quantitativen Daten zur Häufigkeit von unterrichtsintegrierten Maßnahmen, zur Art und Häufigkeit der multiprofessionellen Kooperation und zu den Einstellungen bezüglich der Kooperation auch die Selbst- und Fremdwahrnehmung der verschiedenen Kompetenzen sowie die damit verbundene Zufriedenheit erhoben. Zu diesem Zweck wurden im März 2022 insgesamt 332 Teilnehmende (RLP: n = 148; SHP: n = 96; LOG: n = 88) untersucht. Die Ergebnisse zeigen, dass v.a. bezüglich der RLP und der SHP Unklarheit darüber herrscht, welchen Beitrag sie in der Kooperation leisten. Die befragten Berufsgruppen scheinen jedoch zufrieden mit dieser Situation zu sein, was im Widerspruch zu bekannten Studienergebnissen steht. Dennoch sollte eine Rollenklärung, v.a. bezüglich RLP und SHP, vorgenommen werden, um wertvolle Synergien der Zusammenarbeit nutzbar zu machen, die den Fachpersonen wie auch den Schüler*innen zugutekommen. Darüber hinaus scheint eine vertiefte Ausbildung in multiprofessioneller Kooperation für alle drei Berufsgruppen wünschenswert, da diese Kompetenz nur selten als Stärke angegeben wurde. (DIPF/Orig.)";"Englisch";"Inclusive schooling of children with language difficulties requires multi-professional cooperation between regular classroom teachers (RCT), special education teachers (SET) and speech-language therapists (SLT). Among other things, cooperation is strongly influenced by the roles and competencies of a person. Various studies have shown that the roles of these three professional groups are by no means clear, which leads to dissatisfaction among those involved. However, these studies generally only surveyed one of the occupational groups, sometimes two. In the present study, for the first time all three occupational groups were surveyed, using an online questionnaire. Based on works by Blechschmidt et al. (2013), Drossel (2015), and Elksnin and Capilouto (1994), quantitative data was collected on the frequency of measures of language support in-class, the type and frequency of multi-professional cooperation and attitudes towards cooperation, and especially on self-perception and external perception of the various skills and the associated satisfaction. To this end, a total of 332 participants (RCT: n = 148; SET: n = 96; SLT: n = 88) were surveyed in March 2022. Results show that there is lack of clarity, particularly among RCT and SET, about the contribution they make to cooperation. However, the professional groups surveyed appear to be satisfied with this situation, which contradicts known results. Nevertheless, roles should be clarified, especially regarding RCT and SET, to harness valuable synergies of cooperation that benefit both the professionals and the students. In addition, more in-depth training in multi-professional cooperation seems desirable for all three professional groups, as this competence was rarely cited as a strength. (DIPF/Orig.)";"2024";"Aufsatz (Zeitschrift)";"370";"ger";"";"1869-4845; 1869-4934";"Empirische Sonderpädagogik 16 (2024) 2, S. 103-121";"Pädagogische Teildisziplin: Empirische Bildungsforschung; Sonderpädagogik";"17.01.2025";"urn:nbn:de:0111-pedocs-322213";10.25656/01:32221;"Creative Commons Namensnennung - Nicht kommerziell 4.0 International";Peer-Review;"";"https://www.pedocs.de/volltexte/2025/32221/";"https://www.pedocs.de/volltexte/2025/32221/pdf/ESP_2024_2_Till_Kolb_Die_Rollen_verschiedener.pdf"
"32222";"Background colors as orientation cues for different grid sizes on aided AAC displays. A pilot eye tracking study";"Römer, Nina";"Hintergrundfarben als Orientierungshilfen innerhalb verschiedener Rastergrößen bei externen Kommunikationshilfen. Eine Eye-Tracking-Pilot-Studie";"";"";"";"Originalveröffentlichung";"Sonderpädagogik; Empirische Untersuchung; Augenbewegung; Unterstützte Kommunikation; Elektronische Kommunikation; Rasterbild; Farbgestaltung; Test";"Remedial instruction sciences; Special education for the handicapped; Special needs education; Empirical study; Eye movements; Color planning";"Englisch";"AAC devices enable their users to participate in social life. Amongst others, their effectiveness is influenced by the design of the communication aid’s display. Studies on the benefits of background colors as visual cues have yielded different results, were mainly conducted in English-speaking countries and utilized Picture Communication Symbols (PCS). Therefore, their results cannot be directly transferred to German-speaking areas. With the present study a white background was compared with a colored one for two different grid sizes. A convenience sample of 58 university students was tested in a within-subject design All students had to reconstruct a three-word audio message by tapping on the respective Metacom symbols on a screen organized as a grid. The arrangement of the symbols was based on semantic-syntactic aspects. The duration students needed to reconstruct the message (time to first tap on the last target symbol) and fixate the target symbols (time to first fixation on the last target symbol) were recorded. Results reveal that background colors on a large grid (5x10) of 50 symbols are helpful. The participants selected the target symbols significantly faster with a large effect size (r = .41). In addition, the difference between the time required to reconstruct the message and to fixate the symbols was lower for the large colored grid compared to the large white grid. No significant differences could be shown in the time passed to fixate the last symbol between the display designs. (DIPF/Orig.)";"Deutsch";"Externe elektronische Kommunikationshilfen sollen ihren Nutzerinnen und Nutzern Teilhabe am gesellschaftlichen Leben ermöglichen. Wie gut dies gelingt, hängt unter anderem von der Gestaltung derselben ab. Studien, die den Nutzen von Hintergrundfarben als visuelle Hinweisreize untersuchten, wiesen diesbezüglich unterschiedliche Ergebnisse auf, wurden vornehmlich im englischen Sprachraum mit Picture Communication Symbols (PCS) durchgeführt und lassen sich folglich nicht unmittelbar auf den deutschen Raum übertragen. In der vorgelegten Studie wird ein weißer Hintergrund mit einem farbigen in zwei unterschiedlichen Rastergrößen verglichen. Im Rahmen eines Within-Subject-Designs wurden 58 Universitätsstudierenden auditive Drei-Wort-Nachrichten präsentiert, welche sie mittels Antippens der jeweiligen Metacom-Symbole rekonstruieren mussten. Die Anordnung der Symbole orientierte sich an semantisch-syntaktischen Aspekten. Erfasst wurden die Auswahl- (Zeit bis zum ersten Antippen des letzten Zielsymbols) sowie die Auffindegeschwindigkeit (Zeit bis zur ersten Fixation des letzten Zielsymbols) mittels Eye-Tracking. Die Ergebnisse zeigen mit einer großen Effektstärke (r = .41), dass sich Hintergrundfarben in einem großen Raster (5x10) mit 50 Symbolen als hilfreich erweisen. Die Versuchspersonen wählten die Zielsymbole signifikant schneller aus. Darüber hinaus war im großen farbigen Raster die Differenz zwischen der Auswahl- und der Auffindegeschwindigkeit im Vergleich zum großen weißen Raster geringer. Die Auffindegeschwindigkeit unterschied sich nicht signifikant zwischen den verschiedenen Oberflächen. (DIPF/Orig.)";"2024";"Aufsatz (Zeitschrift)";"370";"eng";"";"1869-4845; 1869-4934";"Empirische Sonderpädagogik 16 (2024) 2, S. 122-136";"Pädagogische Teildisziplin: Empirische Bildungsforschung; Sonderpädagogik";"17.01.2025";"urn:nbn:de:0111-pedocs-322224";10.25656/01:32222;"Creative Commons Namensnennung - Nicht kommerziell 4.0 International";Peer-Review;"";"https://www.pedocs.de/volltexte/2025/32222/";"https://www.pedocs.de/volltexte/2025/32222/pdf/ESP_2024_2_Roemer_Background_colors.pdf"
"32223";"Psychometrische Qualität von Messinstrumenten zu Sichtweisen auf Inklusion (PREIS, PREIS-E, EFI-L, FEDI)";"Mechler, Christina; Scheer, David; Heyl, Vera";"Psychometric properties of instruments measuring views on inclusion (PREIS, PREIS-E, EFI-L, FEDI)";"";"";"";"Originalveröffentlichung";"Sonderpädagogik; Empirische Untersuchung; Inklusion; Einstellung <Psy>; Messinstrument; Qualität; Psychometrie; Faktorenanalyse; Reliabilität; Replikation; Studie; Lehramtsstudent";"Remedial instruction sciences; Special education for the handicapped; Special needs education; Empirical study; Inclusion; Measurement instrument; Quality; Psychometry; Factor analysis; Reliability; Student teachers";"Deutsch";"Sichtweisen auf Inklusion werden im Kontext der Professionalisierung von (angehenden) Lehrkräften seit einigen Jahren intensiv beforscht. Dabei entstand eine Vielzahl an Instrumenten, um Einstellungen und subjektive Sichtweisen zu untersuchen, deren psychometrische Qualität in sehr unterschiedlicher Weise geprüft wurde. Die Sicherstellung dieser in Form von Replikationen findet bislang wenig Eingang in den sonder- und inklusionspädagogischen Forschungsdiskurs. Im Fokus des Beitrags steht die Replikation der Gütekriterien der Instrumente PREIS, PREIS-E, EFI-L und FEDI mit Lehramtsstudierenden aller Schularten (N = 450). Die interne Konsistenz sowie Retest-Reliabilität aller untersuchten Skalen ist akzeptabel bis gut mit Ausnahme des FEDI. Die Ergebnisse konfirmatorischer Faktorenanalysen bestätigen die postulierten Faktorenstrukturen, wenngleich bei EFI-L, PREIS und FEDI einzelne Modellfit-Indizes Schwächen aufweisen. Signifikante Korrelationen zwischen den untersuchten Instrumenten liefern weitere Hinweise auf deren Konstruktvalidität. Darüber hinaus liefern die Ergebnisse Hinweise auf Messinvarianz zwischen unterschiedlichen Lehramtsstudiengängen. (DIPF/Orig.)";"Englisch";"In the field of teacher education research, attitudes towards inclusion (ATI) have been investigated for some years. Many different ATI measures resulted from this research as well as a variety of approaches to examine the psychometric quality of these measures. Yet, replication studies to assure findings have been neglected in special needs and inclusive educational research. This article aims to investigate the psychometric properties of the (German) measures PREIS, PREIS-E, EFI-L and FEDI based on a sample of pre-service teachers (N = 450). Internal consistency and retest reliability is acceptable up to good for all measures, except for FEDI. Results from confirmatory factor analyses support the postulated factor structures, although for EFI-L, PREIS and FEDI, some of the model-fit-indices indicate shortcomings. Significant correlations between all measures indicate construct validity. Furthermore, the results indicate measurement invariance between teacher education programs. (DIPF/Orig.)";"2024";"Aufsatz (Zeitschrift)";"370";"ger";"";"1869-4845; 1869-4934";"Empirische Sonderpädagogik 16 (2024) 2, S. 137-153";"Pädagogische Teildisziplin: Empirische Bildungsforschung; Sonderpädagogik";"17.01.2025";"urn:nbn:de:0111-pedocs-322235";10.25656/01:32223;"Creative Commons Namensnennung - Nicht kommerziell 4.0 International";Peer-Review;"";"https://www.pedocs.de/volltexte/2025/32223/";"https://www.pedocs.de/volltexte/2025/32223/pdf/ESP_2024_2_Mechler_et_al_Psychometrische_Qualitaet.pdf"
"32224";"Entwicklung inklusionsbezogener Selbstwirksamkeitserwartung bei Studierenden der Sonderpädagogik. Einfluss von Studienwahlmotivation, pädagogischer Vorbildung und Berufserfahrung";"Zingg, Sabine; Sahli Lozano, Caroline";"Development of inclusion-related self-efficacy expectations among special education teacher students. Influence of study choice motivation, previous educational training and professional experience";"";"";"";"Originalveröffentlichung";"Sonderpädagogik; Empirische Untersuchung; Inklusion; Selbstwirksamkeit; Lehramtsstudent; Studienwahl; Motivation; Vorbildung; Berufserfahrung; Kompetenzentwicklung; Lehrerbildung; Latente Wachstumskurvenmodelle; Studie";"Remedial instruction sciences; Special education for the handicapped; Special needs education; Empirical study; Inclusion; Self efficacy; Student teachers; Choice of studies; Educational background; Employment Experience; Job experience; Occupational experience; Skill development; Teacher education; Teachers' training; Male student";"Deutsch";"Die Studie greift ein Forschungsdesiderat im Bereich der sonderpädagogischen Lehrer:innenbildung auf und analysiert mit Daten der Studie StAr die Entwicklung inklusionsbezogener Selbstwirksamkeitserwartung (iSWE) von Studierenden der Sonderpädagogik im Längsschnitt. Zudem werden auf der Basis des Modells der Determinanten und Konsequenzen professioneller Lehrer:innenkompetenz die Studienwahlmotivation, die pädagogische Vorbildung und die Berufserfahrung als individuelle Einflussfaktoren untersucht. Die Ergebnisse der latenten Wachstumskurvenmodelle zeigen einen signifikanten Anstieg der iSWE in der Dimension „Individualisierende Unterrichtsgestaltung“, während die beiden Dimensionen „Umgang mit störendem Verhalten“ und „Interdisziplinäre Kooperation“ stabil bleiben. Interindividuelle Unterschiede in der iSWE zu Studienbeginn bestehen in allen Dimensionen. Sowohl die Studienwahlmotivation als auch die pädagogische Vorbildung und Berufserfahrung erklären diese Varianz zu Studienbeginn, mit unterschiedlicher Bedeutung für die einzelnen Dimensionen. Es finden sich positive Zusammenhänge zwischen Aspekten der intrinsischen Studienwahlmotivation sowie der pädagogischen Vorerfahrung und der iSWE. Die Studie zeigt, dass die individuellen Voraussetzungen der Studierenden eine Rolle für die Ausgangslage der iSWE-Entwicklung zu Beginn des Studiums spielen. Zudem sollten Hochschulen Lernangebote schaffen, die positive Erfahrungen in der Berufspraxis fördern und somit die professionelle Entwicklung unterstützen. (DIPF/Orig.)";"Englisch";"The study addresses a research gap in the field of special education teacher training by using data from the StAr study to longitudinally analyse the development of inclusion-related self-efficacy expectations (iSE) of special education teacher students. In addition, based on the model of determinants and consequences of professional teacher competence, the study choice motivation, previous educational training and professional experience are analysed as individual influencing factors. The results of the latent growth curve models show a significant increase in iSE in the dimension 'Using Inclusive Instruction', while the two dimensions 'Managing behaviour' and 'Collaboration' remain stable. There are inter-individual differences in iSE at the start of the programme in all dimensions. Both the study choice motivation as well as previous educational training and professional experience explain this variance at the start of the degree programme with varying significance for the individual dimensions. There are positive correlations between aspects of the intrinsic study choice motivation and previous teaching experience and iSE. The study shows that the individual prerequisites of students play a role in the starting position of iSE development at the beginning of the degree programme. In addition, universities should create learning opportunities that promote positive experiences in professional practice and thus support professional development. (DIPF/Orig.)";"2024";"Aufsatz (Zeitschrift)";"370";"ger";"";"1869-4845; 1869-4934";"Empirische Sonderpädagogik 16 (2024) 2, S. 154-168";"Pädagogische Teildisziplin: Empirische Bildungsforschung; Sonderpädagogik";"17.01.2025";"urn:nbn:de:0111-pedocs-322241";10.25656/01:32224;"Creative Commons Namensnennung - Nicht kommerziell 4.0 International";Peer-Review;"";"https://www.pedocs.de/volltexte/2025/32224/";"https://www.pedocs.de/volltexte/2025/32224/pdf/ESP_2024_2_Zingg_SahliLozano_Entwicklung_inklusionsbezogener.pdf"
"32225";"Geht ein Etikett in den Förderschwerpunkten LE sowie ESE mit einer verminderten sozialen Akzeptanz einher?";"Spilles, Markus; Nicolay, Philipp; Weber, Simone; Huber, Christian";"Is a label of special educational needs in the areas of learning difficulties and social-emotional development associated with a decreased social acceptance?";"";"";"";"Originalveröffentlichung";"Sonderpädagogik; Empirische Untersuchung; Sonderpädagogischer Förderbedarf; Lernbehinderung; Affektive Entwicklung; Soziale Entwicklung; Soziale Integration; Soziale Partizipation; Akzeptanz; Schüler; Primarbereich; Inklusion; Stichprobe; Nordrhein-Westfalen";"Remedial instruction sciences; Special education for the handicapped; Special needs education; Empirical study; Special Educational Needs; Learning handicap; Affective development; Social change; Social development; Social integration; Social participation; Acceptance; Pupil; Pupils; Primary education; Primary level; Inclusion; North Rhine-Westphalia; North-Rhine Westphalia";"Deutsch";"In der Vergangenheit wurde immer wieder repliziert, dass Schüler*innen mit den sonderpädagogischen Förderbedarfen (SFB) Lernen (LE) und Emotionale-soziale Entwicklung (ESE) in inklusiven Klassen weniger sozial akzeptiert werden als ihre Mitschüler*innen. Nicht ganz klar ist allerdings, ob der SFB im Sinne eines stigmatisierenden Etiketts zu diesem Ergebnis führt. Auf Basis einer vorliegenden deutschen Studie gehen die Verfasser*innen davon aus, dass keine Unterschiede zwischen Kindern mit und ohne SFB in ihrer sozialen Akzeptanz (SA) bestehen, wenn sich diese in ihren dimensional gemessenen Förderbedarfen sehr ähnlich sind. Die Stichprobe umfasst n = 2.830 Schüler*innen der Jahrgangsstufen 1 bis 4 aus Nordrhein-Westfalen. N = 182 Kinder wiesen einen amtlichen SFB LE und/oder ESE auf. Diesen Kindern wurden auf Basis dimensionaler Förderbedarfseinschätzungen der Klassenleitungen in den Bereichen Lernen und Verhalten sowie der Klassenstufenzugehörigkeit statistische Zwillinge zugewiesen. Die Analyse der Gesamtstichprobe zeigte, dass ein SFB negativ mit der SA assoziiert war. Dieser Zusammenhang war jedoch bei gleichzeitiger Betrachtung der dimensionalen Förderbedarfseinschätzungen nicht mehr nachweisbar. Die Analyse der Teilstichprobe (n = 364) mit Hilfe eines Äquivalenztests (TOST-Verfahren) führte zur Ablehnung der Nullhypothese, dass Schüler*innen mit SFB mindestens schwach weniger sozial akzeptiert werden als ihre statistischen Zwillinge. Für die sonderpädagogische Forschung in Deutschland könnte dies bedeuten, dass zukünftig nicht mehr (ausschließlich) der SFB, sondern schwerpunktmäßig bspw. Verhaltensweisen aller Schüler*innen oder ihrer Lehrkräfte zur Erklärung der SA in den Blick genommen werden sollten. (DIPF/Orig.)";"Englisch";"In the past, it has been repeatedly observed that students with special educational needs (SEN), especially those with learning difficulties or behavioral problems, are less socially accepted in inclusive classes than their peers. However, it is not entirely clear whether SEN, in the sense of a stigmatizing label, leads to this outcome. Based on an existing German study, we hypothesize that there are no differences in social acceptance (SA) between children with and without SEN if their support needs are very similar. The sample comprises n = 2.830 students in grades 1 to 4 from North Rhine-Westphalia. N = 182 children had SEN (learning difficulties and social-emotional development). These children were matched statistically with twins based on dimensional assessments of learning and behavioral problems by their class teachers, as well as their grade level. The analysis of the overall sample indicated a negative association between SEN and SA. However, this association was not statistically significant when learning and behavior problems were additionally taken into account. The analysis of the subsample (n = 364), using an equivalence test (TOST-test), resulted in the rejection of the hypothesis that students with SEN are at least slightly less socially accepted than their statistical twins. For special education research in Germany, this could imply that in the future, factors such as behaviors of all students or their teachers, rather than (exclusively) SEN, should be considered when explaining SA. (DIPF/Orig.)";"2024";"Aufsatz (Zeitschrift)";"370";"ger";"";"1869-4845; 1869-4934";"Empirische Sonderpädagogik 16 (2024) 3, S. 171-186";"Pädagogische Teildisziplin: Empirische Bildungsforschung; Sonderpädagogik";"17.01.2025";"urn:nbn:de:0111-pedocs-322255";10.25656/01:32225;"Creative Commons Namensnennung - Nicht kommerziell 4.0 International";Peer-Review;"";"https://www.pedocs.de/volltexte/2025/32225/";"https://www.pedocs.de/volltexte/2025/32225/pdf/ESP_2024_3_Spilles_et_al_Geht_ein_Etikett.pdf"
"32226";"Reliabilität und Konstruktvalidität des 'Einstellungsfragebogens zu Inklusion für Lehrkräfte' (EFI L) bei Lehramtsstudierenden und Nicht-Studierenden";"Tempel, Tobias; Renner, Gerolf; Reuner, Gitta";"Reliability and construct validity of the 'Questionnaire on attitudes towards inclusion for teachers' (EFI-L) in a sample of pre-service teachers and non-students";"";"";"";"Originalveröffentlichung";"Sonderpädagogik; Empirische Untersuchung; Fragebogen; Reliabilität; Validität; Inklusion; Einstellung <Psy>; Lehramtsstudent; Lehrer; Student; Einstellungsmessung; Fragebogenerhebung";"Remedial instruction sciences; Special education for the handicapped; Special needs education; Empirical study; Questionnaire; Reliability; Inclusion; Student teachers; Teacher; Male student; Attitude measurement; Questionnaire survey";"Deutsch";"Ziel der vorliegenden Studie ist eine Erweiterung der psychometrischen Wissensbasis zum „Einstellungsfragebogen zu Inklusion für Lehrkräfte“ (EFI-L). Die Daten wurden im Rahmen einer Studie zu Einstellungen zur Inklusion von Schüler*innen mit Körperbehinderungen erhoben. Untersucht wurden als zentrale Gütekriterien die Reliabilität und faktorielle Validität in drei Teilstichproben: 216 Studierende des Lehramts Sonderpädagogik und 149 Studierende sonstiger Lehramtsstudiengänge bearbeiteten den EFI-L vollständig, bei 157 Berufstätigen wurde eine Kurzform mit den Skalen Fachliche Förderung und Soziale Inklusion eingesetzt. Außerdem wurden zur Prüfung der Validität auch Zusammenhänge mit der Qualität persönlicher Erfahrungen in inklusiven Settings geprüft und ob sich die gemessenen Einstellungen in den Teilstichproben unterscheiden, wobei für Studierende der Sonderpädagogik die positivsten Einstellungen zu Inklusion erwartet wurden. Die Reliabilitätsschätzungen (interne Konsistenz) ergaben in allen Teilstichproben befriedigende Werte. Konfirmatorische Faktorenanalysen zeigten weder für das 3-faktorielle Modell der Studierenden noch für eine 2-faktorielle Form bei Berufstätigen eine überzeugende Passung. In Gruppenvergleichen fanden sich die höchsten Werte bei Studierenden der Sonderpädagogik. Die erlebte Qualität von persönlichen Erfahrungen mit inklusiven Bildungsangeboten korrelierte positiv mit den Skalen des EFI-L. (DIPF/Orig.)";"Englisch";"The aim of the present study is to expand the psychometric knowledge base on the „Questionnaire on Attitudes towards Inclusion for Teachers” (EFI-L). The data were collected in the context of a study on attitudes towards inclusion of students with physical disabilities. Reliability and factorial validity were investigated as central quality criteria in three subsamples: 216 pre-service teachers in special education and 149 pre-service teachers in other teacher education programs completed the complete EFI-L, and a short form with the scales Promoting academic competencies and Social Inclusion was used for157 professionals. Furthermore, in terms of placing the EFI-L in a nomological network, the attitudes measured were expected to be related to the quality of personal experiences in inclusive settings and to differ across the subsamples, with special education students expected to have the most positive attitudes toward inclusion. Reliability estimates (internal consistency) yielded satisfactory values in all subsamples. Confirmatory factor analyses showed no convincing fit for either the 3-factorial model among students and the 2-factorial model among professionals. In group comparisons, the highest values were found among students of special education. The perceived quality of personal experiences with inclusion correlated positively with the scales of the EFI-L. (DIPF/Orig.)";"2024";"Aufsatz (Zeitschrift)";"370";"ger";"";"1869-4845; 1869-4934";"Empirische Sonderpädagogik 16 (2024) 3, S. 187-207";"Pädagogische Teildisziplin: Empirische Bildungsforschung; Sonderpädagogik";"17.01.2025";"urn:nbn:de:0111-pedocs-322268";10.25656/01:32226;"Creative Commons Namensnennung - Nicht kommerziell 4.0 International";Peer-Review;"";"https://www.pedocs.de/volltexte/2025/32226/";"https://www.pedocs.de/volltexte/2025/32226/pdf/ESP_2024_3_Tempel_et_al_Reliabilitaet_und_Konstruktvaliditaet.pdf"
"32227";"Bullying in adolescents. Co-occurrence of bullying roles and associations with special educational needs";"Eilts, Jule; Bäker, Neele; Rademacher, Annika; Wilke, Jessica";"Bullying bei Jugendlichen. Gemeinsames Auftreten von Bullying-Rollen und Assoziationen mit sonderpädagogischem Förderbedarf";"";"";"";"Originalveröffentlichung";"Sonderpädagogik; Empirische Untersuchung; Mobbing; Jugendlicher; Lernschwierigkeit; Sonderpädagogischer Förderbedarf; Opfer; Verhaltensauffälligkeit; Sozio-emotionaler Faktor; Soziales Problem; Typologie; Clusteranalyse";"Remedial instruction sciences; Special education for the handicapped; Special needs education; Empirical study; Adolescent; Typology; Cluster analysis; Learning Difficulties; Learning Difficulty; Learning disorder; Special Educational Needs; Victim";"Englisch";"This study aims to identify possible profiles of bullying types by clustering different bullying roles (bully, victim, assistant, defender, and outsider) and to determine differences between demographic groups such as age, sex, and special educational needs (emotional and behavioral difficulties and learning difficulties). Data was collected from N = 245 students between 10 and 16 years old, of which 33 (13.5%) had special education needs. The Bully Participant Behavior Questionnaire was used to determine the bullying roles. Post-hoc cluster analytic strategies were applied to determine the co-occurrence of the different bullying roles. Based on the bullying roles, two clusters were formed. The first cluster included adolescents (70%) with low scores on all cluster variables, called involvement low, while the second cluster included highly involved adolescents (30%) with high scores on the victim and defender variables. Significant group differences were found for the two clusters regarding all five cluster variables. The distribution for children with SEN is similar to that for students without SEN, and no significant differences emerged regarding the cluster affiliation. The results of this study may have implications for the development of tailored intervention and prevention strategies for different bullying profiles and demographic groups, like focusing on the group dynamic as a whole and identifying students who are highly involved. The study included students with emotional and behavioral difficulties and learning disabilities and aimed to contribute to a better understanding of the co-occurrence of bullying roles and the implications for students with special educational needs. (DIPF/Orig.)";"Deutsch";"Diese Studie zielt darauf ab, mögliche Profile von Bullying-Typen zu identifizieren, indem verschiedene Bullying-Rollen (Bully, Victim, Assistant, Defender und Outsider) geclustert werden. Zudem werden Unterschiede zwischen demografischen Gruppen wie Alter, Geschlecht und sonderpädagogischem Förderbedarf (emotionale und Verhaltensschwierigkeiten sowie Lernschwierigkeiten) ermittelt. Es wurden Daten von N = 245 Schülern im Alter zwischen 10 und 16 Jahren erhoben, von denen 33 (13,5%) sonderpädagogischen Förderbedarf hatten. Der Bully Participant Behavior Questionnaire wurde verwendet, um die Bullying-Rollen zu bestimmen. Zur Bestimmung des gemeinsamen Auftretens der verschiedenen Rollen wurden post-hoc clusteranalytische Strategien angewandt. Auf der Grundlage der Rollen wurden zwei Cluster gebildet. Das erste Cluster umfasste Jugendliche (70%) mit niedrigen Werten bei allen Clustervariablen und wurde als geringes Engagement bezeichnet, während das zweite Cluster stark involvierte Jugendliche (30%) mit hohen Werten bei den Victim- und Defendervariablen umfasste. Bei allen fünf Clustervariablen wurden signifikante Gruppenunterschiede zwischen den beiden Clustern festgestellt. Die Verteilung für Kinder mit SEN ist ähnlich wie die für Schüler ohne SEN. Es ergaben sich keine signifikanten Unterschiede hinsichtlich der Clusterzugehörigkeit. Die Ergebnisse dieser Studie können Auswirkungen auf die Entwicklung maßgeschneiderter Interventions- und Präventionsstrategien für verschiedene Mobbingprofile und demografische Gruppen haben, wie z. B. die Fokussierung auf die Gruppendynamik als Ganzes und die Identifizierung von Schülern, die stark involviert sind. Die Studie schloss Schüler mit emotional-sozialen Problemen sowie Lernbehinderungen ein und sollte zu einem besseren Verständnis des gleichzeitigen Auftretens von Bullying-Rollen und der Auswirkungen auf Schüler mit besonderen pädagogischen Bedürfnissen beitragen. (DIPF/Orig.)";"2024";"Aufsatz (Zeitschrift)";"370";"eng";"";"1869-4845; 1869-4934";"Empirische Sonderpädagogik 16 (2024) 3, S. 208-222";"Pädagogische Teildisziplin: Empirische Bildungsforschung; Sonderpädagogik";"17.01.2025";"urn:nbn:de:0111-pedocs-322276";10.25656/01:32227;"Creative Commons Namensnennung - Nicht kommerziell 4.0 International";Peer-Review;"";"https://www.pedocs.de/volltexte/2025/32227/";"https://www.pedocs.de/volltexte/2025/32227/pdf/ESP_2024_3_Eilts_et_al_Bullying_in_adolescents.pdf"
"32228";"Lehrperson-Lernenden-Beziehungsqualität. Eine Skala zur Erhebung der Beziehungsqualität aus Schülerinnen- und Schüler-Perspektive";"Pastore, Giuliana; Luder, Reto; Kunz, André; Paccaud, Ariane";"Teacher-student relationship-quality. The relationship-quality assessment scale from the students' perspective";"";"";"";"Originalveröffentlichung";"Sonderpädagogik; Empirische Untersuchung; Schüler-Lehrer-Beziehung; Schülerperspektive; Beziehung; Qualität; Psychometrie; Bindung; Sekundarstufe I; Erfassung; Bindungstheorie; Validität; Messinstrument; Schweiz";"Remedial instruction sciences; Special education for the handicapped; Special needs education; Empirical study; Pupil-teacher relation; Pupil-teacher relationship; Quality; Psychometry; Lower level secondary education; Lower secondary; Lower secondary education; Secondary education lower level; Measurement instrument; Switzerland; Pupil; Pupils";"Deutsch";"Es gibt empirische Belege dafür, dass die emotional unterstützenden Elemente einer Lehrperson-Lernende-Beziehung (LLB) eine Schlüsselrolle für die positive Entwicklung von Schülerinnen und Schülern spielen, weshalb sie als Qualitätsmerkmalen einer LLB betrachtet werden. Mit diesem Fokus stellt der vorliegende Beitrag ein neues Instrument, zur Erfassung der Beziehungsqualität aus der Sicht von Schülerinnen und Schülern vor. Die Skala BQ baut auf bindungstheoretischen und neurowissenschaftlichen Grundlagen auf. Dabei wird Beziehungsqualität durch zwei Dimensionen definiert: emotionale Resonanz und gemeinsame Intentionalität, die jeweils der emotionalen beziehungsweise kognitiven Empathie entsprechen. Die Skala wurde mit zwei Stichproben auf der Sekundarstufe I in der deutsch- und französischsprachigen Schweiz validiert. Mit einer ersten Stichprobe (n = 366) wurde das Instrument mittels explorativer Faktoranalyse im Querschnittsdesign validiert. Im Längsschnittdesign folgte eine Überprüfung der Messinvarianzen mittels Latent-State Modellen an einer zweiten Stichprobe (n = 441). Die Ergebnisse zeigen, dass die Skala BQ ein ökonomisches, valides und hoch reliables Instrument ist. (DIPF/Orig.)";"Englisch";"There is empirical evidence indicating a key role of the emotionally supportive elements for teacher-student relationship (TSR) in students' positive development, therefore these can be considered as a quality marker of TSR. With this focus, this paper introduces a new instrument, to assess TSR quality from a students' perspective. The RQ-scale is based on attachment theory and foundations of neuroscience. Relationship quality is defined by two dimensions: emotional resonance and shared intentionality, which respectively correspond to emotional and cognitive empathy. The scale was validated with two samples at lower secondary level in German- and French-speaking Switzerland. The instrument was validated with a first sample (n = 366) using exploratory factor analysis in a cross-sectional design. In the longitudinal design, the measurement invariances were tested using latent-state models on a second sample (n = 441). The results show that the RQ-scale is an economical, valid and highly reliable instrument. (DIPF/Orig.)";"2024";"Aufsatz (Zeitschrift)";"370";"ger";"";"1869-4845; 1869-4934";"Empirische Sonderpädagogik 16 (2024) 3, S. 223-238";"Pädagogische Teildisziplin: Empirische Bildungsforschung; Sonderpädagogik";"17.01.2025";"urn:nbn:de:0111-pedocs-322289";10.25656/01:32228;"Creative Commons Namensnennung - Nicht kommerziell 4.0 International";Peer-Review;"";"https://www.pedocs.de/volltexte/2025/32228/";"https://www.pedocs.de/volltexte/2025/32228/pdf/ESP_2024_3_Pastore_et_al_Lehrperson-Lernenden-Beziehungsqualitaet.pdf"
"32229";"Verhaltensauffälligkeiten hörgeschädigter Kinder nach dem Neugeborenen-Hörscreening. Hilft Früherkennung?";"Hintermair, Manfred; Schäfer, Karolin";"Behavior problems of deaf and hard-of-hearing children after Universal Newborn Hearing Screening. Does early detection help?";"";"";"";"Originalveröffentlichung";"Sonderpädagogik; Empirische Untersuchung; Verhaltensauffälligkeit; Säugling; Hörbehinderung; Screening; Prävalenz; Kommunikative Kompetenz; Hörtest; Sozio-emotionaler Faktor; Soziale Entwicklung; Affektive Entwicklung; Fragebogenerhebung";"Remedial instruction sciences; Special education for the handicapped; Special needs education; Empirical study; Aural handicap; Hearing impairment; Communicative competence; Auditory Tests; Social change; Social development; Affective development; Questionnaire survey";"Deutsch";"Die Entwicklungschancen hörgeschädigter Kinder haben sich durch die Einführung des Neugeborenen-Hörscreenings im Jahr 2009 deutlich verbessert. Vor dem Hintergrund dieser Veränderungen werden die Ergebnisse einer Studie zu Verhaltensauffälligkeiten bei hörgeschädigten Kindern (n = 194) mit dem Strengths and Difficulties Questionnaire (SDQ-D) vorgestellt. Die Prävalenzdaten zeigen im Vergleich zu einer hörenden Normierungsstichprobe im Mittel erhöhte Werte, insbesondere in den Subskalen „Hyperaktivität“ und „Probleme mit Gleichaltrigen“. Die Erhöhung fällt jedoch geringer aus als in früheren Studien. Bei der Bewertung der Ergebnisse ist jedoch zu berücksichtigen, dass in der untersuchten Stichprobe inklusiv beschulte Kinder mit Hörschädigung überrepräsentiert sind und dies die Ergebnisse beeinflusst. Der Zeitpunkt der hörtechnischen Erstversorgung sowie der Zeitpunkt des Beginns der Frühförderung stehen in keinem Zusammenhang mit der sozial-emotionalen Entwicklung. Korrelationsanalysen bestätigen die aus anderen Studien bekannte Bedeutung der kommunikativen Kompetenz für die psychische Entwicklung. Ebenso bestätigt sich, dass Kinder mit einer zusätzlichen Beeinträchtigung sowie Kinder, die an einem Förderzentrum beschult werden, mehr Probleme in ihrer sozial-emotionalen Entwicklung aufweisen. Die Ergebnisse dokumentieren erneut behinderungsspezifische Besonderheiten, die bei der Förderung und Gestaltung von Bildungsprozessen angemessen berücksichtigt werden müssen. (DIPF/Orig.)";"Englisch";"The opportunities regarding the development of deaf and hard of hearing (DHH) children have improved significantly since the introduction of Universal Newborn Hearing Screening in 2009. Against the background of these changes, the results of a study on behavioral problems in DHH children (n = 194) using the Strengths and Difficulties Questionnaire (SDQ-D) are presented. The prevalence data reveal increased scores on average compared to a hearing norming sample, particularly in the subscales 'hyperactivity' and 'problems with peers'. However, the increase is lower than in previous studies. When evaluating the results, however, it must be taken into account that DHH children who receive inclusive education are overrepresented in the sample studied and this may influence the results. The time of initial hearing care and the time of the start of early intervention are not related to social-emotional development. Correlation analyses confirm the importance of communicative competence for psychological development, which is known from other studies. It is also confirmed that DHH children with additional needs and DHH children who attend special schools reveal more problems in their social-emotional development. The results once again document specific characteristics due to hearing loss that must be adequately taken into account regarding educational support of DHH children. (DIPF/Orig.)";"2024";"Aufsatz (Zeitschrift)";"370";"ger";"";"1869-4845; 1869-4934";"Empirische Sonderpädagogik 16 (2024) 3, S. 239-258";"Pädagogische Teildisziplin: Empirische Bildungsforschung; Sonderpädagogik";"17.01.2025";"urn:nbn:de:0111-pedocs-322299";10.25656/01:32229;"Creative Commons Namensnennung - Nicht kommerziell 4.0 International";Peer-Review;"";"https://www.pedocs.de/volltexte/2025/32229/";"https://www.pedocs.de/volltexte/2025/32229/pdf/ESP_2024_3_Hintermair_Schaefer_Verhaltensauffaelligkeiten_hoergeschaedigter_Kinder.pdf"
"29021";"Professionswissen von Studierenden und von Regel- und Förderlehrkräften zu Grundlagen des Leseerwerbs und zur Diagnostik von Leseschwierigkeiten. Entwicklung eines Instruments und Herausforderungen";"Lietz, Meike; Moser Opitz, Elisabeth; Stöckli, Meret";"The development of a tool for assessing how well in-service and student regular and special education teachers understand the acquisition of reading skills and are able to diagnose reading difficulties. Process and challenges";"";"";"";"Originalveröffentlichung";"Lehrer; Profession; Wissen; Leseschwäche; Lesen; Lesenlernen; Diagnostik; Lehramtsstudent; Förderlehrer; Inklusion; Unterricht; Messinstrument; Förderdiagnostik; Fragebogenerhebung; Empirische Untersuchung";"Teacher; Knowledge; Reading weakness; Learning to read; Reading Teaching; Diagnostic; Student teachers; Remedial teachers; Tutors; Inclusion; Teaching; Measurement instrument; Questionnaire survey; Empirical study";"Deutsch";"Leseschwierigkeiten (LS) gehören zu den häufigsten Lernproblemen und es ist wichtig, dass betroffene Schüler:innen im Unterricht angemessen unterstützt werden. Das erfordert entsprechendes Professionswissen von den Lehrkräften und Instrumente, mit denen deren Wissen valide und reliabel erfasst werden kann. Bislang fehlen solche Instrumente. Im Kontext von inklusivem Unterricht stellt sich zudem die Herausforderung, Instrumente zu entwickeln, mit denen das Professionswissen von unterschiedlich ausgebildeten Lehrkräften (Regellehrkräfte, Förderlehrkräfte) erfasst werden kann. Im Artikel wird ein Instrument vorgestellt und hinsichtlich seiner psychometrischen Qualität analysiert, mit dem das Professionswissen zu Grundlagen des Leseerwerbs und zur Diagnostik von LS erfasst werden kann. In Studie 1 nahmen n = 190 Studierende am Ende des Lehramtstudiums Grundschule, n = 139 Studierende am Anfang des Aufbaustudiums Förderpädagogik und n = 114 Studierende am Ende des Aufbaustudiums Förderpädagogik teil. In Studie 2 wurden n = 90 amtierende Grundschullehrkräfte und n = 52 amtierende Förderlehrkräfte mit einer gekürzten Fragebogenversion befragt. In Studie 1 ist es gelungen, ein Instrument mit 18 Items zu entwickeln, das sich für den Einsatz bei Studierenden der Förderpädagogik eignet, für die Studierenden des Lehramtes Grundschule jedoch nur eingeschränkt. In Studie 2 konnte nur für die Förderlehrkräfte eine Skala mit fünf Items und einer knapp akzeptablen Reliabilität konstruiert werden. Das eingesetzte Instrument scheint vor allem Wissen zu erfassen, das während bzw. kurz nach der Ausbildung vorhanden ist. Abschließend erfolgen Überlegungen zu weiteren notwendigen Forschungsbemühungen zur Erfassung des Professionswissens von Lehrkräften zum Thema LS. (DIPF/Orig.)";"Englisch";"Reading difficulties (RD) is a common learning problem and it is important that teachers have the skills to support affected students. Valid and reliable assessment instruments can ensure that teachers possess the requisite knowledge. But, there are none. For an instrument to be valid for inclusive education, it also needs to be able to assess the professional knowledge of both general education teachers (GET) and special education teachers (SET). This paper analyzes the psychometric quality of a questionnaire that has been designed to assess the professional knowledge of GET and SET on reading acquisition and the diagnosis of RD. Study 1 included n = 190 student GET at the end of their training, n = 139 student SET at the beginning of their training and n = 114 student SET at the end of their training. In study 2, n = 90 GET and n = 52 SET completed an abbreviated version of the questionnaire. Study 1 resulted in the successful development of an instrument with 18 items suitable for assessing the professional knowledge of SET students, but the instrument had limited validity when assessing GET students. In study 2 a five-item scale with just about acceptable reliability could only be constructed for SET. The instrument seems to primarily capture knowledge related to the (SET) training courses. Finally, reflections on future research into measuring the professional knowledge of teachers on the topic of RD are discussed. (DIPF/Orig.)";"2023";"Aufsatz (Zeitschrift)";"370";"ger";"";"1869-4845; 1869-4934";"Empirische Sonderpädagogik 15 (2023) 2, S. 103-122";"Pädagogische Teildisziplin: Empirische Bildungsforschung; Sonderpädagogik";"05.03.2024";"urn:nbn:de:0111-pedocs-290214";10.25656/01:29021;"Creative Commons Namensnennung - Nicht kommerziell 4.0 International";Peer-Review;"";"https://www.pedocs.de/volltexte/2024/29021/";"https://www.pedocs.de/volltexte/2024/29021/pdf/ESP_2023_2_Lietz_et_al_Professionswissen_von_Studierenden.pdf"
"29022";"Konzepte von Behinderung als latentes Konstrukt. Ein Fragebogen für die Lehrer*innenausbildung";"Schröter, Anne; Capovilla, Dino; Diehl, Kirsten; Link, Pierre-Carl; Scheer, David; Schmid, Andrea C.; Schurig, Michael; Sticca, Fabio; Gebhardt, Markus";"Concepts of disability as a latent construct among special education students";"";"";"";"Originalveröffentlichung";"Sonderpädagogik; Behinderung; Konzept; Lehrerausbildung; Professionalisierung; Inklusion; Modell; Fragebogen; Umfrage; Empirische Untersuchung";"Remedial instruction sciences; Special education for the handicapped; Special needs education; Handicap; Fundamental concepts; Teacher education; Teacher training; Professionalization; Inclusion; Questionnaire; Empirical study";"Deutsch";"In der Sonderpädagogik existieren verschiedene Modelle davon, was unter dem Begriff bzw. dem Konstrukt von Behinderung zu verstehen ist. Aus vier verbreiteten Modellen (individuell-medizinisch, sozial, kulturell, systemisch) wurde der Fragebogen „Concepts of Disability“ [CoD] mit offenen und geschlossenen Items entwickelt, welcher in der Version 0.3 im vorliegenden Beitrag auf seine psychometrischen Eigenschaften geprüft wird und darauf, welchen Einfluss die Thematisierung von Behinderung in Lehrveranstaltungen auf die Konzepte von Behinderung hat. Im Sommersemester 2022 und Wintersemester 2022/23 wurden insgesamt 866 Studierende der Sonderpädagogik und allgemeiner Lehramtsstudiengänge von deutschsprachigen Hochschulen mit einer offenen Onlineumfrage untersucht. Die Ergebnisse einer konfirmatorischen Faktorenanalyse weisen darauf hin, dass das Messmodell mit vier Konzepten von Behinderung am besten auf die Daten passt. Die interne Konsistenz der vier Konzepte fiel mit Werten zwischen α = .68 und .88 zufriedenstellend aus. Insbesondere die Selbsteinschätzung, ob das Thema Behinderung Gegenstand der Seminare war, hatte auf die vier Konzepte (rInd = -.20, rSoz = .42, rSys = .38, rKul = .35) einen Einfluss. Die Notwendigkeit einer Veränderung von einem individuell-medizinischen hin zu einem sozialen Konzept wird im Beitrag diskutiert. Zudem wird in Bezug auf die Konzepte von Behinderung auf die Entwicklung des Sonderschulwesens eingegangen. (DIPF/Orig.)";"Englisch";"In special education there are different approaches as to what is meant by the term or construct of disability. The questionnaire “Concepts of Disability” [CoD] was developed from four common models (individual-medical, social, cultural, systemic). Version 0.3 of this questionnaire will be evaluated in this paper for its psychometric characteristics and for the influence that the discussion of disability in teaching coursin higher education has on the concepts of disability. In the summer of 2022 and winter of 2022/23, a total of 866 students of special education and general teacher education classes from German-speaking universities were examined with an online survey. The results of a confirmatory factor analysis indicate that the measurement model with four concepts of disability fits the data best. the psychometric properties were acceptable with values between α = .68 and .88. In particular, self-assessment of whether disability was a topic of the classes had an impact on the four concepts (rInd = -.20, rSoz = .42, rSys = .38, rKul = .35). The need for a change from an individual-medical to a social concept is discussed in the paper. In addition, the development of special education in Germany is discussed in relation to the concepts of disability. (DIPF/Orig.)";"2023";"Aufsatz (Zeitschrift)";"370";"ger";"";"1869-4845; 1869-4934";"Empirische Sonderpädagogik 15 (2023) 2, S. 123-140";"Pädagogische Teildisziplin: Empirische Bildungsforschung; Sonderpädagogik";"05.03.2024";"urn:nbn:de:0111-pedocs-290222";10.25656/01:29022;"Creative Commons Namensnennung - Nicht kommerziell 4.0 International";Peer-Review;"ORCID von Anne Schröter ist im Beitrag falsch angegeben.";"https://www.pedocs.de/volltexte/2024/29022/";"https://www.pedocs.de/volltexte/2024/29022/pdf/ESP_2023_2_Schroeter_et_al_Konzepte_von_Behinderung.pdf"
"29023";"Das Lesescreening LES-IN für inklusive Grundschulklassen. Entwicklung und psychometrische Prüfung einer Paper-Pencil-Version als Basis für computerbasiertes adaptives Testen (CAT)";"Jungjohann, Jana; Ebenbeck, Nikola; Liebers, Katrin; Diehl, Kirsten; Gebhardt, Markus";"The reading screening LES-IN for inclusive primary classrooms. Development and psychometric evaluation of a paper-pencil version as the basis for computerized adaptive testing (CAT)";"";"";"";"Originalveröffentlichung";"Sonderpädagogik; Lesen; Förderung; Inklusion; Grundschule; Computerunterstütztes Verfahren; Adaptives Testen; Textverständnis; Schuljahr 03; Empirische Untersuchung; Screening";"Remedial instruction sciences; Special education for the handicapped; Special needs education; Inclusion; Elementary School; Primary school; Primary school lower level; Text comprehension; School year 03; Empirical study";"Deutsch";"Lesescreenings für den inklusiven Unterricht ermöglichen eine ökonomische und faire Testung des Leistungsstandes aller Schüler:innen, um eine datengestützte Hilfe für individuelle Förderentscheidungen zu schaffen. Das hier präsentierte Paper-Pencil-Verfahren wurde als Basis für eine spätere computerbasierte adaptive Testung (CAT) entwickelt. Das Lesescreening LES-IN umfasst die vier Dimensionen Phonologische Bewusstheit, Sicherheit im lexikalischen Abruf, Geschwindigkeit im lexikalischen Abruf und Satzlesen mit Aufgaben, die in Gruppensettings durchgeführt werden können. Es soll Schüler:innen mit gering ausgebildeten Voraussetzungen für das Textverständnis identifizieren. Die psychometrische Güte wurde bei N = 709 Schüler:innen der dritten Klassenstufe mit und ohne sonderpädagogischem Unterstützungsbedarf geprüft. Die Dimensionen Phonologische Bewusstheit und Satzlesen bilden die Personenfähigkeiten inklusiver Lerngruppen ausreichend gut ab, sodass die Ergebnisse für pädagogische Förderentscheidungen nutzbar sind. Beide Dimensionen Sicherheit und Geschwindigkeit im lexikalischen Abruf benötigen noch weitere mittelschwere Items, um die gewünschte Differenzierung für eine inklusive Lerngruppe zu erreichen. Die Verbesserung und Weiterentwicklung des Screenings, dessen Implementation als frei verfügbarer computerbasierter adaptiver Test und der Einsatz des Screenings in der Schulpraxis werden diskutiert. (DIPF/Orig.)";"Englisch";"Reading screenings for inclusive education allow for economical and fair testing of the achievement levels of all students to create a data-driven resource for individualized decisions. The paper-pencil method that we present in this paper was developed as a pilot version for later computerized adaptive testing (CAT). The reading screening LES-IN includes the four dimensions phonological awareness in the narrower sense, fluency in lexical route, speed in lexical route, and sentence reading with tasks that can be administered in group settings. It is designed to identify students with low-level reading skills necessary for text comprehension. Psychometric quality was tested in N = 709 students with and without need for special education in third grades. The dimensions phonological awareness and sentence reading represent the person abilities of inclusive learning groups sufficiently well so that the results can be used for educational support decisions. Both the dimensions fluency and speed in lexical route need more moderately difficult items to achieve the desired differentiation for an inclusive learning group. The improvement and further development of the screening, its implementation as a computerized adaptive test , and the use of the screening in school practice are discussed. (DIPF/Orig.)";"2023";"Aufsatz (Zeitschrift)";"370";"ger";"";"1869-4845; 1869-4934";"Empirische Sonderpädagogik 15 (2023) 2, S. 141-156";"Pädagogische Teildisziplin: Empirische Bildungsforschung; Sonderpädagogik";"05.03.2024";"urn:nbn:de:0111-pedocs-290236";10.25656/01:29023;"Creative Commons Namensnennung - Nicht kommerziell 4.0 International";Peer-Review;"";"https://www.pedocs.de/volltexte/2024/29023/";"https://www.pedocs.de/volltexte/2024/29023/pdf/ESP_2023_2_Jungjohann_et_al_Das_Lesescreening.pdf"
"29024";"Schulische Rahmenbedingungen und überfachliche Kompetenzen in inklusiven Klassen";"Gresch, Cornelia; Nusser, Lena";"School settings and cross-curricular competencies in inclusive classes";"";"";"";"Originalveröffentlichung";"Sonderpädagogik; Inklusion; Schule; Kompetenz; Sonderpädagogischer Förderbedarf; Sekundarstufe I; Schüler; Schuljahr 06; Empirische Untersuchung; Stichprobe";"Remedial instruction sciences; Special education for the handicapped; Special needs education; Inclusion; School; Competency; Special Educational Needs; Lower level secondary education; Lower secondary; Lower secondary education; Secondary education lower level; Pupil; Pupils; School year 06; Empirical study";"Deutsch";"Neben akademischen Basiskompetenzen wird bei Jugendlichen mit Blick auf Übergänge und die spätere berufliche Ausbildung immer wieder die Bedeutung überfachlicher Kompetenzen betont. Die Entwicklung überfachlicher Kompetenzen wird neben individuellen Merkmalen der Schüler*innen auch durch verschiedene innerschulische Sozialisationsprozesse mitbestimmt. Dabei gibt es Hinweise, dass Schüler*innen mit sonderpädagogischen Unterstützungsbedarfen (SPU) im Mittel über geringere überfachliche Kompetenzen verfügen als Schüler*innen ohne SPU und dass dies auch mit dem Schulkontext zusammenhängen kann. Der vorliegende Beitrag untersucht die Frage, inwiefern individuelle Merkmale und inklusionsorientierte schulische Rahmenbedingungen in Anlehnung an den Index für Inklusion mit den überfachlichen Kompetenzen von Schüler*innen mit und ohne SPU in der Sekundarstufe I zusammenhängen. Datengrundlage bildet eine Analysestichprobe aus der Erhebung in 6. Klassen an allgemeinen Schulen der Studie „Inklusion in der Sekundarstufe I in Deutschland – INSIDE“ (N = 3.447 Schüler*innen, davon N = 390 mit SPU). Die Analysen zeigen, dass Schüler*innen mit SPU geringere überfachliche Kompetenzen aufweisen als Schüler*innen ohne SPU. Schulische Lernumgebungen, die gezielt auf inklusive Bildung ausgerichtet sind, gehen für alle Schüler*innen überwiegend mit höheren überfachlichen Kompetenzen einher, teilweise bestehen aber auch Unterschiede zwischen den Gruppen. Die Befunde bieten Grundlagen, um die Verbesserung überfachlicher Kompetenzen bei Schüler*innen mit und ohne SPU zu stärken. (DIPF/Orig.)";"Englisch";"Next to domain-specific competencies, the importance of cross-curricular competencies for students is often emphasized. The development of cross-curricular competencies is determined by individual characteristics of the students, but also by the various socialization processes within the school. Findings indicate that students with special educational needs (SEN) have on average lower cross-curricular competencies than students without SEN and that this may also be related to the school context. This paper examines the question which individual characteristics and inclusion-oriented school characteristics correspond to the cross-curricular competencies of students with and without SEN in lower secondary school. The data is based on the study “Inklusion in der Sekundarstufe I in Deutschland - INSIDE”, a survey of 6th graders at general schools (N = 3,447 students, N = 390 with SEN). The analyses confirm that SEN-students show lower cross-curricular competencies than students without SEN. School learning environments that are designed for inclusive education are predominantly associated with higher cross-curricular competencies. However, there are also differences between students with and without SEN. The findings provide a basis to strengthen the development of cross-curricular competencies for students with and without SEN. (DIPF/Orig.)";"2023";"Aufsatz (Zeitschrift)";"370";"ger";"";"1869-4845; 1869-4934";"Empirische Sonderpädagogik 15 (2023) 2, S. 157-176";"Pädagogische Teildisziplin: Empirische Bildungsforschung; Sonderpädagogik";"05.03.2024";"urn:nbn:de:0111-pedocs-290244";10.25656/01:29024;"Creative Commons Namensnennung - Nicht kommerziell 4.0 International";Peer-Review;"";"https://www.pedocs.de/volltexte/2024/29024/";"https://www.pedocs.de/volltexte/2024/29024/pdf/ESP_2023_2_Gresch_Nusser_Schulische_Rahmenbedingungen.pdf"
"29025";"Der Zusammenhang von sozialer Akzeptanz und Lehrkraftfeedback gemessen aus Perspektive der Mitschüler*innen sowie aus Perspektive der Feedbackempfangenden";"Spilles, Markus; Nicolay, Philipp; Huber, Christian";"The correlation between social acceptance and teacher feedback, measured from the perspective of both peers and feedback recipients";"";"";"";"Originalveröffentlichung";"Sonderpädagogik; Akzeptanz; Lehrer; Feedback; Schüler; Mitschüler; Schülerperspektive; Soziale Integration; Soziale Partizipation; Soziales Verhalten; Primarbereich; Schuljahr 04; Empirische Untersuchung";"Remedial instruction sciences; Special education for the handicapped; Special needs education; Acceptance; Teacher; Pupil; Pupils; Social integration; Social participation; Social behavior; Social behaviour; Primary education; Primary level; School year 04; Empirical study";"Deutsch";"Vergangene Studien konnten zeigen, dass individuelle Eigenschaften von Schüler*innen (z. B. Verhaltens- oder Lernprobleme) mit einer verminderten sozialen Akzeptanz (SA) durch die Mitschüler*innen einhergehen. Im Hinblick auf die Frage, welchen Einfluss Lehrkräfte auf diese Schieflage nehmen könnten, zeigen aktuelle Feldstudien auf, dass deren Feedbackverhalten im Unterricht möglicherweise die SA bedingt. Die bisherigen Feldstudien hierzu erfassten Lehrkraftfeedback (LF) durch Verhaltensbeobachtungen oder Peer-Ratings und nur wenig differenziert. Die aktuelle Studie repliziert zunächst die Ergebnisse einer bisherigen Studie, in der LF anhand eines Peer-Ratings erfasst wurde. Weitergehend wird erörtert, welche konkreten Inhaltsbereiche des LF in Zusammenhang mit der SA stehen. Hierfür wurde in einer Pilotstudie ein psychometrischer Fragebogen zum LF aus Perspektive der Feedbackempfangenden (FE) entwickelt (LF-FE Fragebogen), der die Bereiche Sozialverhalten, Lernverhalten, Schulleistung und Organisation für das positive und die Bereiche Sozialverhalten, Lernverhalten/Schulleistung sowie störendes Verhalten für das negative LF differenziert. In der Querschnittserhebung mit n = 577 Viertklässler*innen aus 27 Klassen zeigt sich, dass (auch unter statistischer Kontrolle von Verhaltens- und Lernproblemen) positives wie negatives LF signifikant mit der SA zusammenhängt, wobei der Zusammenhang mit positivem LF deskriptiv höher ausfällt (LF gemessen aus Perspektive der Mitschüler*innen). Darüber hinaus resultiert im Hinblick auf die Analyse der verschiedenen LFFE-Dimensionen (LF gemessen aus Perspektive der FE) lediglich ein statistisch signifikanter Zusammenhang mit positivem LF im Bereich Sozialverhalten. (DIPF/Orig.)";"Englisch";"In the past, several studies have shown that individual characteristics of students (e.g., behavioral or learning problems) are associated with reduced social acceptance (SA) by their peers. Regarding the question of how teachers can influence their students’ SA, recent field studies suggest that their feedback behavior may be an important factor. Previous field studies on this topic captured teacher feedback (TF) through behavioral observations or peer ratings and with little differentiation. The current study first replicates the results of a previous study in which TF was assessed using peer ratings. Furthermore, we discuss which specific content areas of TF are related to SA. For this purpose, a psychometric questionnaire on TF from the perspective of feedback recipients was developed in a pilot study, which differentiates social behavior, learning behavior, school performance, and organization for positive TF and social behavior, learning behavior/school performance, and disruptive behavior for negative TF. In the cross-sectional study with n = 577 students (fourth grade) from 27 classes, it is shown that (also by statistically controlling for behavioral and learning problems) both positive and negative TF are significantly related to SA, with a slightly higher correlation for positive TF (TF measured from the perspective of classmates). Furthermore, when analyzing the different feedback dimensions (TF measured from the perspective of the feedback recipients), there is only a statistically significant correlation with positive TF and social behavior. (DIPF/Orig.)";"2023";"Aufsatz (Zeitschrift)";"370";"ger";"";"1869-4845; 1869-4934";"Empirische Sonderpädagogik 15 (2023) 2, S. 177-192";"Pädagogische Teildisziplin: Empirische Bildungsforschung; Sonderpädagogik";"05.03.2024";"urn:nbn:de:0111-pedocs-290250";10.25656/01:29025;"Creative Commons Namensnennung - Nicht kommerziell 4.0 International";Peer-Review;"";"https://www.pedocs.de/volltexte/2024/29025/";"https://www.pedocs.de/volltexte/2024/29025/pdf/ESP_2023_2_Spilles_et_al_Der_Zusammenhang.pdf"
"29026";"Emotionale Belastungen von Jugendlichen in Krisenzeiten. Eine vergleichende Untersuchung an inklusiven und Förderschulen";"Hübner, Carina; Jungmann, Tanja";"Emotional strains of adolescents in times of crises in inclusive and special schools";"";"";"";"Originalveröffentlichung";"Sonderpädagogik; Psychische Gesundheit; Schüler; Affektive Entwicklung; Soziale Entwicklung; Internalisierung; Verhaltensauffälligkeit; Angst; Bewältigung; Förderschwerpunkt; Fragebogenerhebung; Empirische Untersuchung";"Remedial instruction sciences; Special education for the handicapped; Special needs education; Pupil; Pupils; Affective development; Social change; Social development; Anxiety; Coping; Questionnaire survey; Empirical study";"Deutsch";"Die Inzidenz emotionaler Belastungen im Kindes- und Jugendalter ist durch die pandemiebedingten Schulschließungen deutlich gestiegen. Da Jugendliche mit dem Förderschwerpunkt Emotionale und soziale Entwicklung (FSP EsE) über ungünstigere Coping-Strategien verfügen, um mit den Herausforderungen in krisengeprägten Zeiten umzugehen, wird erwartet, dass ihr emotionales Belastungserleben im Vergleich zu Kindern und Jugendlichen ohne FSP erhöht ist. Insgesamt nahmen N = 108 Jugendliche im Alter von 14;10 bis 17;4 Jahren an den Befragungen in Nordrhein-Westfalen teil, davon n = 68 mit und n = 40 ohne den FSP EsE. Von den Jugendlichen mit dem FSP ESE besuchten n = 38 eine Förderschule und n = 30 eine inklusive Schule. Die Erhebungen fielen mit dem Beginn der zweiten Welle der Corona-Pandemie und dem Beginn des Angriffskrieges Russlands in der Ukraine zusammen. Zur Erfassung des Angsterlebens wurde der Phobiefragebogen (PHOKI; Döpfner et al., 2006) eingesetzt. Das Erleben und die Bewältigung von Stress wurde über den SSKJ 3-8 R (Lohaus et al., 2018) erfasst. Unabhängig vom Vorliegen eines FSP und der Beschulungssituation sind die Werte in allen drei Gruppen auf den Skalen Trennungsängste, soziale Ängste sowie Schul- und Leistungsängste hoch. Marginal signifikante Unterschiede in den Schul- und Leistungsängsten sowie im Wohlbefinden sind zwischen Jugendlichen, die eine Förderschule besuchen und Jugendlichen ohne FSP nachweisbar. Signifikante Geschlechtsunterschiede ergeben sich zuungunsten der Mädchen. Die Professionalisierung des pädagogischen Personals und die Ausgestaltung der pädagogischen Begleitung in allen Schulsystemen muss verstärkt darauf ausgerichtet werden, auch die internalisierenden Problembelastungen der Jugendlichen zu erkennen und sie adäquat bei deren Bewältigung zu unterstützen. (DIPF/Orig.)";"Englisch";"The incidence of emotional stresses and strains in childhood and adolescence has risen due to pandemic-induced lockdowns of schools. Adolescents with emotional and behavioural difficulties (EBD) have disadvantageous strategies to cope with challenges in times of crisis. Therefore, we expected higher emotional stresses and strains in comparison to children and adolescents without EBD. In total, N = 108 adolescents aged 14;10 to 17;4 years participated in the survey in North Rhine-Westphalia, n = 68 with and n = 40 without EBD. Of those with special needs, n = 38 attended a special school and n = 30 an inclusive school. The survey coincided with the second wave of the Corona pandemic and with the start of the Russian war of aggression against the Ukraine. We assessed anxiety experiences with the phobia questionnaire (PHOKI; Döpfner et al., 2006). To assess experiences of stress and coping strategies, we administered the SSKJ 3-8 R (Lohaus et al., 2018). Independent of EBD and the educational setting, separation anxiety, social anxiety, as well as school and achievement anxieties are high. Scores of adolescents with and without EBD differed marginally significant in school anxiety, achievement anxiety, and wellbeing. Above, we found significant gender effects disadvantaging the girls. Pedagogical staff and the arrangement of pedagogical attendance should be geared to a stronger extent to detect and adequately foster adolescents with internalizing problems. (DIPF/Orig.)";"2023";"Aufsatz (Zeitschrift)";"370";"ger";"";"1869-4845; 1869-4934";"Empirische Sonderpädagogik 15 (2023) 3, S. 199-213";"Pädagogische Teildisziplin: Empirische Bildungsforschung; Sonderpädagogik";"05.03.2024";"urn:nbn:de:0111-pedocs-290264";10.25656/01:29026;"Creative Commons Namensnennung - Nicht kommerziell 4.0 International";Peer-Review;"";"https://www.pedocs.de/volltexte/2024/29026/";"https://www.pedocs.de/volltexte/2024/29026/pdf/ESP_2023_3_Huebner_Jungmann_Emotionale_Belastungen.pdf"
"29027";"An integrated model for school-based mental health assessment in inclusive education";"Casale, Gino; Reyes, Andres de los";"Ein integriertes Modell zur Diagnostik der psychischen Gesundheit von Schülerinnen und Schülern in inklusiven Schulen";"";"";"";"Originalveröffentlichung";"Sonderpädagogik; Empirische Untersuchung; Psychische Gesundheit; Schüler; Diagnostik; Inklusion; Schule; Mental Health; Modell";"Remedial instruction sciences; Special education for the handicapped; Special needs education; Empirical study; Pupil; Pupils; Diagnostic; Inclusion; School";"Englisch";"Mental health problems impact students’ social, emotional, and academical development, and as such these problems strongly predict learning difficulties and academic achievement generally. Students with disabilities and special needs are at greater risk for mental health problems. The assessment of mental health problems in students is therefore an important task for service providers in inclusive classrooms (especially special education teachers) in order to inform evidence-based school mental health services. In this paper, we propose an integrated conceptual model for assessing mental health in students in inclusive classrooms. The new model incorporates the consideration of teachers' professional competence in assessment, early identification of mental health problems, the contextualization of multi-informant data (e.g., students, parents, teachers), and the use of evidence-based yet usable methods. The model is specified to inclusive school contexts, and incorporated into a Multi-tiered System of Support (MTSS) framework. (DIPF/Orig.)";"Deutsch";"Probleme der psychischen Gesundheit beeinflussen die soziale, emotionale und akademische Entwicklung von Schülerinnen und Schülern. Dementsprechend können sie Lernschwierigkeiten und Schulleistungen der betroffenen Kinder und Jugendlichen bedingen. Schülerinnen und Schüler mit Behinderungen bzw. sonderpädagogischem Förderbedarf haben ein erhöhtes Risiko für die Entwicklung von psychischen Problemen. Die Diagnostik der psychischen Gesundheit ist dementsprechend eine wichtige Aufgabe für professionelle Fachkräfte (insbesondere Lehrkräfte für sonderpädagogische Förderung) in inklusiven Klassen, um eine Datengrundlage für evidenzbasierte schulische Förderung der psychischen Gesundheit zu schaffen. In diesem Beitrag schlagen wir ein integriertes konzeptionelles Modell für die Diagnostik der psychischen Gesundheit von Schülerinnen und Schülern in inklusiven Klassen vor. Das neue Modell verbindet die professionelle diagnostische Kompetenz von Lehrkräften, die frühzeitige Erkennung psychischer Probleme, die Kontextualisierung diagnostischer Daten aus Schüler-, Lehrkraft und Elternsicht sowie die Nutzung von evidenzbasierten und gleichzeitig anwendbaren Diagnose- und Fördermethoden. Das Modell wird für inklusive Settings spezifiziert und in den Kontext mehrstufiger Diagnose- und Fördersysteme eingebettet. (DIPF/Orig.)";"2023";"Aufsatz (Zeitschrift)";"370";"eng";"";"1869-4845; 1869-4934";"Empirische Sonderpädagogik 15 (2023) 3, S. 214-233";"Pädagogische Teildisziplin: Empirische Bildungsforschung; Sonderpädagogik";"05.03.2024";"urn:nbn:de:0111-pedocs-290272";10.25656/01:29027;"Creative Commons Namensnennung - Nicht kommerziell 4.0 International";Peer-Review;"";"https://www.pedocs.de/volltexte/2024/29027/";"https://www.pedocs.de/volltexte/2024/29027/pdf/ESP_2023_3_Casale_Ryes_An_integrated_model.pdf"
"29028";"Unsichere Bindung, Emotionsregulationsstrategien und internalisierende Verhaltensprobleme bei Schüler*innen im Förderschwerpunkt emotionale und soziale Entwicklung";"Bolz, Tijs; Wilke, Jessica; Vesterling, Christina; Rademacher, Annika; Düring, Ute von";"Insecure attachment, emotion regulation strategies, and internalizing behavioral problems students with emotional and behavioral disorders";"";"";"";"Originalveröffentlichung";"Sonderpädagogik; Empirische Untersuchung; Psychische Gesundheit; Schüler; Bindung; Internalisierung; Verhaltensauffälligkeit; Emotionales Verhalten; Förderbedarf; Affektive Entwicklung; Soziale Entwicklung; Bindungstheorie; Querschnittuntersuchung; Pfadanalyse; Fragebogenerhebung; Selbsteinschätzung";"Remedial instruction sciences; Special education for the handicapped; Special needs education; Empirical study; Pupil; Pupils; Emotional response; Affective development; Social change; Social development; Path analysis; Questionnaire survey; Self-rating";"Deutsch";"Internalisierende Verhaltensprobleme gelten als essentieller Risikofaktor für das soziale, emotionale und schulische Wohlbefinden. Insbesondere Schülerinnen und Schüler mit einem Bedarf an sonderpädagogischer Unterstützung im Förderschwerpunkt der emotionalen und sozialen Entwicklung (ESE) weisen häufiger internalisierende Verhaltensprobleme auf. Die Grundannahmen der Bindungstheorie sowie die theoretischen Modelle der Entwicklungspsychologie bieten Erklärungsansätze für die Entstehung und das Verfestigen von Verhaltensproblemen. Die vorliegende Querschnittuntersuchung überprüft mittels Pfadanalyse direkte und indirekte Effekte von unsicheren Bindungsrepräsentationen auf funktionale und dysfunktionale Emotionsregulationsstrategien sowie auf internalisierende Verhaltensprobleme. Es wurden 141 Schülerinnen und Schüler (Alter = 7–15 Jahre) aus Förderschulen mit dem Schwerpunkt ESE mittels Selbsteinschätzungsfragebogen zu den zwei unsicheren Bindungsdimensionen — bindungsbezogene Angst und bindungsbezogene Vermeidung — sowie zu funktionalen und dysfunktionalen Emotionsregulationsstrategien (internale und externale) befragt. Die internalisierenden Verhaltensprobleme der Schülerinnen und Schüler wurden aus Perspektive der Sorgeberechtigten erhoben und differenziert nach den drei Skalen ängstlich/depressive Symptome, körperliche Beschwerden sowie rückzüglich/depressive Symptome ausgewertet. Die Ergebnisse der Pfadanalyse zeigen einen positiven Effekt von bindungsbezogener Angst und internal-dysfunktionaler Emotionsregulation auf körperliche Beschwerden. Des Weiteren deuten die Ergebnisse auf einen positiven Effekt von bindungsbezogener Vermeidung und internal-dysfunktionaler Emotionsregulation auf ängstlich/depressive Symptome hin. Zudem lassen sich verschiedene indirekte Effekte feststellen. Der Zusammenhang zwischen bindungsbezogener Angst und körperlichen Beschwerden wird durch internal-dysfunktionale sowie internal-funktionale Emotionsregulation mediiert. Der Zusammenhang zwischen bindungsbezogener Vermeidung und körperlichen Beschwerden wird durch internal-funktionale Emotionsregulation mediiert. Die Ergebnisse verdeutlichen die Relevanz von Bindungsdimensionen für Emotionsregulationsstrategien sowie internalisierende Verhaltensprobleme. Auf dieser Grundlage werden Limitationen und mögliche Implikationen für die zielgerichtete Förderung der psychischen Gesundheit von Schülerinnen und Schülern diskutiert. (DIPF/Orig.)";"Englisch";"Internalizing behavior problems are considered an essential risk factor for social-emotional and academic well-being. In particular, students with a need for special educational support in emotional and social development exhibit internalizing behavior problems. The basic assumptions of attachment theory as well as theoretically based models of developmental psychology offer explanations for the development and perpetuation of behavioral problems. The present cross-sectional study uses path analysis to examine direct and indirect effects of insecure attachment representations on functional and dysfunctional emotion regulation strategies and internalizing behavior problems. In total 141 children (7–15 years) attending special needs school for students with emotional and behavioral difficulties filled out self-report questionnaires, which assessed insecure attachment dimensions—attachment-related anxiety and attachment-related avoidance—and functional and dysfunctional emotional regulation. Students internalizing behavior problems were assessed from the perspective of caregivers and differentiated according to three scales: anxious/depressive symptoms, physical complaints, and regressive/depressive symptoms. The results of the path analysis show a positive effect of attachment-related anxiety and internal-dysfunctional emotion regulation on physical complaints. Furthermore, results suggest a positive effect of attachment-related avoidance and internal-dysfunctional emotion regulation on anxious/depressive symptoms. Additionally, various indirect effects can be identified. The association between attachment-related anxiety and physical complaints is mediated by internal-dysfunctional as well as internal-functional emotion regulation. The association between attachment-related avoidance and physical complaints is mediated by internal-functional emotion regulation. The results indicate the relevance of attachment dimensions in special needs schools. Methodological limitations, as well as initial implications for prevention and intervention measures will be discussed. (DIPF/Orig.)";"2023";"Aufsatz (Zeitschrift)";"370";"ger";"";"1869-4845; 1869-4934";"Empirische Sonderpädagogik 15 (2023) 3, S. 234-251";"Pädagogische Teildisziplin: Empirische Bildungsforschung; Sonderpädagogik";"05.03.2024";"urn:nbn:de:0111-pedocs-290286";10.25656/01:29028;"Creative Commons Namensnennung - Nicht kommerziell 4.0 International";Peer-Review;"";"https://www.pedocs.de/volltexte/2024/29028/";"https://www.pedocs.de/volltexte/2024/29028/pdf/ESP_2023_3_Bolz_et_al_Unsichere_Bindung.pdf"
"29029";"How relevant is teacher- and student-perceived relationship quality for mental health in special and regular schools?";"Vösgen-Nordloh, Meike; Leidig, Tatjana; Koomen, Helma; Casale, Gino; Hennemann, Thomas; Bolz, Tijs";"Wie wichtig ist die aus Lehrkraft- und Schüler:innensicht wahrgenommene Beziehungsqualität für psychische Gesundheit in Förder- und Regelschulen?";"";"";"";"Originalveröffentlichung";"Sonderpädagogik; Empirische Untersuchung; Psychische Gesundheit; Schüler; Schüler-Lehrer-Beziehung; Psychische Entwicklung; Allgemein bildende Schule; Sonderschule; Psychische Störung";"Remedial instruction sciences; Special education for the handicapped; Special needs education; Empirical study; Pupil; Pupils; Pupil-teacher relation; Pupil-teacher relationship; Psychic development; Psychological development; General education school; School for the handicapped; Special needs school; Special school; Mental disturbance";"Englisch";"Although current research indicates that sustainable dyadic teacher-student relationships (TSRs) can be socially protective against mental health problems, these findings refer primarily to teacher-perceived TSRs in regular schools (cf. Van Bergen et al., 2020). Therefore, this cross-sectional study examined how teacher- and student-perceived TSRs, as well as the disagreements of both perspectives, predict mental health problems in regular and special schools. A total of 228 students from German regular schools (M = 12.27), 245 students from German special schools for social, emotional, and behavioural difficulties (SEBD; M = 13.42), and their class teachers were surveyed about their perceived TSRs using the STRS (closeness, conflict, dependency; Pianta, 2001) and the SPARTS (closeness, conflict, negative expectations; Koomen & Jellesma, 2015). Teachers rated students’ mental health problems using the SDQ (Goodman, 2005). Multilevel analyses showed that dependency and conflict were positively related to mental health problems in both school types, with the effect of conflict being lower in special schools. A positive association between negative expectations and mental health problems was only found in special schools. In both school types, mental health problems increased, the more conflict-perceptions differed (in that teachers rated conflict higher). In special schools, mental health problems decreased with a greater disagreement of closeness-perceptions (in that students rated closeness higher). These results indicate that reducing conflict and dependency may buffer mental health problems in both school types, and reducing negative expectations in special schools. Addressing disagreements in conflict-perceptions seems to be important for both school types and addressing closeness-disagreements for special schools. (DIPF/Orig.)";"Deutsch";"Der bisherige Forschungsstand weist zwar darauf hin, dass eine tragfähige dyadische Lehrer*in-Schüler*in-Beziehung (LSB) ein sozialer Schutzfaktor gegenüber psychischen Problemen sein kann, bezieht sich dabei aber vornehmlich auf die lehrkraftbeurteilte LSB sowie auf das Regelschulsetting (zur Kritik vgl. Van Bergen et al., 2020). Deswegen untersuchte diese Querschnittsstudie, inwiefern die aus Lehrkraft- und Schüler*innensicht wahrgenommene LSB sowie die Nicht-Übereinstimmungen beider Perspektiven psychische Probleme in Regel- und Förderschulen vorhersagen. 228 Schüler*innen aus Regelschulen (M = 12.27) und 245 Schüler*innen aus Förderschulen mit dem Förderschwerpunkt Emotionale und soziale Entwicklung (FSP ESE; M = 13.42) sowie ihre Lehrkräfte wurden mit der STRS (Nähe, Konflikt, Abhängigkeit; Pianta, 2001) und SPARTS (Nähe, Konflikt, Negative Erwartungen; Koomen & Jellesma, 2015) zur wahrgenommenen LSB befragt. Lehrkräfte beurteilten die psychischen Probleme der Schüler*innen mittels SDQ (Goodman, 2005). Mehrebenenanalysen zeigten positive Zusammenhänge von Abhängigkeit sowie Konflikt mit psychischen Problemen, wobei der Effekt des Konflikts in Förderschulen geringer war. Ein positiver Zusammenhang zwischen Negativen Erwartungen und psychischen Problemen zeigte sich nur in Förderschulen. In beiden Schulformen stiegen psychische Probleme, umso stärker die Wahrnehmungen des Konflikts voneinander abwichen (insofern, als Lehrkräfte Konflikt höher einschätzten). In der Förderschule sanken psychische Probleme bei stärkerer Nähe-Wahrnehmungsabweichung (insofern, als Schüler*innen Nähe höher einschätzten). Die Ergebnisse deuten darauf hin, dass das Reduzieren von Konflikt und Abhängigkeit in beiden Schulformen und die Reduktion von Negativen Erwartungen insbesondere in Förderschulen einen mildernden Einfluss auf psychische Probleme haben kann. Die Auseinandersetzung mit Konflikt-Diskordanzen scheint relevant für beide Schulformen und die Auseinandersetzung mit Nähe-Diskordanzen bedeutsam für die Förderschule zu sein. (DIPF/Orig.)";"2023";"Aufsatz (Zeitschrift)";"370";"eng";"";"1869-4845; 1869-4934";"Empirische Sonderpädagogik 15 (2023) 3, S. 252-274";"Pädagogische Teildisziplin: Empirische Bildungsforschung; Sonderpädagogik";"05.03.2024";"urn:nbn:de:0111-pedocs-290294";10.25656/01:29029;"Creative Commons Namensnennung - Nicht kommerziell 4.0 International";Peer-Review;"";"https://www.pedocs.de/volltexte/2024/29029/";"https://www.pedocs.de/volltexte/2024/29029/pdf/ESP_2023_3_Voesgen-Nordloh_et_al_How_relevant_is.pdf"
"29030";"Transition von der Sekundarstufe 1 in die Sekundarstufe 2. Einfluss einer diagnostizierten Angststörung oder Depression im Jugendalter auf nachobligatorische Ausbildungsverläufe";"Lustenberger, Sara; Wicki, Matthias; Brandenberg, Kathrin; Wüthrich, Sergej; Sahli Lozano, Caroline";"Transition from lower to upper secondary education. Influence of a diagnosed anxiety disorder or depression during adolescence on post-compulsory education trajectories";"";"";"";"Originalveröffentlichung";"Sonderpädagogik; Empirische Untersuchung; Psychische Gesundheit; Schüler; Angststörung; Depression; Jugendlicher; Übergang Sekundarstufe I - Sekundarstufe II; Inklusion; Psychische Krankheit; Ausbildungsverlauf; Übergang Schule - Beruf; Längsschnittuntersuchung";"Remedial instruction sciences; Special education for the handicapped; Special needs education; Empirical study; Pupil; Pupils; Adolescent; Inclusion; Mental disease; Longitudinal analysis; Longitudinal study";"Deutsch";"Der negative Einfluss psychischer Erkrankungen wie Angststörung oder Depression während des Jugendalters auf den weiteren Lebenslauf ist gut dokumentiert. Über deren Einfluss auf den Verlauf der nachobligatorischen Ausbildung ist jedoch deutlich weniger bekannt, obwohl Ausbildungsverläufe den weiteren Lebenslauf maßgeblich beeinflussen. Die vorliegende Studie untersucht deshalb, inwiefern eine diagnostizierte Angststörung oder Depression (Angststörung/Depression) auf Sekundarstufe 1 (Sek1) eine Ausbildungssituation mit niedrigerem Anforderungsniveau oder eine kritische Transition auf Sekundarstufe 2 (Sek2) begünstigen können. Die Analysen basieren auf einer Längsschnittstichprobe von 1369 jungen Erwachsenen (Sek2: M = 19.08 Jahre). Regressionsanalysen und ein Propensity-Score-Matching wurden verwendet, um bezüglich leistungs-, eignungsbezogener und askriptiver Merkmale vergleichbare junge Erwachsene mit und ohne diagnostizierte Angststörung/Depression in der Sek1 zu untersuchen. Eine diagnostizierte Angststörung/Depression auf Sek1 hing signifikant mit einer Ausbildungssituation mit niedrigerem Anforderungsniveau (OR = 0.54, p = .032) auf Sek2 und einem größeren Risiko eines verzögerten Ausbildungseinstiegs (z.B. OR = 6.00, p = .004, drittes Jahr Sek2) zusammen; bei denjenigen jungen Erwachsenen, die einen Ausbildungseinstig geschafft haben, zeigte sich jedoch kein Unterschied bezüglich des Anforderungsniveaus (OR = 0.81, p = .469). Eine diagnostizierte Angststörung/Depression auf Sek1 hing zudem mit einem größeren Risiko eines Ausbildungsabbruchs (OR = 4.40, p < .001) oder Lehrbetriebswechsels (OR = 4.44, p = .001) zusammen. Die Ergebnisse unterstreichen die Wichtigkeit der Prävention, Früherfassung und Behandlung von Angststörung/Depression im Jugendalter. Insbesondere sollten die betroffenen Jugendlichen beim Einstieg in eine nachobligatorische Ausbildung unterstützt werden (Berufsorientierungsprozess, Bewerbungsprozess, Ausbildungs- und Lehrstellensuche). Je früher eine psychische Erkrankung diagnostiziert und behandelt wird, desto besser ist die Prognose für den Rest des Lebens. (DIPF/Orig.)";"Englisch";"The negative influence of anxiety disorders or depression during adolescence on the further life course is well documented. However, less is known about their influence on post-compulsory education even though post-compulsory education trajectories themselves also affect the life course. The present study investigates whether a diagnosed anxiety disorder or depression (anxiety/depression) during lower secondary education (LSE) is a risk factor for an upper secondary education (USE) with a lower level of demand or a critical transition to USE. Analyses are based on a longitudinal sample of 1369 young adults (during USE: M = 19.08 years). Regression analyses and propensity score matching was used to examine comparable participants (in terms of achievement, aptitude, and ascriptive characteristics) with and without anxiety/depression during LSE. Anxiety/depression during LSE was significantly related to an USE with lower level of demand (OR = 0.54, p = .032) and a greater risk of not having started an USE (OR = 6.00, p = .004) at the third year of USE; however, those who have started an USE did not differ in terms of level of demand (OR = 0.81, p = .469). Furthermore, anxiety/depression during LSE was a risk factor for a discontinuation in education (OR = 4.40, p < .001) or change of apprenticeship company (OR = 4.44, p = .001) at USE. These findings show the importance of prevention, early intervention, and treatment of anxiety disorders and depression in adolescence. Affected adolescents should be supported when entering USE (career orientation process, application process, education, and apprenticeship search). The earlier a mental illness is diagnosed and treated, the better the prognosis for the rest of life. (DIPF/Orig.)";"2023";"Aufsatz (Zeitschrift)";"370";"ger";"";"1869-4845; 1869-4934";"Empirische Sonderpädagogik 15 (2023) 3, S. 275-293";"Pädagogische Teildisziplin: Empirische Bildungsforschung; Sonderpädagogik";"05.03.2024";"urn:nbn:de:0111-pedocs-290308";10.25656/01:29030;"Creative Commons Namensnennung - Nicht kommerziell 4.0 International";Peer-Review;"";"https://www.pedocs.de/volltexte/2024/29030/";"https://www.pedocs.de/volltexte/2024/29030/pdf/ESP_2023_2_Lustenberger_et_al_Transition_von_der.pdf"
"30862";"Elterliche Sexualaufklärung von Kindern und Jugendlichen mit geistiger Behinderung als Anknüpfungspunkt für die Prävention sexuellen Missbrauchs";"Lämmerhirt, Lara Scarlett; Cigelski, Maike; Seeler, Isabelle von; Pülschen, Simone";"Parental sexuality education of children and adolescents with intellectual disabilities to help prevent child sexual abuse";"";"";"";"Originalveröffentlichung";"Sonderpädagogik; Sexueller Missbrauch; Sexuelle Gewalt; Sexualaufklärung; Eltern; Prävention; Geistige Behinderung; Kind; Empirische Untersuchung; Interview; Deutschland";"Remedial instruction sciences; Special education for the handicapped; Special needs education; Sexual abuse; Sex education; Parents; Prevention; Oligophrenia; Child; Empirical study; Germany";"Deutsch";"Kinder und Jugendliche mit geistiger Behinderung (gB) sowie deren Eltern werden oftmals übersehen, wenn Präventionsmaßnahmen gegen sexuellen Kindesmissbrauch (SKM) erarbeitet werden. Da Menschen mit gB einem erhöhten Missbrauchsrisiko ausgesetzt sind (Mailhot Amborski et al., 2021), ist diese Tatsache besonders problematisch. Ungünstig ist ebenso, dass sich Eltern mit der Aufklärung ihrer (nicht-)beeinträchtigten Kinder oftmals überfordert fühlen (Ortland, 2020), diese jedoch den Grundstein für das Gelingen von Präventionsmaßnahmen legt. In Leitfadeninterviews (N = 14) wurde die elterliche Praxis der sexuellen Aufklärung von Kindern mit gB beleuchtet und der Unterstützungsbedarf von Eltern erfragt. Im Fokus stand dabei insbesondere der Beitrag der sexuellen Aufklärung zur Prävention von SKM. Da Eltern im Kontext sexueller Aufklärung als Hauptansprechpersonen für ihr Kind mit gB gelten, sollen so mögliche Ansatzpunkte für die Gestaltung zukünftiger Präventionsmaßnahmen aufgezeigt werden. Die Interviews wurden mittels (inhaltlich) strukturierender Inhaltsanalyse (Mayring, 2022) ausgewertet und ein Drittel der Daten zwecks Überprüfung der Intercoder-Übereinstimmung doppelt kodiert. Nur wenige Eltern gingen von einem erhöhten Missbrauchsrisiko ihres Kindes mit gB aus, dennoch gaben drei Viertel an, bereits ein Aufklärungsgespräch mit ihrem Kind geführt zu haben. Gleichzeitig beschrieben die Befragten Unsicherheiten in der Herangehensweise und bekundeten großes Interesse an der Teilnahme an einem Präventionsprogramm. Die Ergebnisse der Interviewstudie verdeutlichen, dass Eltern von Kindern mit gB Unterstützung im Hinblick auf sexuelle Bildung und Aufklärung benötigen. (DIPF/Orig.)";"Englisch";"Children and adolescents with intellectual disabilities (ID) and their parents are often overlooked when prevention measures against child sexual abuse (CSA) are developed and implemented. As people with ID are at increased risk of abuse (Mailhot Amborski et al., 2021), this fact is particularly problematic. It is also unfavourable that parents often feel overwhelmed by the task of educating their (non-)disabled children (Ortland, 2020), but education lays the foundation for the success of prevention measures. Guided interviews (N = 14) were conducted to shed light on parental practices of sexual education for children with ID and to inquire about parents' support needs. In particular, the focus was on the contribution of sexual education to the prevention of sexual abuse. Since parents of children with ID are with regard to education considered the main contact persons for their child the aim is to identify possible starting points for the design of future prevention measures. The interviews were analyzed using structuring content analysis (Mayring, 2022), and one-third of the data were double-coded for the purpose of checking intercoder agreement. Few parents thought that their child was at increased risk of abuse because of ID, but three quarters said that they had counseled their child. At the same time, the interviewees described uncertainties in the approach and expressed great interest in participating in a prevention program. The results of the interview study show that parents of children with ID need support with regard to sexual education and awareness. (DIPF/Orig.)";"2024";"Aufsatz (Zeitschrift)";"370";"ger";"";"1869-4845; 1869-4934";"Empirische Sonderpädagogik 16 (2024) 1, S. 3-17";"Pädagogische Teildisziplin: Empirische Bildungsforschung; Sonderpädagogik";"03.09.2024";"urn:nbn:de:0111-pedocs-308626";10.25656/01:30862;"Creative Commons Namensnennung - Nicht kommerziell 4.0 International";Peer-Review;"";"https://www.pedocs.de/volltexte/2024/30862/";"https://www.pedocs.de/volltexte/2024/30862/pdf/ESP_2024_1_Laemmerhirt_et_al_Elterliche_Sexualaufklaerung.pdf"
"30863";"Eine explorative Interviewstudie über die Bereitschaft zur inklusiven Freizeitgestaltung";"Bleuel, Sophie; Hofer, Federica";"An exploratory interview study into the willingness to organize leisure activities inclusively";"";"";"";"Originalveröffentlichung";"Sonderpädagogik; Empirische Untersuchung; Inklusion; Freizeitgestaltung; Freizeit; Behindertenrecht; Qualitative Analyse; Explorative Studie; Interview; Fragebogenerhebung; Schweiz";"Remedial instruction sciences; Special education for the handicapped; Special needs education; Empirical study; Inclusion; Recreational activities; Leisure time; Qualitative analysis; Questionnaire survey; Switzerland";"Deutsch";"Die UN-BRK hält das Recht auf gleichberechtigte Teilhabe auch im Freizeitbereich fest. Durch seine Vielfältigkeit wird dieser Bereich im öffentlichen Diskurs sowie der Forschung jedoch vernachlässigt und seine Relevanz für Inklusion erst in den letzten Jahren vermehrt untersucht. Die hohe Bedeutsamkeit von Freizeit für Inklusion wird durch die in ihr befriedigten Bedürfnisse deutlich. Ziel der Studie war es, die Bereitschaft der Anbietenden zur inklusiven Gestaltung in Basel, Bern und Zürich zu erfassen. Dafür wurde ein Mixed-Methods-Ansatz gewählt: Mittels Fragebögen wurden die Teilhabemöglichkeiten für alle in „Regelangeboten“ (N = 128) und „Sonderangeboten“ (N = 20) ermittelt. Aus diesen Antworten wurden induktive Kategorien gebildet, die als Grundlage für die danach geführten problemzentrierten Interviews mit Anbietenden inklusiver Freizeitangebote genutzt wurden. Diese wurden wiederum mit einer induktiven Kategorienbildung nach Mayring ausgewertet, wobei die Analyse mithilfe von QCAmap durchgeführt wurde. Die Ergebnisse zeigen, dass die Aspekte Wertorientierung (Entscheidungshilfe bezüglich der gesellschaftlichen Aufgabe), Handlungspotenziale und -hindernisse (manifeste Aspekte der Umsetzung) und handlungsorientiertes Wissen (konkrete Anpassungsmöglichkeiten) ausschlaggebend für die Bereitschaft der Freizeitanbietenden sind, ihr Angebot inklusiv zu gestalten. (DIPF/Orig.)";"Englisch";"The CRPD stipulates the right to equal participation also in the field of leisure. However, due to its diversity this area has been neglected in public discourse and research. Its relevance for inclusion has found increased interest only in recent years. The significance of leisure for inclusion becomes evident in the needs satisfied in it. The aim of the study was to assess the willingness shown by leisure providers in Basel, Bern and Zurich to organize their activities inclusively. A mixed-methods approach was chosen: Questionnaires were used to determine the participation opportunities for all in 'regular activities' (N = 128) and 'special activities' (N = 20). Then, inductive categories were formed from its results. In a further step these served as a basis for the problem-centered interviews with providers of inclusive leisure activities. These were subjected to inductive categorization using QCAmap. The results show that the aspects values (to decide whether it is a social duty), action potentials and obstacles (as manifest aspects of implementation) and action-oriented knowledge (as concrete possibilities for adaptation) are crucial to determine the willingness to organize inclusive leisure activities. (DIPF/Orig.)";"2024";"Aufsatz (Zeitschrift)";"370";"ger";"";"1869-4845; 1869-4934";"Empirische Sonderpädagogik 16 (2024) 1, S. 18-32";"Pädagogische Teildisziplin: Empirische Bildungsforschung; Sonderpädagogik";"03.09.2024";"urn:nbn:de:0111-pedocs-308636";10.25656/01:30863;"Creative Commons Namensnennung - Nicht kommerziell 4.0 International";Peer-Review;"";"https://www.pedocs.de/volltexte/2024/30863/";"https://www.pedocs.de/volltexte/2024/30863/pdf/ESP_2024_1_Bleuel_Hofer_Eine_explorative_Interviewstudie.pdf"
"30864";"Textbezogene Förderung des Sichtwortschatzes bei Schülerinnen und Schülern mit intellektueller Beeinträchtigung";"Tebbe, Marc; Zurbriggen, Carmen";"Text-based sight word instruction for students with intellectual disabilities";"";"";"";"Originalveröffentlichung";"Sonderpädagogik; Empirische Untersuchung; Wortschatz; Schüler; Geistige Behinderung; Schriftspracherwerb; Literaturunterricht; Förderung; Lesekompetenz; Leseförderung; Fallstudie; Interventionsstudie";"Remedial instruction sciences; Special education for the handicapped; Special needs education; Empirical study; Vocabulary; Pupil; Pupils; Oligophrenia; Teaching of literature; Reading competence; Promotion of reading; Support for reading improvement; Case Studies (Education); Case study";"Deutsch";"Im Fokus des Beitrages steht eine Interventionsstudie zur Förderung des Sichtwortschatzes von Schüler*innen mit intellektueller Beeinträchtigung. Die Förderung erfolgte durch wiederholtes Wortlesen, systematische Analyse und Synthese der fokussierten Wörter sowie dem Lesen von verbundenem Text, der diese Wörter enthält. Diese Förderung fand im Rahmen eines umfassenden Literaturprojektes zum Kinderroman 'Emil und die Detektive' statt, der zu diesem Zweck für diese Schüler*innengruppe adaptiert wurde. Zur Überprüfung des Lernfortschritts wurde durch kontrollierte Einzelfallstudien in einem multiplen Baseline-Design während zehn Wochen zweimal pro Woche bei sechs Schüler*innen aus zwei Klassen der Verlauf von drei textbezogenen Sichtwortschätzen erhoben. Die Schüler*innen im Alter von 11;5 bis 16;2 Jahre mit einem Intelligenzquotienten von 57 bis 66 verfügten über basale Lesekompetenzen. Die Analysen zeigten in der vergleichsweise kurzen Förderdauer von zehn Wochen für die Schüler*innen moderate Lerneffekte bei insgesamt großer Varianz, wobei die Anstiege im Level und in der Steigung signifikant waren. Die Ergebnisse deuten darauf hin, dass eine textbezogene Förderung des Sichtwortschatz durch wiederholtes Wortlesen, analytisch-synthetische Wortarbeit und Textlesen eine wirksame Kombination von Förderstrategien im Schriftspracherwerb von Schüler*innen mit intellektuellen Beeinträchtigungen sein können. Die Grenzen der Studie, die Implikationen der Befunde und weiterführende Fragestellungen werden diskutiert. (DIPF/Orig.)";"Englisch";"This article presents an intervention study to enhance the sight word vocabulary of students with intellectual disabilities. The instruction involved repeated word reading, systematic analysis and synthesis of the focused words, and reading connected text that incorporated these words. The study was conducted as part of a comprehensive literature project centered around the children's novel 'Emil and the Detectives,' which was adapted specifically for this group of students. To assess the learning progress, three sets of text-related sight words were collected twice a week from six students belonging to two classes, utilizing single case multiple baseline studies over a period of ten weeks. The students, aged 11;5 to 16;2 years, possessed basic reading skills and had IQ scores ranging from 57 to 66. The analyses revealed moderate learning effects among the students, with a considerable degree of variation. However, the changes observed in both level and trend were statistically significant. The findings suggest that an instructional approach that combines repeated word reading, systematic working with words and text reading can be an effective strategy for enhancing the acquisition of written language skills among students with intellectual disabilities. The study acknowledges its limitations and discusses the implications of the results, while also highlighting avenues for further research. (DIPF/Orig.)";"2024";"Aufsatz (Zeitschrift)";"370";"ger";"";"1869-4845; 1869-4934";"Empirische Sonderpädagogik 16 (2024) 1, S. 33-53";"Pädagogische Teildisziplin: Empirische Bildungsforschung; Sonderpädagogik";"03.09.2024";"urn:nbn:de:0111-pedocs-308644";10.25656/01:30864;"Creative Commons Namensnennung - Nicht kommerziell 4.0 International";Peer-Review;"";"https://www.pedocs.de/volltexte/2024/30864/";"https://www.pedocs.de/volltexte/2024/30864/pdf/ESP_2024_1_Tebbe_Zurbriggen_Textbezogene_Foerderung.pdf"
"30865";"EXPE-B: Überprüfung der psychometrischen Eigenschaften und Anregungen für die Weiterentwicklung";"Schulze, Sarah; Falk, Franz; Schröter, Anne; Kuhl, Jan";"EXPE-B: Examination of the psychometric characteristics and suggestions for further development";"";"";"";"Originalveröffentlichung";"Sonderpädagogik; Empirische Untersuchung; Psychometrie; Einstellung <Psy>; Einstellungsmessung; Behinderung; Replikation; Messinstrument; Validität; Student; Kriteriumstest; Studie; Umfrage";"Remedial instruction sciences; Special education for the handicapped; Special needs education; Empirical study; Psychometry; Attitude measurement; Handicap; Measurement instrument; Male student; Criterion Referenced Test; Criterion Refererenced Tests; Criterion-referenced test";"Deutsch";"Die Erfassung des latenten Konstrukts Einstellungen zu Behinderung erfordert valide und reliable Instrumente. Mit dem EXPE-B (Schröter et al., 2018) soll ein solches Instrument vorliegen, welches die expliziten Einstellungen zu Behinderung über zwei Faktoren misst: Persönlicher Kontakt und Strukturelle Diskriminierung. Der EXPE-B wurde bereits mit zufriedenstellenden Ergebnissen in ersten Validierungsstudien geprüft. Da sich die Gültigkeit der Befunde durch ihre Replikation stärkt, bestehen die Ziele der vorliegenden Studie in der erneuten Prüfung (1) der Itemschwierigkeiten, -varianzen, -trennschärfen und der internen Konsistenz, (2) der Faktorenstruktur (3) der Messinvarianz sowie (4) der Konstruktvalidität des EXPE-B. Die Prüfung erfolgte auf Basis der Daten einer größer angelegten Panelstudie, in der Studierende verschiedener Lehramtsstudiengänge sowie Studierende rehabilitationswissenschaftlicher und erziehungswissenschaftlicher Studiengänge (N = 695) zu ihren Einstellungen zu Inklusion und zu verwandten Konstrukten befragt wurden. Die Ergebnisse zeigen, dass einige Items den angelegten Kriterien nicht entsprechen und dass die ursprünglich angenommene zweifaktorielle Struktur des Instruments diskutiert werden muss. Auf Basis der Ergebnisse einer explorativen Faktorenanalyse schlagen wir ein fünffaktorielles Modell vor, welches Implikationen für die Weiterentwicklung des EXPE-B eröffnet. (DIPF/Orig.)";"Englisch";"Measuring the latent construct attitudes towards disability requires valid and reliable instruments. The EXPE-B (Schröter et al., 2018) is intended to be such an instrument which measures explicit attitudes toward disability by two factors: Personal contact and structural discrimination. The EXPE-B has already been tested in first validation studies, with satisfying results. Since the validity of the findings is strengthened by their replication, the aims of the present study were to test (1) item difficulties, variances, discriminant power and internal consistency, (2) measurement model, (3) measurement invariance as well as (4) construct validity of the EXPE-B. The analyses were based on data from a large-scale panel study in which students from various teacher training programmes as well as students of rehabilitation science and educational science programmes (N = 695) were asked about their attitudes towards inclusion and related constructs. The results show that some items do not meet the criteria applied, and that the previously assumed two-factor structure of the instrument needs to be discussed. Based on the results of an exploratory factor analysis, we discuss a five-factor model which opens up implications for the further development of the EXPE-B. (DIPF/Orig.)";"2024";"Aufsatz (Zeitschrift)";"370";"ger";"";"1869-4845; 1869-4934";"Empirische Sonderpädagogik 16 (2024) 1, S. 54-67";"Pädagogische Teildisziplin: Empirische Bildungsforschung; Sonderpädagogik";"03.09.2024";"urn:nbn:de:0111-pedocs-308656";10.25656/01:30865;"Creative Commons Namensnennung - Nicht kommerziell 4.0 International";Peer-Review;"";"https://www.pedocs.de/volltexte/2024/30865/";"https://www.pedocs.de/volltexte/2024/30865/pdf/ESP_2024_1_Schulze_et_al_EXPE-B_Ueberpruefung.pdf"
"30866";"Ambivalente Verschränkung von Selektion und Förderung. Perspektiven des pädagogischen Personals auf Rollstuhlbasketball in der Förderschule";"Greve, Steffen; Göb, Tjorven; Süßenbach, Jessica";"Ambivalent intertwining of selection and support. Perspectives of pedagogical staff on wheelchair basketball in special schools";"";"";"";"Originalveröffentlichung";"Sonderpädagogik; Empirische Untersuchung; Selektion; Förderung; Schulsport; Sportunterricht; Therapeut; Rollstuhlsport; Basketball; Sonderschule; Sportspiel; Lehrer; Grounded Theory; Interview";"Remedial instruction sciences; Special education for the handicapped; Special needs education; Empirical study; School sports; Education in sports; Physical education; Physical training; Therapist; Therapists; School for the handicapped; Special needs school; Special school; Teacher";"Deutsch";"Der Schulsport an Förderschulen ist nur selten im Blick sportpädagogischer und -didaktischer Forschung, im Speziellen bzgl. der Inszenierung von Sportspielen. Sportspiele entstehen im Mit- und Gegeneinander der Teilnehmenden und sind genuin wettkampforientiert. Es stellt sich nun die Frage, wie die Inszenierung eines Sportspiels im Schulsport an spezifischen Förderschulen im Lichte der Wettbewerbsorientierung und der als gängiges Paradigma der Behindertenpädagogik anzusehenden Ressourcenorientierung geschieht, und welche Gelingensbedingungen und Herausforderungen hierbei sichtbar werden. Dazu werden die Sichtweisen des pädagogischen Personals (Lehrkräfte und Therapeut*innen) auf die Inszenierung des Sportspiels Rollstuhlbasketball rekonstruiert, da diese Personen durch ihr Handeln die Verantwortung für die didaktische Umsetzung der fokussierten Angebote tragen. Die Ergebnisse zeigen die von den Pädagog*innen gedeutete hohe Relevanz der Angebote für die Schüler*innen, besonders die Wettkämpfe werden als wichtige Lerngelegenheiten ausgelegt. Zudem bietet das Sportspiel Rollstuhlbasketball die Möglichkeit der inversen Integration, da Fußgänger*innen und Rollstuhlfahrer*innen gemeinsam spielen können. Problematisch wird der Übergang von Schüler*innen in den Sportverein eingeschätzt, da der selektive Leistungscharakter die dortigen Angebote dominiert. Die Förderschule wird hier als Schonraum verstanden, den die Schüler*innen in der Deutung der Pädagog*innen offensichtlich benötigen. (DIPF/Orig.)";"Englisch";"School sport at special needs schools is only rarely in the focus of sport pedagogical and didactical research, especially with regard to the staging of sports games. Sports games are played with and against each other and are genuinely competition-oriented. The question now arises as to how the staging of a sports game in the school sport of specific special schools takes place in the light of competition orientation and resource orientation, which is to be regarded as a common paradigm of special needs education, and which conditions for success and challenges become visible here. For this purpose, the views of the pedagogical staff (teachers and therapists) on the staging of the sports game of wheelchair basketball are reconstructed, since they, as initiators, bear great responsibility for the staging of the focused offers through their actions. The results show the great importance of the offers for the students as interpreted by the teachers, especially the competitions are interpreted as great learning opportunities. In addition, the sports game wheelchair basketball serves as a possibility for inverse integration, as runners and wheelchair users can play together. The transition of students to the sports club is seen as problematic; the selective character of the corresponding offers seems to be problematic here. The school is a protected space here, which the pupils obviously need. (DIPF/Orig.)";"2024";"Aufsatz (Zeitschrift)";"370";"ger";"";"1869-4845; 1869-4934";"Empirische Sonderpädagogik 16 (2024) 1, S. 68-81";"Pädagogische Teildisziplin: Sonderpädagogik; Pädagogische Freizeitforschung und Sportpädagogik";"03.09.2024";"urn:nbn:de:0111-pedocs-308661";10.25656/01:30866;"Creative Commons Namensnennung - Nicht kommerziell 4.0 International";Peer-Review;"";"https://www.pedocs.de/volltexte/2024/30866/";"https://www.pedocs.de/volltexte/2024/30866/pdf/ESP_2024_1_Greve_et_al_Ambivalente_Verschraenkung.pdf"
"34020";"Professionelle Überzeugungen zur inklusiven Bildung. Validierung des Skaleninventars InkÜ bei berufstätigen Lehrkräften der Primarstufe";"Strauß, Sarah; König, Johannes; Grosche, Michael; Hennemann, Thomas";"Professional beliefs towards inclusive education. Validation of the InkÜ scale inventory among primary school teachers";"";"";"";"Originalveröffentlichung";"Sonderpädagogik; Lehrer; Überzeugung; Inklusion; Primarbereich; Faktorenanalyse; Testvalidität; Empirische Untersuchung; Deutschland";"Remedial instruction sciences; Special education for the handicapped; Special needs education; Teacher; Inclusion; Primary education; Primary level; Factor analysis; Test validity; Empirical study; Germany";"Deutsch";"Überzeugungen zur inklusiven Bildung von Lehrpersonen stellen einen zentralen Bestandteil ihrer professionellen Kompetenz dar und sind wesentlich für die Umsetzung von Inklusion, zum Beispiel bei der Planung und Durchführung von Unterricht. Im Mittelpunkt des vorliegenden Beitrags steht die Validierung des Skaleninventars Überzeugungen zur inklusiven Bildung (InkÜ), das sieben Skalen zu unterschiedlichen Inhalts- und Anforderungsbereichen umfasst. Anhand einer Stichprobe von n = 325 berufstätigen Grundschullehrkräften wird mithilfe von Konfirmatorischen Faktorenanalysen die Konstrukt- und faktorielle Validität sowie die Reliabilität des Skaleninventars geprüft und der Frage nach der Stabilität der Überzeugungen (Retest-Reliabilität) nachgegangen. Die Ergebnisse belegen die angenommene Struktur der Überzeugungen, einen reliablen Einsatz des Instruments bei berufstätigen Lehrpersonen und die theoretisch erwarteten Zusammenhänge mit beziehungsweise die Diskrimination von weiteren Konstrukten aus dem affektiv-motivationalen Bereich professioneller Kompetenz von Lehrkräften. Die Retest-Reliabilität liegt durchschnittlich in moderater Höhe. Die im vorliegenden Beitrag wie auch in früheren Untersuchungen mit dem Skaleninventar InkÜ gewonnenen Befunde lassen den Schluss zu, dass es mit dem Instrument gelingt, Überzeugungen zu verschiedenen Inhalts- und Anforderungsbereichen inklusiven Unterrichts bei unterschiedlichen Stichproben von angehenden und berufstätigen Lehrkräften zuverlässig zu messen. (DIPF/Orig.)";"Englisch";"Teachers’ beliefs towards inclusive education are a central part of their professional competence and are essential for the implementation of inclusion in the planning and delivery of lessons. The focus of this paper is the validation of the scale inventory InkÜ - Beliefs towards inclusive education, in which seven scales covering different content and requirement areas are taken into account. Using a sample of n = 325 primary school teachers, the construct and factorial validity as well as the reliability of the scale inventory is tested with the help of confirmatory factor analyses, and the question of the stability of the beliefs (retest reliability) is investigated. The results confirm the assumed structure of beliefs, a reliable use of the instrument for working teachers and the expected correlations respectively discrimination with further constructs from the affective-motivational area of professional competence of teachers. The retest reliability is moderate on average. From the results obtained here, as well as from previous studies using the InkÜ scale inventory, it is concluded that the instrument succeeds in reliably measuring beliefs about different content and requirement areas of inclusive education in different samples of pre-service and in-service teachers. (DIPF/Orig.)";"2024";"Aufsatz (Zeitschrift)";"370";"ger";"";"1869-4845; 1869-4934";"Empirische Sonderpädagogik 16 (2024) 4, S. 261-280";"Pädagogische Teildisziplin: Empirische Bildungsforschung; Sonderpädagogik";"02.10.2025";"urn:nbn:de:0111-pedocs-340206";10.25656/01:34020;"Creative Commons Namensnennung - Nicht kommerziell 4.0 International";Peer-Review;"";"https://www.pedocs.de/volltexte/2025/34020/";"https://www.pedocs.de/volltexte/2025/34020/pdf/ESP_2024_4_Strauss_et_al_Professionelle_Ueberzeugungen.pdf"
"34021";"Förderung des Verständnisses von Lehramtsstudierenden über Barrierepotenziale auf Schul- und Pausenhöfen durch (un-)vollständige Analysebeispiele";"Frerichs, Rieke; Heemsoth, Tim; Bükers, Frederik";"Promoting teacher training students' understanding of potential barriers in schools and playgrounds through (in)complete analysis examples";"";"";"";"Originalveröffentlichung";"Sonderpädagogik; Empirische Untersuchung; Schulhof; Pausenhof; Lehramtsstudent; Barrierefreiheit; Lehrerbildung; Inklusion; Spielplatz; Verständnisförderung; Analyse; Beispiel; Interventionsstudie; Experimentelle Untersuchung";"Remedial instruction sciences; Special education for the handicapped; Special needs education; Empirical study; Student teachers; Teacher education; Teachers' training; Inclusion; Playground";"Deutsch";"Schul- und Pausenhöfe gelten als Orte informeller Lernprozesse, an denen Kinder und Jugendliche mit Behinderungen aufgrund materiell-räumlicher Barrieren häufig nur eingeschränkt partizipieren können. Dabei kann die Fähigkeit, Barrieren auf Schul- und Pausenhöfen zu erkennen, als zentraler Bestandteil professioneller Kompetenz von Lehrkräften verstanden werden. Unklar ist jedoch, wie ein Verständnis über entsprechende Barrieren gefördert werden kann. In Anlehnung an die Forschung zum beispielbasierten Lernen wird in diesem Beitrag die Wirksamkeit des Reflektierens von Analysebeispielen an sich, sowie der Einfluss einer schrittweisen Reduktion der Beispielinhalte (Fading) untersucht. Dafür wurden 87 Sportlehramtsstudierende in einer Prä-Interventions-Post-Studie auf drei Versuchsgruppen verteilt, in denen entweder nur vollständige Analysebeispiele bearbeitet (Vollständig), gefadete Beispiele vervollständigt (Fading) oder Barrierepotenziale selbstständig analysiert (Kontrollgruppe) wurden. Betrachtet wurden Veränderungen im nummerischen Bestimmen sowie beschreibenden Analysieren und Evaluieren von Barrierepotenzialen auf Schulhoffotos. Hinsichtlich des Bestimmens konnten die Studierenden der Gruppe Fading und hinsichtlich des Analysierens und Evaluierens die Studierenden beider Beispielgruppen (Vollständig & Fading) ihre Leistungen signifikant verbessern. Beim Analysieren und Evaluieren erzielten Studierende mit Beispielen höhere Lernzuwächse als in der Kontrollgruppe. In der Gruppe Fading liegen zudem signifikant höhere Leistungszuwächse im Bestimmen von Barrierepotenzialen im Vergleich zur Gruppe Vollständig und beim Analysieren und Evaluieren im Vergleich zur Kontrollgruppe und Gruppe Vollständig vor. Insgesamt deuten die Befunde darauf hin, dass das Verständnis über Barrierepotenziale auf Schul- und Pausenhöfen durch die Arbeit mit Analysebeispielen vielversprechend gefördert werden kann. (DIPF/Orig.)";"Englisch";"Schoolyards are considered locations for informal learning, yet children and adolescents with disabilities often face limited participation due to material and spatial barriers. Identifying these barriers in schoolyards can be understood as a central component of the professional competence of teachers for co-designing these spaces. However, it is unclear how to promote awareness of typical barriers found in schoolyards. Based on research on example-based learning, this paper investigates the effectiveness of reflections on analysis examples with and without gradually reduced content. For this purpose, 87 students majoring in Sports were assigned to three groups in a pre-intervention-post-study. These groups either worked with complete analysis examples (complete), completed gradually faded examples (fading), or independently analyzed barrier potentials (control group). Changes in the numerical determination and descriptive analysis and evaluation of barrier potentials on schoolyard photos were examined. Regarding determining, the students in the fading group significantly improved their performance. As for analyzing and evaluating, the students in both example groups (complete & fading) showed significant improvements. Regarding analysis and evaluation, students with examples also achieved significantly higher learning gains compared to the control group. Additionally, the students in the fading group demonstrated significantly higher performance gains in determining barrier potentials compared to the complete group, and in analyzing and evaluating barrier potentials compared to the control and complete group. Overall, the findings suggest that using analysis examples can effectively enhance understanding of barrier potentials in schoolyards. (DIPF/Orig.)";"2024";"Aufsatz (Zeitschrift)";"370";"ger";"";"1869-4845; 1869-4934";"Empirische Sonderpädagogik 16 (2024) 4, S. 281-296";"Pädagogische Teildisziplin: Empirische Bildungsforschung; Sonderpädagogik";"02.10.2025";"urn:nbn:de:0111-pedocs-340217";10.25656/01:34021;"Creative Commons Namensnennung - Nicht kommerziell 4.0 International";Peer-Review;"";"https://www.pedocs.de/volltexte/2025/34021/";"https://www.pedocs.de/volltexte/2025/34021/pdf/ESP_2024_4_Frerichs_et_al_Foerderung_des_Verstaendnisses.pdf"
"34022";"Teachers' judgment accuracy of students' reading comprehension in inclusive primary schools";"Hertel, Sophia; Urton, Karolina; Wilbert, Jürgen; Krull, Johanna; Bosch, Jannis; Hennemann, Thomas";"Die Urteilsgenauigkeit von Lehrkräften bei der Beurteilung des Leseverständnisses von Schüler*innen in inklusiven Grundschulen";"";"";"";"Originalveröffentlichung";"Sonderpädagogik; Empirische Untersuchung; Sonderpädagogischer Förderbedarf; Lehrer; Leseverstehen; Lesekompetenz; Schüler; Inklusion; Bewertung; Genauigkeit; Diagnostik; Schülerleistung; Primarbereich; Mehrebenenanalyse; Deutschland";"Remedial instruction sciences; Special education for the handicapped; Special needs education; Empirical study; Special Educational Needs; Teacher; Reading comprehension; Reading competence; Pupil; Pupils; Inclusion; Assessment; Judgement; Judgment; Diagnostic; Pupil achievement; Student achievement; Primary education; Primary level; Hierarchical Linear Modelling; Multi-level analysis; Germany";"Englisch";"Reading comprehension is crucial in primary education. Yet a quarter of German fourth-graders, especially those with special educational needs (SEN), struggle with it. Teachers need diagnostic abilities to provide tailored support, but previous studies have identified limitations in how teachers assess low and average achievers and their tendency to consider irrelevant characteristics. This study examines the accuracy with which teachers in inclusive classrooms assess students’ reading comprehension at word, sentence and text levels and the extent to which student characteristics such as grade level, SEN and sex influence reading levels. The reading comprehension of 1,693 students with and without SEN was assessed using a standardized test and rated by 102 teachers. Using a multilevel analysis, we examined the degree to which the teachers’ assessments corresponded to the students’ standardized test performance and the extent to which this was related to the students’ characteristics. Results showed moderate correlations between teachers’ ratings and students’ reading performance at sentence and text levels, and low correlations at word level. The accuracy of judgments varied greatly among teachers and judgment accuracy at sentence and text levels increased as grade level increased. There was no effect for sex. SEN in learning was associated with lower accuracy in teachers’ assessments, as was SEN in emotion and behaviour but only on word level. Low-achieving students were assessed less accurately, although they are in particular need of tailored support in reading. As teachers must be able to identify struggling students and monitor their development, this highlights the need for further research into the characteristics of teachers with higher diagnostic skills. (DIPF/Orig.)";"Deutsch";"Die Entwicklung eines guten Leseverständnisses ist insbesondere in der Grundschulbildung von entscheidender Bedeutung. Dennoch hat ein Viertel der deutschen Viertklässler*innen, insbesondere diejenigen mit sonderpädagogischem Förderbedarf (SPF), Schwierigkeiten damit. Lehrkräfte benötigen diagnostische Kompetenzen, um eine bedarfsgerechte Förderung anzubieten. Bisherige Studien haben gezeigt, dass Lehrkräfte bei der Beurteilung von Schüler*innenleistungen im geringen und mittleren Bereich nur begrenzt in der Lage sind diese genau zu beurteilen und dazu neigen, irrelevante Merkmale zu berücksichtigen. Daher untersucht diese Studie, wie genau Lehrkräfte in inklusiven Klassen das Leseverständnis ihrer Schüler*innen auf Wort-, Satz- und Textebene beurteilen und inwieweit bestimmte Schüler*innenmerkmale wie die Klassenstufe, der SPF und das Geschlecht das Leselevel beeinflussen. Das Leseverständnis von 1693 Schüler*innen mit und ohne SPF wurde anhand eines standardisierten Tests bewertet und von 102 Lehrkräften beurteilt. Mittels einer Mehrebenenanalyse wurde untersucht, inwieweit die Bewertungen der Lehrkräfte mit den standardisierten Testergebnissen der Schüler*innen übereinstimmten und inwieweit dies mit den  Schüler*innenmerkmalen zusammenhing. Die Ergebnisse zeigten moderate Korrelationen zwischen den Bewertungen der Lehrer*innen und den Leseleistungen der Schüler*innen auf Satz- und Textebene und geringe Korrelationen auf Wortebene. Die Urteilsgenauigkeit variierte stark zwischen den Lehrkräften und stieg auf Satz- und Textebene mit der Klassenstufe, während kein Einfluss des Geschlechts festgestellt wurde. Ein SPF Lernen war mit einer geringeren Urteilsgenauigkeit der Lehrkräfte verbunden, was, jedoch nur auf Wortebene, auch für den SPF im Bereich Emotionale und soziale Entwicklung festgestellt wurde. Schüler*innen mit geringen Leseverständnisleistungen wurden ungenauer beurteilt, obwohl sie besonders auf eine passgenaue Leseförderung angewiesen sind. Da Lehrkräfte in der Lage sein müssen, Schüler*innen mit Schwierigkeiten zu identifizieren und ihre Entwicklung zu beobachten, zeigt dies den Bedarf an weiterer Forschung zu den Merkmalen von Lehrkräften mit besseren diagnostischen Fähigkeiten. (DIPF/Orig.)";"2024";"Aufsatz (Zeitschrift)";"370";"eng";"";"1869-4845; 1869-4934";"Empirische Sonderpädagogik 16 (2024) 4, S. 297-314";"Pädagogische Teildisziplin: Empirische Bildungsforschung; Sonderpädagogik";"02.10.2025";"urn:nbn:de:0111-pedocs-340228";10.25656/01:34022;"Creative Commons Namensnennung - Nicht kommerziell 4.0 International";Peer-Review;"";"https://www.pedocs.de/volltexte/2025/34022/";"https://www.pedocs.de/volltexte/2025/34022/pdf/ESP_2024_4_Hertel_et_al_Teachers_judgment_accuracy.pdf"
"34023";"Sprachentwicklungsstörungen im pädagogischen Alltag identifizieren. Einflussfaktoren auf diagnostische Entscheidungsprozesse von Lehrkräften in Ausbildung und Praxis";"Starke, Anja; Röhm, Alexander; Rademacher, Katharina; Grengel, Michelle; Saban-Dülger, Nur Seda; Stitzinger, Ulrich";"Identifying developmental language disorders in educational practice. Factors influencing diagnostic decision-making processes among teachers in training and practice";"";"";"";"Originalveröffentlichung";"Sonderpädagogik; Empirische Untersuchung; Sprachentwicklung; Sprachbehinderung; Entwicklungsstörung; Diagnostik; Lehrer; Lehramtsstudent; Referendar; Mehrsprachigkeit; Einflussfaktor; Sonderpädagogischer Förderbedarf; Fragebogenerhebung";"Remedial instruction sciences; Special education for the handicapped; Special needs education; Empirical study; Language development; Developmental disabilities; Diagnostic; Teacher; Student teachers; Multilingualism; Special Educational Needs; Questionnaire survey; Social competence; Affective development";"Deutsch";"Diagnostisches Handeln im Kontext von Sprachentwicklungsstörungen (SES) wird oft sprachtherapeutischen Berufsfeldern zugeordnet. Kinder mit SES erfordern von allen Fachkräften, die am Bildungsprozess beteiligt sind, Sensibilität für das Erkennen von Förderbedarfen und entsprechende diagnostische Kompetenzen. Die vorliegende Studie geht daher der Frage nach, welche Faktoren diagnostische Entscheidungsprozesse im Zusammenhang mit SES beeinflussen. Dazu nahmen N = 454 Lehrkräfte im Primar- und Sekundarbereich unterschiedlicher Ausbildungs- und Praxisphasen an einer Online-Erhebung teil. Mittels eines vollfaktoriellen 3 × 2 × 2 × 2-Online-Experiment wurde untersucht, inwiefern Hinweise auf die Deutlichkeit einer SES-Symptomatik (keine vs. wenig deutliche vs. deutliche Symptomatik), die Mehrsprachigkeit (ja vs. nein), das Verhalten (unangepasst vs. angepasst) und das Geschlecht (männlich vs. weiblich) eines Schulkindes in einem fiktiven Beobachtungsprotokoll diagnostische Entscheidungen und zugeschriebene Ursachen durch die Lehrkräfte beeinflussen. Einstellungen und Selbstwirksamkeit zur Diagnostik sowie Wissen über SES wurden kontrolliert. Hinsichtlich Einstellungen, Selbstwirksamkeit und Wissen zeigten sich keine Unterschiede zwischen den unterschiedlichen Ausbildungs- und Praxisphasen sowie den Schulstufen. Die weiteren Ergebnisse legen nahe, dass Lehrkräfte sowohl sprachlich-kommunikative als auch sozial-emotionale Förderbedarfe weitestgehend zuverlässig identifizieren. Erstere konfundieren allerdings mit dem gleichzeitigen Vorliegen von Hinweisen auf eine Mehrsprachigkeit. Insgesamt zeigt sich, dass Lehrkräfte zunächst offen in einen diagnostischen Prozess einsteigen und bei einer gewissen Deutlichkeit der Symptomatik entsprechende Entwicklungsbereiche adäquat fokussieren. Es zeigt sich jedoch auch, dass es einer stärkeren Sensibilisierung während der Lehramtsaus- und Weiterbildung für die Verwobenheit der einzelnen Entwicklungsbereiche bedarf. (DIPF/Orig.)";"Englisch";"Diagnostic assessment in the context of developmental language disorders (DLD) is often associated with the field of speech-language pathology. However, professionals across various pedagogical disciplines may encounter children with DLD, requiring teachers to possess a high level of sensitivity and the skills necessary to identify DLD and address its impact on the educational process. This study investigates the factors influencing diagnostic assessment of DLD. To this end, N = 454 primary and secondary school teachers, spanning various training and practice phases, participated in an online survey. Using a 3 × 2 × 2 × 2-full factorial online-experiment, a fictional observation protocol was employed as a stimulus to examine how cues related to the severity of DLD (no DLD vs. mild severity vs. high severity), multilingualism (yes vs. no), behavior (unadapted vs. adapted), and pupil’s sex (male vs. female) influenced teachers’ diagnostic decisions and attributions about the child’s characteristics. Teachers’ attitudes and self-efficacy regarding diagnostics, as well as their knowledge about DLD, were controlled. The results show no significant differences in attitudes, self-efficacy, or knowledge of DLD between teachers from different training stages, practice phases, or school types. Further findings indicate that teachers reliably identify both language and communicative needs, as well as social-emotional needs. However, language-related judgements tend to be confounded by cues of child’s multilingualism. Overall, the findings suggest that teachers approach the diagnostic process with an open mind and focus appropriately on relevant developmental cues when the symptoms are clear. Nevertheless, there is a need to enhance teacher training and continuing education to better address the interconnectedness of the individual developmental domains. (DIPF/Orig.)";"2024";"Aufsatz (Zeitschrift)";"370";"ger";"";"1869-4845; 1869-4934";"Empirische Sonderpädagogik 16 (2024) 4, S. 315-333";"Pädagogische Teildisziplin: Empirische Bildungsforschung; Sonderpädagogik";"02.10.2025";"urn:nbn:de:0111-pedocs-340239";10.25656/01:34023;"Creative Commons Namensnennung - Nicht kommerziell 4.0 International";Peer-Review;"";"https://www.pedocs.de/volltexte/2025/34023/";"https://www.pedocs.de/volltexte/2025/34023/pdf/ESP_2024_4_Starke_et_al_Sprachentwicklungsstoerungen.pdf"
"34024";"Typiken zum fachspezifischen Umgang mit Anforderungssituationen diagnosegeleiteter Förderung";"Graf, Lara Marie; Häsel-Weide, Uta; Höveler, Karina; Nührenbörger, Marcus";"Typologies of subject-specific handling of challenging situations in diagnostic-guided support";"";"";"";"Originalveröffentlichung";"Sonderpädagogik; Empirische Untersuchung; Professionalisierung; Lehrer; Lehrerfortbildung; Inklusion; Mathematikunterricht; Fachfremder Unterricht; Diagnostik; Typologie; Dokumentarische Methode";"Remedial instruction sciences; Special education for the handicapped; Special needs education; Empirical study; Professionalization; Teacher; Further education for teachers; Further education of teachers; Further training for teachers; Inclusion; Mathematics lessons; Teaching of mathematics; Diagnostic; Typology";"Deutsch";"Die komplexen Anforderungen an differenzierte Diagnostik, Zielsetzung und Planung sowie an individuell ausgerichtete Förderung im inklusiven Unterricht erfordern von Lehrkräften eine umfassende Expertise, sowohl fachübergreifend als auch fachspezifisch. Lehrkräfte, die Unterrichtsfächer fachfremd unterrichten, benötigen daher spezifische fachliche und fachdidaktische Kompetenzen, die insbesondere durch Fortbildungsmaßnahmen entwickelt werden können. Dieser Beitrag untersucht eine vom Deutschen Zentrum für Lehrkräftebildung (DZLM) initiierte Professionalisierungsmaßnahme, an der 46 Lehrkräfte teilnahmen, die fachfremd im Mathematikunterricht der Grundschule unterrichten. Die Maßnahme konzentrierte sich fachbezogen auf die Erfassung von Schwierigkeiten im Mathematiklernen und die Förderung der Lernenden. In einer qualitativen Studie zur Professionalisierung der diagnosegeleiteten Förderkompetenz wurden die Selbstberichte zu geplanten und durchgeführten Diagnose- und Fördermaßnahmen der Lehrkräfte mithilfe der dokumentarischen Methode analysiert. Im Rahmen dieser Analyse wurden für den fachspezifischen Umgang mit der Herausforderung einer diagnosegeleiteten Förderung zum fachdidaktischen Gegenstand der Operationsvorstellungen drei sinngenetische Typiken identifiziert, in denen jeweils drei Typen enthalten sind. Die Typiken basieren auf theoretischen Überlegungen und empirischen Forschungsergebnissen, wobei ihre spezifischen Merkmale detailliert herausgearbeitet werden. (DIPF/Orig.)";"Englisch";"The complex requirements for differentiated diagnostics, goal setting, and planning as well as individualised support in inclusive classrooms require teachers to have a comprehensive range of expertise, both interdisciplinary and subject-related. Consequently, teachers who teach out-of-field must possess subject-specific and didactical competencies, which can be developed through professional development (PD) programmes. This article examines a PD programme initiated by the German Centre for Teacher Education (DZLM) in which 46 teachers who teach out-of-field mathematics at primary school participated. The PD concentrated on the identification of difficulties in learning mathematics and subject-related support for learners. In a qualitative study on the professionalisation of diagnosis-guided support competence, the teachers’ self-reports on planned and implemented diagnostic and support activities were analysed using the documentary method. In this analysis, three sense-genetic typologies, each comprising three types, were identified for the subject-specific handling of the challenge of diagnosis-led support for the subject-specific object of operational concepts. These types are based on theoretical considerations and empirical research results, of which the specific characteristics are worked out in detail. (DIPF/Orig.)";"2024";"Aufsatz (Zeitschrift)";"370";"ger";"";"1869-4845; 1869-4934";"Empirische Sonderpädagogik 16 (2024) 4, S. 334-350";"Pädagogische Teildisziplin: Empirische Bildungsforschung; Sonderpädagogik";"02.10.2025";"urn:nbn:de:0111-pedocs-340240";10.25656/01:34024;"Creative Commons Namensnennung - Nicht kommerziell 4.0 International";Peer-Review;"";"https://www.pedocs.de/volltexte/2025/34024/";"https://www.pedocs.de/volltexte/2025/34024/pdf/ESP_2024_4_Graf_et_al_Typiken_zum_fachspezifischen.pdf"
"34362";"Psychometrische Eigenschaften des Emotionalen Kompetenz Fragebogens (EKF) bei Lernenden der Altersstufe 10-13 Jahren";"Ferreira González, Laura; Sticca, Fabio; Hennemann, Thomas; Schlüter, Kirsten; Hövel, Dennis";"Psychometric properties of the Emotional Competence Questionnaire (EKF) for pupils aged 10-13 years";"";"";"";"Originalveröffentlichung";"Sonderpädagogik; Empirische Untersuchung; Emotion; Kompetenz; Emotionsforschung; Messung; Fragebogen; Bewertung; Validität; Psychometrie; Teenager";"Remedial instruction sciences; Special education for the handicapped; Special needs education; Empirical study; Emotions; Competency; Questionnaire; Assessment; Judgement; Judgment; Psychometry";"Deutsch";"Der Aufbau emotionaler Kompetenz stellt eine der zentralen Entwicklungsaufgaben des Kindes- und Jugendalters dar. Für den deutschsprachigen Raum liegen zurzeit keine Instrumente vor, welche die emotionale Kompetenz in der Altersgruppe von 10 bis 13 Jahren in ihrer Gänze standardisiert beurteilen. Der Beitrag geht der Frage nach, ob der Emotionale Kompetenz Fragebogen (EKF; Rindermann, 2009), welcher bisher für die Altersgruppe der 14- bis 72-Jährigen vorliegt, diese Lücke schließen kann. Hierfür wird die sechsfaktorielle Struktur des EKF (Selbstauskunft) in einer Stichprobe von 499 Lernenden untersucht und anschließend eine Kurzversion vorgeschlagen. Die Kurzversion weist eine gute Modellpassung auf und ist durch den Umfang von 30 Items für den Praxiseinsatz geeignet. (DIPF/Orig.)";"Englisch";"The development of emotional competence is one of the central challenges during childhood and adolescence. Currently, no instruments are available in the German-speaking area for a standardized assessment of emotional competence in the age group of 10 to 13 years. This article examines whether the Emotionale Kompetenz Fragebogen (EKF; Rindermann, 2009), available for the age group of 14 to 72 years, can fill this gap. For this purpose, the six-factor structure of the EKF (self-report) is examined in a sample of 499 students, and a short version is subsequently proposed. The short version shows a good model fit and, with its 30 items, is suitable for practical use. (DIPF/Orig.)";"2025";"Aufsatz (Zeitschrift)";"370";"ger";"";"1869-4845; 1869-4934";"Empirische Sonderpädagogik 17 (2025) 1, S. 3-18";"Pädagogische Teildisziplin: Empirische Bildungsforschung; Pädagogische Psychologie";"18.11.2025";"urn:nbn:de:0111-pedocs-343625";10.25656/01:34362;"Creative Commons Namensnennung - Nicht kommerziell 4.0 International";Peer-Review;"";"https://www.pedocs.de/volltexte/2025/34362/";"https://www.pedocs.de/volltexte/2025/34362/pdf/ESP_2025_1_Gonzalez_et_al_Psychometrische_Eigenschaften.pdf"
"34363";"Adaptives Verhalten von Schülerinnen und Schülern mit Autismus-Spektrum-Störung im sonderpädagogischen Schwerpunkt Geistige Entwicklung";"Selmayr, Anna; Kölbl, Sabine";"Adaptive behaviour of students with autism spectrum disorder in special needs schools for children and adolescents with intellectual disabilities";"";"";"";"Originalveröffentlichung";"Sonderpädagogik; Empirische Untersuchung; Anpassung; Kompetenz; Verhaltensanpassung; Autismus; Schüler; Geistige Entwicklung; Förderschwerpunkt; Diagnostisches Verfahren; Fragebogenerhebung; Bayern";"Remedial instruction sciences; Special education for the handicapped; Special needs education; Empirical study; Competency; Autism; Pupil; Pupils; Mental development; Diagnostic Assessment; Questionnaire survey; Emotional adjustment";"Deutsch";"Die aktuellen Diagnosekriterien für eine Störung der Intelligenzentwicklung (Internationale statistische Klassifikation der Krankheiten und verwandter Gesundheitsprobleme, 11. Revision ICD-11) bzw. Intellektuellen Beeinträchtigung (Diagnostisches und Statistisches Manual psychischer Störungen, 5. Fassung, DSM-5) fordern obligatorisch nicht nur intellektuelle, sondern auch adaptive Kompetenzen im deutlich unterdurchschnittlichen Bereich. Dieses gleichberechtigte Doppelkriterium betont die Bedeutung adaptiven Verhaltens stärker als die Vorgängerklassifikationen ICD-10 und DSM-IV. Adaptives Verhalten setzt sich aus konzeptuellen (inkl. kommunikativen), praktischen und sozialen Fähigkeiten zusammen. Mit Einschränkungen im Bereich der Kommunikation und des Sozialverhaltens betrifft adaptives Verhalten damit zwei zentrale diagnoserelevante Aspekte einer Autismus-Spektrum-Störung (ASS). So stellt sich die Frage nach systematischen Unterschieden zwischen Schülerinnen und Schülern (SuS) mit und ohne ASS innerhalb der Gruppe der SuS im sonderpädagogischen Schwerpunkt Geistige Entwicklung (SGE). Für die Darstellung des adaptiven Funktionsniveaus der SuS im SGE steht mit Vineland-3 (Sparrow et al., 2021) ein aktuelles, für den deutschsprachigen Raum normiertes Verfahren zu Verfügung. Insgesamt konnten 515 SuS, die Förderzentren mit dem Förderschwerpunkt geistige Entwicklung in Bayern besuchen, davon 85 mit einer ASS-Diagnose, bei den Analysen berücksichtigt werden. Die Ergebnisse zeigen, dass die adaptiven Kompetenzen in beiden Gruppen weit unterdurchschnittlich ausgeprägt sind. Die adaptiven Kompetenzen bei SuS mit einer ASS-Diagnose sind signifikant schwächer ausgeprägt als bei ihren Mitschülerinnen und -schülern ohne ASS-Diagnose. Die Unterschiede im Bereich der sozialen Fertigkeiten fallen am deutlichsten aus. (DIPF/Orig.)";"Englisch";"The current diagnostic criteria for disorders of intellectual development (International Classification of Diseases 11th revision, ICD-11) and intellectual developmental disorder (Diagnostic and Statistical Manual of Mental Disorders, Fifth Edition, DSM-5) require “significantly below average intellectual functioning and adaptive behaviour” (ICD-11). These two equal criterions emphasize the importance of adaptive behaviour more strongly than the previous classifications ICD-10 and DSM-IV. Adaptive behaviour is made up of conceptual (including communication), practical and social skills. With limitations in the areas of communication and social behaviour, adaptive behaviour thus concerns two central diagnosis-relevant aspects of an autism spectrum disorder (ASD). The ASD-relevant limitations in the areas of communication and social behaviour motivate the question of systematic differences between students with and without ASD within the group of students with a special educational need on intellectual development. Vineland-3 (Sparrow et al., 2021) is a current procedure standardized for German-speaking countries for the presentation of the adaptive behaviour level of pupils with a special educational focus on intellectual development. A total of 515 pupils attending a special education school with a focus on intellectual development, 85 of whom were diagnosed with ASD were included in the analyses. The results show that scores in adaptive behaviour are far below average in both groups. The adaptive skills of pupils with an ASD diagnosis are significantly weaker than those of their peers without an ASD diagnosis. The differences are most pronounced in social skills. (DIPF/Orig.)";"2025";"Aufsatz (Zeitschrift)";"370";"ger";"";"1869-4845; 1869-4934";"Empirische Sonderpädagogik 17 (2025) 1, S. 19-34";"Pädagogische Teildisziplin: Empirische Bildungsforschung; Sonderpädagogik";"18.11.2025";"urn:nbn:de:0111-pedocs-343636";10.25656/01:34363;"Creative Commons Namensnennung - Nicht kommerziell 4.0 International";Peer-Review;"";"https://www.pedocs.de/volltexte/2025/34363/";"https://www.pedocs.de/volltexte/2025/34363/pdf/ESP_2025_1_Selmayr_Koelbl_Adaptives_Verhalten.pdf"
"34364";"Einflussfaktoren der Lehrkräfteeinschätzung mathematikbezogener Schwierigkeiten in der Grundschule";"Lamb, Sarah; Schulz, Ann-Katrin; Kuhn, Jörg-Tobias";"Factors influencing teachers' assessments of math-related difficulties in primary school";"";"";"";"Originalveröffentlichung";"Sonderpädagogik; Empirische Untersuchung; Diagnostik; Kompetenz; Lehrer; Mathematikunterricht; Primarbereich; Einflussfaktor; Rechenschwäche; Bewertung; Schülerleistung; Nordrhein-Westfalen";"Remedial instruction sciences; Special education for the handicapped; Special needs education; Empirical study; Diagnostic; Competency; Teacher; Mathematics lessons; Teaching of mathematics; Primary education; Primary level; Acalculia; Learning difficulty in arithmetic; Assessment; Judgement; Judgment; Pupil achievement; Student achievement; North Rhine-Westphalia; North-Rhine Westphalia";"Deutsch";"Lehrkräfte stehen vor der Hausforderung, die Lernvoraussetzungen ihrer Schüler*innen (SuS) zutreffend einzuschätzen. Der Zusammenhang zwischen Lehrkräfteeinschätzungen und SuS-Leistungen in standardisierten Tests ist substanziell, doch die Urteilsgenauigkeit zwischen den Lehrkräften variiert. Zudem können urteilsrelevante sowie -irrelevante SuS-Merkmale das Lehrkräfteurteil beeinflussen. Bei der Einschätzung mathematikbezogener Schwierigkeiten können mathematikspezifische und -unspezifische SuS-Merkmale wie die Lesefertigkeit in das Lehrkräfteurteil einfließen. Zudem gelingt es Lehrkräften weniger gut, SuS im unterdurchschnittlichen Leistungsbereich präzise zu beurteilen, wodurch Förderbedarfe übersehen werden können. Basierend auf den Daten von N = 377 Grundschüler*innen und N = 33 Lehrkräften, wurde mittels generalisierter linearer gemischter Modelle (GLMM) untersucht, ob die Lehrkräfteeinschätzung über mathematische Schwierigkeiten von den tatsächlichen mathematikspezifischen Leistungen der SuS abhängt, oder ob dabei auch mathematikunspezifische SuS-Merkmale eine Rolle spielen. Zudem wurde geprüft, ob die Urteilsstrenge bzw. -milde zwischen den Lehrkräften variiert und ob das Ausmaß, in dem die SuS-Merkmale herangezogen werden, lehrkräfteabhängig ist. Die Ergebnisse zeigten, dass die tatsächliche mathematische Leistung der SuS prädiktiv für die Lehrkräfteeinschätzung war. Während die Einschätzung basisnumerischer Schwierigkeiten ausschließlich auf mathematikspezifischen Informationen beruhte, bezogen die Lehrkräfte bei der Einschätzung von Schwierigkeiten in den Rechenfertigkeiten auch die Intelligenz und Lesefertigkeit der SuS ein. Das Geschlecht der SuS hatte keinen Einfluss. Urteilsvariationen wiesen auf interindividuelle Unterschiede in der Urteilsstrenge hin, die Gewichtung verschiedener SuS-Merkmale variierte jedoch nicht. Insgesamt zeigen die Ergebnisse, dass die Lehrkräfteeinschätzung über die mathematischen Schwierigkeiten ihrer SuS vorrangig von deren tatsächlichen mathematischen Leistung bestimmt wird. Die Ergebnisse bieten wichtige Erkenntnisse für die Früherkennung von Rechenschwierigkeiten, die für inklusive Schul- und Unterrichtsprozesse relevant sind. (DIPF/Orig.)";"Englisch";"Teachers face the challenge of accurately assessing the learning requirements of students. Even if the correlation between teachers’ assessments and students’ performance in standardized tests is substantial, diagnostic accuracy varies between teachers. Additionally, both relevant and irrelevant student characteristics, such as reading skills can influence the teachers’ assessment of mathematical difficulties. Further, teachers are less successful at accurately assessing students in the below-average performance range, therefore learning difficulties can be overlooked. Based on data from N = 377 elementary school students and N = 33 teachers, generalized linear mixed models (GLMM) were used to investigate whether teachers’ assessments of students’ mathematical difficulties depend primarily on their actual mathematics-specific performance or whether -unspecific characteristics also play a role. We also examined whether the strictness or leniency varied between teachers and if the extent to which student characteristics are taken into account is teacher-dependend. The findings indicated that students’ actual mathematics performance was predictive of the teachers’ assessments. While the teachers’ assessments of basic numerical difficulties were based exclusively on mathematics-specific information, teachers incorporated intelligence and reading skills when assessing difficulties in arithmetic performance. Students’ gender had no influence. Variations in the teachers’ assessments pointed to inter-individual differences in strictness. The weighting of different student characteristics did not vary. Overall, the findings indicate that teachers’ assessments of students’ mathematical difficulties are primarily determined by their actual mathematical performance. These results provide important insights for the early detection of mathematical difficulties, which are relevant for inclusive school and teaching practices. (DIPF/Orig.)";"2025";"Aufsatz (Zeitschrift)";"370";"ger";"";"1869-4845; 1869-4934";"Empirische Sonderpädagogik 17 (2025) 1, S. 35-49";"Pädagogische Teildisziplin: Empirische Bildungsforschung; Sonderpädagogik";"18.11.2025";"urn:nbn:de:0111-pedocs-343647";10.25656/01:34364;"Creative Commons Namensnennung - Nicht kommerziell 4.0 International";Peer-Review;"";"https://www.pedocs.de/volltexte/2025/34364/";"https://www.pedocs.de/volltexte/2025/34364/pdf/ESP_2025_1_Lamb_et_al_Einflussfaktoren_der_Lehrkraefteeinschaetzung.pdf"
"34365";"Soziometrisch erfasste soziale Beziehungen und die selbsteingeschätzte soziale Integration im gemeinsamen Unterricht an Sekundarschulen";"Kohrt, Pauline; Jansen, Malte; Kocaj, Aleksander";"Sociometric-measured social relationships and the self-reported social integration in inclusive classrooms at secondary schools";"";"";"";"Originalveröffentlichung";"Sonderpädagogik; Empirische Untersuchung; Soziale Integration; Inklusion; Förderschwerpunkt; Lernschwierigkeit; Sprachschwierigkeit; Integrative Beschulung; Sonderpädagogischer Förderbedarf; Sekundarbereich; Affektive Entwicklung; Soziale Entwicklung; Soziometrie; Schuljahr 09; Deutschland";"Remedial instruction sciences; Special education for the handicapped; Special needs education; Empirical study; Social integration; Inclusion; Learning Difficulties; Learning Difficulty; Learning disorder; Special Educational Needs; Secondary education; Affective development; Social change; Social development; Sociometry; School year 09; Germany; Learning handicap";"Deutsch";"Schüler*innen mit sonderpädagogischem Förderbedarf (SPF) werden zunehmend an allgemeinen Schulen unterrichtet. Verschiedene Studien weisen jedoch darauf hin, dass ihre soziale Integration an allgemeinen Schulen geringer ist als die ihrer Mitschüler*innen ohne SPF. Untersucht werden dabei verschiedene, mit unterschiedlichen Zugängen operationalisierte Dimensionen, die einerseits soziale Beziehungen (soziometrische Abfragen) und andererseits die wahrgenommene soziale Integration (Selbsteinschätzungsskalen) adressieren. In diesem Beitrag stehen die Zusammenhänge dieser unterschiedlichen Dimensionen im Mittelpunkt. In der Kontakthypothese wird hierbei davon ausgegangen, dass soziale Beziehungen mit einer höheren wahrgenommenen sozialen Integration einhergehen. Vor dem Hintergrund der sogenannten Homophilie können für Schüler*innen mit und ohne SPF Annahmen für unterschiedliche Ausprägungen sozialer Beziehungen hergeleitet werden. Im vorliegenden Beitrag wurden Zusammenhänge verschiedener soziometrischer Maße mit der wahrgenommenen sozialen Integration untersucht und überprüft, inwiefern sich diese zwischen Neuntklässler*innen mit SPF in den Förderschwerpunkten Lernen, Sprache und emotionale-soziale Entwicklung (SPF-LSE) und Neuntklässler*innen ohne SPF unterscheiden. Mit Daten des IQB-Bildungstrends 2018 (N = 4625 Schüler*innen, davon 371 mit SPF-LSE) wurde gezeigt, dass sich Schüler*innen mit SPF-LSE im Selbstbericht weniger sozial integriert fühlen. Diese wahrgenommenen Unterschiede zu ihren Mitschüler*innen ohne SPF traten nicht mehr auf, wenn Unterschiede in den soziometrisch erfassten Beziehungen in den Analysemodellen berücksichtigt wurden. Implikationen für die Erfassung der sozialen Integration im schulischen Kontext werden diskutiert. (DIPF/Orig.)";"Englisch";"Students with special educational needs (SEN) are increasingly being educated in regular schools together with classmates without SEN. However, various studies suggest that their social integration is lower than that of their classmates without SEN. Various dimensions of social integration have been investigated with different operationalizations, which address social relationships (sociometric surveys) on the one hand and perceived social integration (self-assessment scales) on the other. This article focuses on the relationships between these different dimensions of social integration. In that regard, the contact hypothesis assumes that social relationships are associated with higher perceived social integration. Based on the so-called homophily hypothesis, assumptions for different characteristics of social relationships are derived for students with and without SEN. This study investigated the relationship between various sociometric measures and the perceived social integration and differences between ninth-graders with and without SEN. Using data from the IQB Trends in Student Achievement 2018 (N = 4625 students, of which 371 with SEN, types: learning disabilities, speech or language impairment, emotional disorders), it was shown that students with SEN felt less socially integrated. These differences between them and their classmates without SEN in their perceived social integration were no longer significant when their sociometric-assessed social relationships were considered as additional predictors in the analyses. Implications for assessing social integration in the school context are discussed. (DIPF/Orig.)";"2025";"Aufsatz (Zeitschrift)";"370";"ger";"";"1869-4845; 1869-4934";"Empirische Sonderpädagogik 17 (2025) 1, S. 50-64";"Pädagogische Teildisziplin: Empirische Bildungsforschung; Sonderpädagogik";"18.11.2025";"urn:nbn:de:0111-pedocs-343658";10.25656/01:34365;"Creative Commons Namensnennung - Nicht kommerziell 4.0 International";Peer-Review;"";"https://www.pedocs.de/volltexte/2025/34365/";"https://www.pedocs.de/volltexte/2025/34365/pdf/ESP_2025_1_Kohrt_et_al_Soziometrisch_erfasste_soziale.pdf"
"34366";"Binnendifferenzierendes Handeln von grundständig qualifizierten Lehrkräften und Seiteneinsteiger:innen an Förderschulen im Schwerpunkt Geistige Entwicklung";"Seifart, Anna; Poltz, Nadine; Wendt, Oliver; Ehlert, Antje; Böhme, Katrin";"Differentiated instructional practices of traditionally qualified and alternatively qualified teachers at special education schools with a focus on intellectual development";"";"";"";"Originalveröffentlichung";"Sonderpädagogik; Empirische Untersuchung; Förderschwerpunkt; Geistige Entwicklung; Sonderschule; Seiteneinstieg; Lehrer; Qualifizierung; Differenzierender Unterricht; Teamteaching; Berufserfahrung; Fragebogenerhebung; Brandenburg";"Remedial instruction sciences; Special education for the handicapped; Special needs education; Empirical study; Mental development; School for the handicapped; Special needs school; Special school; Teacher; Qualification; Differentiated teaching; Team Teaching; Employment Experience; Job experience; Occupational experience; Questionnaire survey; Oligophrenia";"Deutsch";"Der Beitrag analysiert binnendifferenzierendes Unterrichtshandeln von grundständig qualifizierten Lehrkräften sowie von Quer- und Seiteneinsteiger:innen an Förderschulen im sonderpädagogischen Schwerpunkt Geistige Entwicklung (SPS GE). Innerhalb dieses sonderpädagogischen Schwerpunkts gilt binnendifferenzierende Förderung als unabdingbar. Angesichts einer vermehrten Einbindung von Seiteneinsteiger:innen im Schulsystem ist die Untersuchung des Unterrichtshandelns dieser Lehrkräfte aufgrund einer unzureichenden empirischen Befundlage von hoher Bedeutung. Die vergleichende Betrachtung des binnendifferenzierenden Unterrichtshandelns von Seiteneinsteiger:innen und grundständig qualifizierten Lehrkräften an dieser Schulform erscheint daher besonders relevant. Im Rahmen der Studie „Evaluation der Förderschulen mit dem Sonderpädagogischen Förderschwerpunkt Geistige Entwicklung im Land Brandenburg“ nahmen N = 179 Lehrkräfte an einer Fragebogenerhebung teil. In der Analyse wurden die Häufigkeit binnendifferenzierender Aufgaben, der Umgang mit Lernzieldifferenzierung sowie die Vielfalt angewandter Unterrichtsformen untersucht. Die Ergebnisse zeigen hoch ausgeprägtes binnendifferenzierendes Handeln in beiden Lehrkräftegruppen und keine signifikanten Unterschiede in den untersuchten Dimensionen zwischen grundständig qualifizierten Lehrkräften und Seiteneinsteiger:innen. Eine multivariate Varianzanalyse (MANOVA) ergab, dass die Berufserfahrung der Lehrkräfte den Umgang mit binnendifferenzierenden Lernzielen signifikant beeinflusst, jedoch nicht die Häufigkeit der Anwendung binnendifferenzierender Aufgaben. Kooperative Teamteaching-Strukturen wirken sich sowohl auf die Häufigkeit binnendifferenzierender Aufgaben als auch auf den Umgang mit binnendifferierenden Lernzielen signifikant positiv aus. Die Ergebnisse verdeutlichen die Gemeinsamkeiten binnendifferenzierender Unterrichtspraktiken verschieden qualifizierter Lehrkräftegruppen und werden vor dem Hintergrund des bestehenden Lehrkräftemangels diskutiert. (DIPF/Orig.)";"Englisch";"This study analyzes differentiated instructional practices of fully qualified teachers and alternatively qualified teachers in special schools focused on intellectual development. Differentiated instruction is essential in this context. Given the increasing integration of alternatively qualified teachers into the school system, examining their teaching practices is crucial due to limited empirical evidence. A comparative analysis of the two groups' differentiated teaching practices appears particularly relevant. As part of the project 'Evaluation of Special Education Schools with the Intervention Focus Intellectual Development in the State of Brandenburg', 179 teachers participated in a survey. The analysis examined the frequency of differentiated tasks, the use of differentiated learning goals, and the variety of teaching methods. Results show high levels of differentiated teaching in both groups with no significant differences in the examined dimensions. A multivariate analysis of variance analysis (MANOVA) revealed that teaching experience significantly affects the use of differentiated learning goals, but not the frequency of differentiated tasks. Team teaching has a positive impact on both the frequency of use of differentiated tasks and the use of differentiated learning goals. The findings highlight commonalities in differentiated instructional practices among groups of teachers with different qualifications and are discussed in the context of the current teacher shortage. (DIPF/Orig.)";"2025";"Aufsatz (Zeitschrift)";"370";"ger";"";"1869-4845; 1869-4934";"Empirische Sonderpädagogik 17 (2025) 1, S. 65-86";"Pädagogische Teildisziplin: Empirische Bildungsforschung; Sonderpädagogik";"18.11.2025";"urn:nbn:de:0111-pedocs-343669";10.25656/01:34366;"Creative Commons Namensnennung - Nicht kommerziell 4.0 International";Peer-Review;"";"https://www.pedocs.de/volltexte/2025/34366/";"https://www.pedocs.de/volltexte/2025/34366/pdf/ESP_2025_1_Seifart_et_al_Binnendifferenzierendes_Handeln.pdf"
